id,type,description,source
EVID_00001,Mobile Phone,Malware traces,Corporate network
EVID_00002,Mobile Phone,Malware traces,Internal audit
EVID_00003,USB Device,Malware traces,Corporate network
EVID_00004,Email Logs,Forged documents,Corporate network
EVID_00005,Account Records,Suspicious email chain,Cloud provider
EVID_00006,Database Dump,Financial records,Office search
EVID_00007,Network Logs,Deleted files recovery,Personal device
EVID_00008,Hard Drive,Unauthorized access logs,Corporate network
EVID_00009,Laptop Image,Financial records,Financial institution
EVID_00010,Server Image,Suspect laptop,IT department
EVID_00011,Server Image,Malware traces,Cloud provider
EVID_00012,Cloud Storage,Financial records,Financial institution
EVID_00013,Hard Drive,Deleted files recovery,Personal device
EVID_00014,Mobile Phone,Forged documents,Corporate network
EVID_00015,Network Logs,External USB,Financial institution
EVID_00016,Hard Drive,Deleted files recovery,Internal audit
EVID_00017,Database Dump,Deleted files recovery,Financial institution
EVID_00018,Network Logs,Encrypted smartphone,Law enforcement
EVID_00019,Hard Drive,Bank transaction logs,Financial institution
EVID_00020,USB Device,Deleted files recovery,Corporate network
EVID_00021,Email Logs,Deleted files recovery,Corporate network
EVID_00022,Email Logs,Bank transaction logs,IT department
EVID_00023,Laptop Image,Financial records,Office search
EVID_00024,Network Logs,Suspicious email chain,Cloud provider
EVID_00025,Account Records,Unauthorized access logs,Corporate network
EVID_00026,Cloud Storage,Suspicious email chain,IT department
EVID_00027,Cloud Storage,Deleted files recovery,Personal device
EVID_00028,Email Logs,Financial records,Corporate network
EVID_00029,Account Records,Encrypted smartphone,IT department
EVID_00030,Hard Drive,External USB,Financial institution
EVID_00031,Cloud Storage,Forged documents,Personal device
EVID_00032,Server Image,Malware traces,Office search
EVID_00033,Account Records,Deleted files recovery,Financial institution
EVID_00034,USB Device,Encrypted smartphone,Internal audit
EVID_00035,USB Device,Encrypted smartphone,Corporate network
EVID_00036,Network Logs,Forged documents,IT department
EVID_00037,Network Logs,Unauthorized access logs,Cloud provider
EVID_00038,Email Logs,Suspect laptop,Internal audit
EVID_00039,Cloud Storage,Deleted files recovery,Internal audit
EVID_00040,Laptop Image,External USB,Internal audit
EVID_00041,Server Image,Suspect laptop,Internal audit
EVID_00042,Mobile Phone,Unauthorized access logs,Internal audit
EVID_00043,Server Image,Financial records,Law enforcement
EVID_00044,USB Device,Forged documents,Law enforcement
EVID_00045,Hard Drive,Unauthorized access logs,Law enforcement
EVID_00046,Cloud Storage,External USB,IT department
EVID_00047,Cloud Storage,Deleted files recovery,Cloud provider
EVID_00048,Cloud Storage,Suspicious email chain,Office search
EVID_00049,USB Device,Financial records,Internal audit
EVID_00050,Database Dump,Financial records,Cloud provider
EVID_00051,Server Image,Suspect laptop,Internal audit
EVID_00052,Laptop Image,Forged documents,Internal audit
EVID_00053,Email Logs,External USB,Corporate network
EVID_00054,Laptop Image,Deleted files recovery,Office search
EVID_00055,Mobile Phone,Forged documents,Financial institution
EVID_00056,Network Logs,Encrypted smartphone,Law enforcement
EVID_00057,Account Records,External USB,Internal audit
EVID_00058,Server Image,Forged documents,Law enforcement
EVID_00059,Account Records,Suspicious email chain,Cloud provider
EVID_00060,Network Logs,Suspect laptop,IT department
EVID_00061,USB Device,Financial records,Personal device
EVID_00062,Mobile Phone,Suspect laptop,IT department
EVID_00063,Email Logs,Suspect laptop,Financial institution
EVID_00064,Account Records,External USB,Internal audit
EVID_00065,Cloud Storage,Malware traces,IT department
EVID_00066,Mobile Phone,Bank transaction logs,Personal device
EVID_00067,Network Logs,Financial records,Cloud provider
EVID_00068,Laptop Image,Suspect laptop,Financial institution
EVID_00069,Account Records,Bank transaction logs,Office search
EVID_00070,Server Image,Encrypted smartphone,Financial institution
EVID_00071,USB Device,Encrypted smartphone,Office search
EVID_00072,Database Dump,Bank transaction logs,Office search
EVID_00073,Cloud Storage,Deleted files recovery,Corporate network
EVID_00074,Server Image,Unauthorized access logs,Personal device
EVID_00075,Email Logs,Forged documents,Corporate network
EVID_00076,Network Logs,Encrypted smartphone,Cloud provider
EVID_00077,Email Logs,Suspect laptop,Financial institution
EVID_00078,Server Image,Forged documents,Office search
EVID_00079,Hard Drive,Bank transaction logs,IT department
EVID_00080,Laptop Image,External USB,Corporate network
EVID_00081,Account Records,Malware traces,Cloud provider
EVID_00082,Database Dump,Bank transaction logs,Financial institution
EVID_00083,Laptop Image,Unauthorized access logs,Cloud provider
EVID_00084,Mobile Phone,Malware traces,IT department
EVID_00085,USB Device,Financial records,IT department
EVID_00086,Account Records,Deleted files recovery,Corporate network
EVID_00087,Server Image,Suspicious email chain,Law enforcement
EVID_00088,Hard Drive,Encrypted smartphone,Corporate network
EVID_00089,USB Device,Encrypted smartphone,Personal device
EVID_00090,Mobile Phone,Forged documents,Office search
EVID_00091,Mobile Phone,Unauthorized access logs,IT department
EVID_00092,Database Dump,Financial records,Personal device
EVID_00093,Database Dump,Bank transaction logs,Corporate network
EVID_00094,Account Records,Deleted files recovery,IT department
EVID_00095,Cloud Storage,External USB,Corporate network
EVID_00096,Mobile Phone,Forged documents,Cloud provider
EVID_00097,Server Image,Bank transaction logs,Financial institution
EVID_00098,Cloud Storage,Financial records,Office search
EVID_00099,Database Dump,Malware traces,IT department
EVID_00100,Server Image,Suspect laptop,IT department
EVID_00101,Cloud Storage,Unauthorized access logs,Personal device
EVID_00102,USB Device,Malware traces,Office search
EVID_00103,Cloud Storage,Malware traces,Internal audit
EVID_00104,Email Logs,External USB,Financial institution
EVID_00105,USB Device,Encrypted smartphone,IT department
EVID_00106,Mobile Phone,Suspicious email chain,Law enforcement
EVID_00107,Email Logs,Financial records,Financial institution
EVID_00108,USB Device,Forged documents,Law enforcement
EVID_00109,Laptop Image,Suspicious email chain,Corporate network
EVID_00110,Database Dump,Encrypted smartphone,IT department
EVID_00111,Database Dump,Forged documents,Office search
EVID_00112,USB Device,Unauthorized access logs,Financial institution
EVID_00113,Account Records,Financial records,Law enforcement
EVID_00114,Hard Drive,Unauthorized access logs,Cloud provider
EVID_00115,Server Image,Unauthorized access logs,Financial institution
EVID_00116,Database Dump,Encrypted smartphone,Personal device
EVID_00117,Hard Drive,Bank transaction logs,Cloud provider
EVID_00118,Account Records,Forged documents,Internal audit
EVID_00119,Email Logs,Suspect laptop,IT department
EVID_00120,Laptop Image,Suspect laptop,Internal audit
EVID_00121,Network Logs,Encrypted smartphone,Cloud provider
EVID_00122,Hard Drive,External USB,Financial institution
EVID_00123,USB Device,Malware traces,Internal audit
EVID_00124,Network Logs,Suspect laptop,Personal device
EVID_00125,Database Dump,Deleted files recovery,IT department
EVID_00126,Hard Drive,Encrypted smartphone,Corporate network
EVID_00127,Database Dump,Suspicious email chain,Corporate network
EVID_00128,USB Device,External USB,Office search
EVID_00129,Hard Drive,Malware traces,Office search
EVID_00130,Network Logs,Suspicious email chain,Personal device
EVID_00131,Laptop Image,External USB,Internal audit
EVID_00132,Server Image,Suspect laptop,Personal device
EVID_00133,Hard Drive,Financial records,Corporate network
EVID_00134,Laptop Image,Bank transaction logs,Corporate network
EVID_00135,Database Dump,Financial records,Personal device
EVID_00136,USB Device,Malware traces,Cloud provider
EVID_00137,Hard Drive,External USB,IT department
EVID_00138,Cloud Storage,Deleted files recovery,Cloud provider
EVID_00139,USB Device,Unauthorized access logs,Internal audit
EVID_00140,USB Device,Forged documents,Office search
EVID_00141,Database Dump,Encrypted smartphone,IT department
EVID_00142,Mobile Phone,Financial records,Cloud provider
EVID_00143,Hard Drive,Financial records,Financial institution
EVID_00144,Laptop Image,Forged documents,Financial institution
EVID_00145,Database Dump,Financial records,Internal audit
EVID_00146,Mobile Phone,External USB,Financial institution
EVID_00147,Cloud Storage,Forged documents,IT department
EVID_00148,Laptop Image,Malware traces,Cloud provider
EVID_00149,Laptop Image,Suspicious email chain,IT department
EVID_00150,Cloud Storage,External USB,Personal device
EVID_00151,Mobile Phone,Forged documents,Financial institution
EVID_00152,Account Records,Encrypted smartphone,Cloud provider
EVID_00153,Cloud Storage,Encrypted smartphone,Law enforcement
EVID_00154,Server Image,Suspicious email chain,Personal device
EVID_00155,Server Image,Bank transaction logs,Internal audit
EVID_00156,Mobile Phone,Suspect laptop,Office search
EVID_00157,Laptop Image,Deleted files recovery,Cloud provider
EVID_00158,Database Dump,Unauthorized access logs,Cloud provider
EVID_00159,Database Dump,Deleted files recovery,Internal audit
EVID_00160,Server Image,Forged documents,Personal device
EVID_00161,Account Records,External USB,IT department
EVID_00162,Server Image,Suspect laptop,Law enforcement
EVID_00163,Laptop Image,Unauthorized access logs,Cloud provider
EVID_00164,Database Dump,Encrypted smartphone,Cloud provider
EVID_00165,Account Records,Suspect laptop,Financial institution
EVID_00166,Server Image,External USB,Law enforcement
EVID_00167,Laptop Image,Bank transaction logs,Corporate network
EVID_00168,Mobile Phone,Suspicious email chain,Internal audit
EVID_00169,Cloud Storage,Malware traces,Law enforcement
EVID_00170,Network Logs,Encrypted smartphone,Personal device
EVID_00171,Database Dump,Malware traces,Office search
EVID_00172,Hard Drive,Suspect laptop,Cloud provider
EVID_00173,Mobile Phone,External USB,Personal device
EVID_00174,Hard Drive,Suspect laptop,IT department
EVID_00175,Cloud Storage,Suspect laptop,Cloud provider
EVID_00176,Email Logs,Deleted files recovery,Corporate network
EVID_00177,USB Device,Malware traces,Office search
EVID_00178,Laptop Image,Suspicious email chain,Law enforcement
EVID_00179,USB Device,Forged documents,Office search
EVID_00180,Network Logs,Deleted files recovery,Financial institution
EVID_00181,Email Logs,Encrypted smartphone,Corporate network
EVID_00182,Server Image,Financial records,Corporate network
EVID_00183,Server Image,Suspect laptop,Financial institution
EVID_00184,Email Logs,External USB,Office search
EVID_00185,Email Logs,Suspicious email chain,Financial institution
EVID_00186,Network Logs,Forged documents,Internal audit
EVID_00187,Mobile Phone,Bank transaction logs,Law enforcement
EVID_00188,Network Logs,Financial records,Internal audit
EVID_00189,Hard Drive,Deleted files recovery,Corporate network
EVID_00190,Mobile Phone,Bank transaction logs,Financial institution
EVID_00191,Account Records,External USB,Financial institution
EVID_00192,Account Records,Malware traces,IT department
EVID_00193,Network Logs,Bank transaction logs,IT department
EVID_00194,Hard Drive,Deleted files recovery,Cloud provider
EVID_00195,Mobile Phone,Suspect laptop,Law enforcement
EVID_00196,Mobile Phone,Forged documents,Corporate network
EVID_00197,Email Logs,External USB,Internal audit
EVID_00198,Mobile Phone,Encrypted smartphone,Personal device
EVID_00199,Cloud Storage,Malware traces,Office search
EVID_00200,Email Logs,External USB,Internal audit
EVID_00201,USB Device,Financial records,Corporate network
EVID_00202,Network Logs,Deleted files recovery,Internal audit
EVID_00203,Mobile Phone,Suspicious email chain,IT department
EVID_00204,USB Device,Deleted files recovery,Personal device
EVID_00205,Network Logs,Encrypted smartphone,Internal audit
EVID_00206,Mobile Phone,Financial records,IT department
EVID_00207,Laptop Image,Encrypted smartphone,Law enforcement
EVID_00208,Laptop Image,Suspect laptop,Internal audit
EVID_00209,Hard Drive,External USB,Personal device
EVID_00210,Hard Drive,Forged documents,Financial institution
EVID_00211,USB Device,Malware traces,Law enforcement
EVID_00212,Network Logs,Encrypted smartphone,Office search
EVID_00213,Laptop Image,Suspect laptop,Personal device
EVID_00214,Server Image,Financial records,Internal audit
EVID_00215,Network Logs,External USB,Financial institution
EVID_00216,Laptop Image,External USB,Office search
EVID_00217,Server Image,Encrypted smartphone,Internal audit
EVID_00218,Cloud Storage,Bank transaction logs,Law enforcement
EVID_00219,Hard Drive,Bank transaction logs,Office search
EVID_00220,Email Logs,Deleted files recovery,Personal device
EVID_00221,Mobile Phone,Financial records,Cloud provider
EVID_00222,Account Records,Unauthorized access logs,Personal device
EVID_00223,Cloud Storage,Deleted files recovery,Financial institution
EVID_00224,Server Image,Malware traces,Personal device
EVID_00225,Network Logs,Bank transaction logs,Cloud provider
EVID_00226,Account Records,Financial records,Office search
EVID_00227,Laptop Image,Forged documents,Internal audit
EVID_00228,USB Device,Bank transaction logs,Personal device
EVID_00229,Email Logs,Malware traces,Internal audit
EVID_00230,USB Device,External USB,Internal audit
EVID_00231,Mobile Phone,Bank transaction logs,Office search
EVID_00232,Database Dump,Malware traces,Law enforcement
EVID_00233,Database Dump,Forged documents,Office search
EVID_00234,Hard Drive,Deleted files recovery,Cloud provider
EVID_00235,Laptop Image,Suspicious email chain,Financial institution
EVID_00236,Database Dump,Bank transaction logs,Office search
EVID_00237,Server Image,Suspect laptop,Office search
EVID_00238,Laptop Image,Unauthorized access logs,Personal device
EVID_00239,Cloud Storage,Malware traces,Office search
EVID_00240,Database Dump,Suspicious email chain,Law enforcement
EVID_00241,Account Records,Bank transaction logs,IT department
EVID_00242,Email Logs,Suspicious email chain,Internal audit
EVID_00243,Network Logs,Financial records,Corporate network
EVID_00244,Email Logs,Forged documents,Law enforcement
EVID_00245,Account Records,Financial records,Law enforcement
EVID_00246,Server Image,Bank transaction logs,Personal device
EVID_00247,Laptop Image,Bank transaction logs,Law enforcement
EVID_00248,Mobile Phone,Suspect laptop,Corporate network
EVID_00249,Cloud Storage,Suspect laptop,Law enforcement
EVID_00250,Email Logs,Bank transaction logs,Corporate network
EVID_00251,Email Logs,Suspicious email chain,Cloud provider
EVID_00252,Cloud Storage,Suspicious email chain,Cloud provider
EVID_00253,Laptop Image,Unauthorized access logs,Internal audit
EVID_00254,USB Device,Encrypted smartphone,Personal device
EVID_00255,Email Logs,Encrypted smartphone,Corporate network
EVID_00256,Cloud Storage,Malware traces,Internal audit
EVID_00257,USB Device,Deleted files recovery,Financial institution
EVID_00258,Hard Drive,Unauthorized access logs,Personal device
EVID_00259,Email Logs,Unauthorized access logs,IT department
EVID_00260,Account Records,Unauthorized access logs,Financial institution
EVID_00261,Database Dump,Unauthorized access logs,Office search
EVID_00262,Database Dump,Suspicious email chain,Cloud provider
EVID_00263,Server Image,Deleted files recovery,Office search
EVID_00264,Database Dump,Financial records,Personal device
EVID_00265,Account Records,Suspect laptop,Cloud provider
EVID_00266,Database Dump,Bank transaction logs,Financial institution
EVID_00267,Account Records,Malware traces,Corporate network
EVID_00268,Cloud Storage,Forged documents,IT department
EVID_00269,Cloud Storage,Malware traces,IT department
EVID_00270,Database Dump,Malware traces,Law enforcement
EVID_00271,Cloud Storage,Encrypted smartphone,Corporate network
EVID_00272,Hard Drive,Bank transaction logs,Cloud provider
EVID_00273,Account Records,Malware traces,Corporate network
EVID_00274,Network Logs,Malware traces,Office search
EVID_00275,Server Image,Bank transaction logs,Law enforcement
EVID_00276,Email Logs,Encrypted smartphone,Personal device
EVID_00277,Server Image,Forged documents,Corporate network
EVID_00278,Network Logs,External USB,Cloud provider
EVID_00279,Account Records,Suspicious email chain,Office search
EVID_00280,Database Dump,Unauthorized access logs,Financial institution
EVID_00281,Cloud Storage,External USB,Law enforcement
EVID_00282,Email Logs,External USB,Internal audit
EVID_00283,Hard Drive,External USB,Office search
EVID_00284,Account Records,Encrypted smartphone,Cloud provider
EVID_00285,Mobile Phone,Suspicious email chain,Law enforcement
EVID_00286,Server Image,External USB,Office search
EVID_00287,Account Records,Deleted files recovery,Financial institution
EVID_00288,Account Records,Suspect laptop,Personal device
EVID_00289,Email Logs,Deleted files recovery,Law enforcement
EVID_00290,Server Image,Encrypted smartphone,Personal device
EVID_00291,Hard Drive,Encrypted smartphone,Law enforcement
EVID_00292,USB Device,Unauthorized access logs,Personal device
EVID_00293,Server Image,Suspect laptop,Cloud provider
EVID_00294,Laptop Image,Unauthorized access logs,Corporate network
EVID_00295,Email Logs,External USB,Cloud provider
EVID_00296,USB Device,Unauthorized access logs,Law enforcement
EVID_00297,Hard Drive,Financial records,Corporate network
EVID_00298,USB Device,Financial records,Cloud provider
EVID_00299,Database Dump,Bank transaction logs,Cloud provider
EVID_00300,Database Dump,Financial records,IT department
EVID_00301,Account Records,Unauthorized access logs,Corporate network
EVID_00302,Database Dump,External USB,Cloud provider
EVID_00303,Network Logs,Malware traces,Financial institution
EVID_00304,Email Logs,Malware traces,IT department
EVID_00305,Account Records,Suspicious email chain,Law enforcement
EVID_00306,Network Logs,Bank transaction logs,Internal audit
EVID_00307,Cloud Storage,Suspect laptop,Personal device
EVID_00308,Server Image,Unauthorized access logs,Office search
EVID_00309,Mobile Phone,Suspect laptop,Personal device
EVID_00310,Network Logs,Malware traces,IT department
EVID_00311,Email Logs,Unauthorized access logs,Internal audit
EVID_00312,Cloud Storage,Suspicious email chain,IT department
EVID_00313,Laptop Image,Deleted files recovery,Law enforcement
EVID_00314,Database Dump,External USB,Internal audit
EVID_00315,Database Dump,External USB,Internal audit
EVID_00316,Cloud Storage,Malware traces,Financial institution
EVID_00317,Network Logs,Bank transaction logs,Cloud provider
EVID_00318,Cloud Storage,Suspicious email chain,IT department
EVID_00319,Database Dump,Malware traces,IT department
EVID_00320,Hard Drive,Deleted files recovery,Internal audit
EVID_00321,Laptop Image,Bank transaction logs,Cloud provider
EVID_00322,Server Image,External USB,Office search
EVID_00323,Network Logs,Forged documents,Cloud provider
EVID_00324,USB Device,Financial records,Corporate network
EVID_00325,Cloud Storage,Unauthorized access logs,IT department
EVID_00326,USB Device,Bank transaction logs,Cloud provider
EVID_00327,Hard Drive,Encrypted smartphone,Law enforcement
EVID_00328,Database Dump,Suspect laptop,Cloud provider
EVID_00329,Database Dump,Unauthorized access logs,Personal device
EVID_00330,Cloud Storage,Unauthorized access logs,Corporate network
EVID_00331,Network Logs,Encrypted smartphone,Office search
EVID_00332,USB Device,Suspect laptop,Personal device
EVID_00333,Email Logs,Forged documents,IT department
EVID_00334,Network Logs,Financial records,Law enforcement
EVID_00335,Account Records,Malware traces,Cloud provider
EVID_00336,Network Logs,Encrypted smartphone,Office search
EVID_00337,Mobile Phone,Bank transaction logs,Internal audit
EVID_00338,Server Image,External USB,Corporate network
EVID_00339,Cloud Storage,Unauthorized access logs,Cloud provider
EVID_00340,Hard Drive,Forged documents,Personal device
EVID_00341,Email Logs,Encrypted smartphone,Corporate network
EVID_00342,Mobile Phone,External USB,Corporate network
EVID_00343,USB Device,Suspect laptop,Personal device
EVID_00344,Email Logs,Malware traces,Office search
EVID_00345,Account Records,Unauthorized access logs,Financial institution
EVID_00346,Laptop Image,Suspect laptop,Internal audit
EVID_00347,USB Device,Bank transaction logs,Internal audit
EVID_00348,Account Records,Bank transaction logs,IT department
EVID_00349,Database Dump,Unauthorized access logs,Internal audit
EVID_00350,Hard Drive,Financial records,IT department
EVID_00351,Account Records,Deleted files recovery,Personal device
EVID_00352,Network Logs,External USB,Law enforcement
EVID_00353,Hard Drive,Bank transaction logs,Corporate network
EVID_00354,Cloud Storage,External USB,Internal audit
EVID_00355,Email Logs,Malware traces,Cloud provider
EVID_00356,Email Logs,Deleted files recovery,Financial institution
EVID_00357,USB Device,Unauthorized access logs,Corporate network
EVID_00358,Network Logs,Encrypted smartphone,IT department
EVID_00359,USB Device,Financial records,Personal device
EVID_00360,Hard Drive,Encrypted smartphone,Personal device
EVID_00361,Hard Drive,Suspect laptop,Cloud provider
EVID_00362,Email Logs,Suspicious email chain,Internal audit
EVID_00363,Cloud Storage,External USB,IT department
EVID_00364,Email Logs,Financial records,Internal audit
EVID_00365,Laptop Image,Financial records,Cloud provider
EVID_00366,Laptop Image,Suspect laptop,Office search
EVID_00367,Cloud Storage,Unauthorized access logs,IT department
EVID_00368,USB Device,Bank transaction logs,Internal audit
EVID_00369,Email Logs,Suspicious email chain,Office search
EVID_00370,Mobile Phone,Encrypted smartphone,Corporate network
EVID_00371,Database Dump,Malware traces,Financial institution
EVID_00372,Database Dump,Suspect laptop,Law enforcement
EVID_00373,Mobile Phone,Deleted files recovery,Office search
EVID_00374,USB Device,Unauthorized access logs,Office search
EVID_00375,Mobile Phone,External USB,Cloud provider
EVID_00376,Laptop Image,Malware traces,IT department
EVID_00377,Laptop Image,Suspect laptop,Financial institution
EVID_00378,Account Records,Malware traces,Office search
EVID_00379,Email Logs,Deleted files recovery,Internal audit
EVID_00380,Mobile Phone,Unauthorized access logs,Cloud provider
EVID_00381,Account Records,Bank transaction logs,Cloud provider
EVID_00382,Email Logs,Deleted files recovery,Internal audit
EVID_00383,Server Image,Forged documents,Corporate network
EVID_00384,Account Records,External USB,Cloud provider
EVID_00385,Server Image,Forged documents,Financial institution
EVID_00386,Cloud Storage,Suspect laptop,Office search
EVID_00387,Mobile Phone,Financial records,Corporate network
EVID_00388,Cloud Storage,Suspicious email chain,Personal device
EVID_00389,Network Logs,Malware traces,IT department
EVID_00390,USB Device,External USB,Internal audit
EVID_00391,Server Image,External USB,Financial institution
EVID_00392,USB Device,External USB,Personal device
EVID_00393,Database Dump,Suspicious email chain,Internal audit
EVID_00394,Account Records,Unauthorized access logs,Cloud provider
EVID_00395,Laptop Image,Suspect laptop,Corporate network
EVID_00396,Email Logs,Malware traces,Cloud provider
EVID_00397,Hard Drive,Encrypted smartphone,Internal audit
EVID_00398,Network Logs,Forged documents,Cloud provider
EVID_00399,Email Logs,Malware traces,Internal audit
EVID_00400,Account Records,Forged documents,Law enforcement
EVID_00401,Mobile Phone,Bank transaction logs,Internal audit
EVID_00402,Laptop Image,Bank transaction logs,Internal audit
EVID_00403,Hard Drive,Forged documents,Internal audit
EVID_00404,Hard Drive,Suspicious email chain,Personal device
EVID_00405,Network Logs,Suspicious email chain,Law enforcement
EVID_00406,Server Image,External USB,Office search
EVID_00407,Laptop Image,Encrypted smartphone,Office search
EVID_00408,Cloud Storage,Bank transaction logs,Corporate network
EVID_00409,Server Image,Suspicious email chain,Internal audit
EVID_00410,Cloud Storage,External USB,Office search
EVID_00411,Account Records,Suspect laptop,Personal device
EVID_00412,Account Records,Financial records,Corporate network
EVID_00413,Laptop Image,Unauthorized access logs,Personal device
EVID_00414,Cloud Storage,External USB,Corporate network
EVID_00415,Cloud Storage,Financial records,IT department
EVID_00416,Laptop Image,Bank transaction logs,Law enforcement
EVID_00417,Network Logs,Encrypted smartphone,Financial institution
EVID_00418,Network Logs,External USB,Personal device
EVID_00419,Hard Drive,External USB,Internal audit
EVID_00420,Cloud Storage,Unauthorized access logs,Law enforcement
EVID_00421,Email Logs,Encrypted smartphone,Corporate network
EVID_00422,Network Logs,Financial records,Internal audit
EVID_00423,Laptop Image,Bank transaction logs,Personal device
EVID_00424,Laptop Image,Deleted files recovery,Cloud provider
EVID_00425,Email Logs,Forged documents,Corporate network
EVID_00426,Hard Drive,External USB,Internal audit
EVID_00427,Server Image,Bank transaction logs,Law enforcement
EVID_00428,Mobile Phone,Suspicious email chain,Corporate network
EVID_00429,USB Device,Suspect laptop,IT department
EVID_00430,Cloud Storage,External USB,Law enforcement
EVID_00431,USB Device,External USB,Law enforcement
EVID_00432,Network Logs,Malware traces,Personal device
EVID_00433,Mobile Phone,Financial records,Financial institution
EVID_00434,Network Logs,Forged documents,Office search
EVID_00435,Email Logs,Suspect laptop,Personal device
EVID_00436,USB Device,Encrypted smartphone,Cloud provider
EVID_00437,Hard Drive,Suspicious email chain,Cloud provider
EVID_00438,Server Image,Unauthorized access logs,Law enforcement
EVID_00439,Account Records,Encrypted smartphone,Personal device
EVID_00440,Mobile Phone,Malware traces,Law enforcement
EVID_00441,Account Records,Bank transaction logs,Cloud provider
EVID_00442,Network Logs,Deleted files recovery,Corporate network
EVID_00443,Email Logs,Suspect laptop,Financial institution
EVID_00444,Server Image,Encrypted smartphone,Financial institution
EVID_00445,Laptop Image,Suspicious email chain,Law enforcement
EVID_00446,Laptop Image,Suspicious email chain,Financial institution
EVID_00447,Cloud Storage,Suspect laptop,Corporate network
EVID_00448,Server Image,Malware traces,IT department
EVID_00449,Laptop Image,Suspicious email chain,Office search
EVID_00450,Network Logs,Bank transaction logs,IT department
EVID_00451,Mobile Phone,Unauthorized access logs,Personal device
EVID_00452,Account Records,Malware traces,Personal device
EVID_00453,Hard Drive,Suspicious email chain,Office search
EVID_00454,Email Logs,Malware traces,IT department
EVID_00455,Account Records,Forged documents,Personal device
EVID_00456,Email Logs,Unauthorized access logs,Office search
EVID_00457,Account Records,Unauthorized access logs,Personal device
EVID_00458,Account Records,Financial records,Financial institution
EVID_00459,Account Records,Suspicious email chain,Office search
EVID_00460,Laptop Image,Financial records,Personal device
EVID_00461,Account Records,Financial records,Cloud provider
EVID_00462,Network Logs,Financial records,Personal device
EVID_00463,Network Logs,Suspicious email chain,Personal device
EVID_00464,Cloud Storage,Deleted files recovery,Cloud provider
EVID_00465,Server Image,Malware traces,Personal device
EVID_00466,Network Logs,Bank transaction logs,Office search
EVID_00467,Account Records,Encrypted smartphone,Cloud provider
EVID_00468,Email Logs,Deleted files recovery,Office search
EVID_00469,Laptop Image,Forged documents,Personal device
EVID_00470,Email Logs,Suspect laptop,Law enforcement
EVID_00471,Cloud Storage,Deleted files recovery,Cloud provider
EVID_00472,Email Logs,Suspicious email chain,Corporate network
EVID_00473,USB Device,Encrypted smartphone,Personal device
EVID_00474,Account Records,Forged documents,Corporate network
EVID_00475,Laptop Image,Encrypted smartphone,Corporate network
EVID_00476,Account Records,Unauthorized access logs,Internal audit
EVID_00477,Hard Drive,Suspicious email chain,Cloud provider
EVID_00478,Network Logs,Bank transaction logs,IT department
EVID_00479,Mobile Phone,Encrypted smartphone,IT department
EVID_00480,Email Logs,Suspicious email chain,Office search
EVID_00481,Laptop Image,Unauthorized access logs,Law enforcement
EVID_00482,Hard Drive,Malware traces,Financial institution
EVID_00483,Network Logs,Suspicious email chain,Personal device
EVID_00484,Laptop Image,Malware traces,Personal device
EVID_00485,USB Device,Deleted files recovery,Internal audit
EVID_00486,Mobile Phone,Forged documents,Internal audit
EVID_00487,Database Dump,Suspicious email chain,Law enforcement
EVID_00488,Server Image,Unauthorized access logs,Personal device
EVID_00489,Account Records,Suspect laptop,Cloud provider
EVID_00490,Laptop Image,Deleted files recovery,Financial institution
EVID_00491,Mobile Phone,Encrypted smartphone,Corporate network
EVID_00492,USB Device,External USB,IT department
EVID_00493,USB Device,Bank transaction logs,Internal audit
EVID_00494,Laptop Image,Malware traces,Internal audit
EVID_00495,Database Dump,Encrypted smartphone,Financial institution
EVID_00496,Hard Drive,Suspicious email chain,Personal device
EVID_00497,Laptop Image,Suspicious email chain,Law enforcement
EVID_00498,Laptop Image,External USB,IT department
EVID_00499,Hard Drive,Suspect laptop,IT department
EVID_00500,Database Dump,Suspect laptop,Financial institution
EVID_00501,Database Dump,External USB,Internal audit
EVID_00502,Laptop Image,Encrypted smartphone,IT department
EVID_00503,Network Logs,Suspicious email chain,Law enforcement
EVID_00504,Email Logs,External USB,Financial institution
EVID_00505,Mobile Phone,Forged documents,Personal device
EVID_00506,Server Image,Suspect laptop,Personal device
EVID_00507,Mobile Phone,Financial records,Law enforcement
EVID_00508,Network Logs,Forged documents,Financial institution
EVID_00509,Laptop Image,Unauthorized access logs,Law enforcement
EVID_00510,Email Logs,Suspect laptop,Corporate network
EVID_00511,Server Image,Suspect laptop,Office search
EVID_00512,Mobile Phone,Financial records,Office search
EVID_00513,Laptop Image,Deleted files recovery,Law enforcement
EVID_00514,Hard Drive,External USB,Office search
EVID_00515,Account Records,Bank transaction logs,Cloud provider
EVID_00516,USB Device,Forged documents,Financial institution
EVID_00517,Account Records,Unauthorized access logs,Office search
EVID_00518,Network Logs,Financial records,Personal device
EVID_00519,Cloud Storage,External USB,Personal device
EVID_00520,Mobile Phone,Suspicious email chain,Financial institution
EVID_00521,Cloud Storage,Deleted files recovery,Cloud provider
EVID_00522,Network Logs,Forged documents,IT department
EVID_00523,Account Records,Bank transaction logs,Personal device
EVID_00524,USB Device,Suspicious email chain,Personal device
EVID_00525,USB Device,Unauthorized access logs,Corporate network
EVID_00526,Hard Drive,Encrypted smartphone,Internal audit
EVID_00527,Database Dump,Unauthorized access logs,Personal device
EVID_00528,Account Records,Bank transaction logs,Personal device
EVID_00529,Database Dump,Malware traces,Office search
EVID_00530,Database Dump,Malware traces,Law enforcement
EVID_00531,Laptop Image,Unauthorized access logs,Internal audit
EVID_00532,Laptop Image,Encrypted smartphone,Office search
EVID_00533,Mobile Phone,Suspect laptop,IT department
EVID_00534,Laptop Image,Deleted files recovery,IT department
EVID_00535,Server Image,External USB,Personal device
EVID_00536,Cloud Storage,Deleted files recovery,Office search
EVID_00537,Server Image,Unauthorized access logs,Law enforcement
EVID_00538,Laptop Image,Bank transaction logs,IT department
EVID_00539,Account Records,Financial records,Internal audit
EVID_00540,Hard Drive,External USB,Cloud provider
EVID_00541,Server Image,Deleted files recovery,Office search
EVID_00542,Cloud Storage,Encrypted smartphone,Financial institution
EVID_00543,Hard Drive,Bank transaction logs,Law enforcement
EVID_00544,Email Logs,Suspect laptop,Office search
EVID_00545,Laptop Image,Encrypted smartphone,Financial institution
EVID_00546,Network Logs,Unauthorized access logs,Law enforcement
EVID_00547,Email Logs,Suspect laptop,Personal device
EVID_00548,USB Device,External USB,IT department
EVID_00549,Network Logs,Deleted files recovery,IT department
EVID_00550,Hard Drive,Deleted files recovery,Financial institution
EVID_00551,Database Dump,Suspicious email chain,Cloud provider
EVID_00552,Database Dump,Financial records,Office search
EVID_00553,Cloud Storage,Malware traces,Office search
EVID_00554,Network Logs,Encrypted smartphone,Corporate network
EVID_00555,Laptop Image,Suspicious email chain,Financial institution
EVID_00556,Cloud Storage,Forged documents,Financial institution
EVID_00557,Mobile Phone,Encrypted smartphone,IT department
EVID_00558,Network Logs,Suspicious email chain,Financial institution
EVID_00559,Hard Drive,Unauthorized access logs,Internal audit
EVID_00560,Cloud Storage,Bank transaction logs,Office search
EVID_00561,Database Dump,Suspicious email chain,Internal audit
EVID_00562,Cloud Storage,Unauthorized access logs,Corporate network
EVID_00563,Account Records,Suspicious email chain,IT department
EVID_00564,Hard Drive,Suspect laptop,Personal device
EVID_00565,USB Device,Unauthorized access logs,Corporate network
EVID_00566,Database Dump,Suspect laptop,Personal device
EVID_00567,Account Records,Suspect laptop,Corporate network
EVID_00568,USB Device,Financial records,Financial institution
EVID_00569,Hard Drive,External USB,IT department
EVID_00570,Network Logs,Bank transaction logs,Financial institution
EVID_00571,Account Records,Forged documents,IT department
EVID_00572,Network Logs,Bank transaction logs,Law enforcement
EVID_00573,Email Logs,Financial records,Internal audit
EVID_00574,Mobile Phone,Forged documents,Law enforcement
EVID_00575,Hard Drive,Suspect laptop,Office search
EVID_00576,Cloud Storage,Financial records,Internal audit
EVID_00577,USB Device,Financial records,Personal device
EVID_00578,Account Records,Unauthorized access logs,IT department
EVID_00579,Mobile Phone,Suspect laptop,Financial institution
EVID_00580,Mobile Phone,Malware traces,Corporate network
EVID_00581,Network Logs,External USB,Corporate network
EVID_00582,USB Device,External USB,Law enforcement
EVID_00583,Cloud Storage,Suspect laptop,Cloud provider
EVID_00584,Laptop Image,External USB,Law enforcement
EVID_00585,Email Logs,Unauthorized access logs,Personal device
EVID_00586,Network Logs,Malware traces,Personal device
EVID_00587,Laptop Image,Suspect laptop,Internal audit
EVID_00588,Database Dump,Suspicious email chain,Law enforcement
EVID_00589,Mobile Phone,Suspicious email chain,Corporate network
EVID_00590,Cloud Storage,Encrypted smartphone,Corporate network
EVID_00591,Cloud Storage,Malware traces,Law enforcement
EVID_00592,Database Dump,Malware traces,Law enforcement
EVID_00593,Email Logs,Financial records,Cloud provider
EVID_00594,Mobile Phone,External USB,Corporate network
EVID_00595,Hard Drive,Bank transaction logs,Office search
EVID_00596,USB Device,Encrypted smartphone,Personal device
EVID_00597,Laptop Image,Financial records,Financial institution
EVID_00598,Network Logs,Bank transaction logs,Corporate network
EVID_00599,Laptop Image,Forged documents,Law enforcement
EVID_00600,Database Dump,Suspect laptop,Cloud provider
EVID_00601,Hard Drive,Malware traces,Internal audit
EVID_00602,Account Records,Forged documents,Financial institution
EVID_00603,Server Image,External USB,IT department
EVID_00604,Mobile Phone,Deleted files recovery,Financial institution
EVID_00605,Network Logs,Malware traces,Cloud provider
EVID_00606,Server Image,Bank transaction logs,Corporate network
EVID_00607,USB Device,Deleted files recovery,Financial institution
EVID_00608,Account Records,Bank transaction logs,Financial institution
EVID_00609,Account Records,Deleted files recovery,IT department
EVID_00610,Database Dump,Encrypted smartphone,Internal audit
EVID_00611,Server Image,Encrypted smartphone,Internal audit
EVID_00612,Network Logs,Deleted files recovery,Personal device
EVID_00613,Mobile Phone,Bank transaction logs,Financial institution
EVID_00614,Hard Drive,Financial records,Internal audit
EVID_00615,Database Dump,Forged documents,Financial institution
EVID_00616,Account Records,Suspicious email chain,Law enforcement
EVID_00617,Email Logs,Encrypted smartphone,Office search
EVID_00618,Hard Drive,Malware traces,Law enforcement
EVID_00619,Account Records,Malware traces,Internal audit
EVID_00620,Email Logs,Financial records,Personal device
EVID_00621,USB Device,Encrypted smartphone,Office search
EVID_00622,Cloud Storage,Suspect laptop,IT department
EVID_00623,Server Image,Encrypted smartphone,Office search
EVID_00624,Mobile Phone,Financial records,Law enforcement
EVID_00625,Network Logs,Suspect laptop,Internal audit
EVID_00626,Database Dump,Encrypted smartphone,Cloud provider
EVID_00627,Network Logs,Financial records,Personal device
EVID_00628,Hard Drive,External USB,Office search
EVID_00629,Laptop Image,Deleted files recovery,Internal audit
EVID_00630,USB Device,Suspect laptop,IT department
EVID_00631,Database Dump,Unauthorized access logs,Internal audit
EVID_00632,Hard Drive,External USB,Law enforcement
EVID_00633,Laptop Image,Suspicious email chain,Office search
EVID_00634,Hard Drive,Deleted files recovery,Office search
EVID_00635,Server Image,Encrypted smartphone,Financial institution
EVID_00636,Account Records,Suspect laptop,Internal audit
EVID_00637,Database Dump,Financial records,Financial institution
EVID_00638,Database Dump,Suspicious email chain,Cloud provider
EVID_00639,USB Device,Deleted files recovery,Corporate network
EVID_00640,Mobile Phone,Deleted files recovery,Corporate network
EVID_00641,Email Logs,Suspicious email chain,Personal device
EVID_00642,Cloud Storage,Malware traces,Corporate network
EVID_00643,USB Device,Suspicious email chain,IT department
EVID_00644,Database Dump,Bank transaction logs,Personal device
EVID_00645,Cloud Storage,Encrypted smartphone,Cloud provider
EVID_00646,USB Device,Unauthorized access logs,IT department
EVID_00647,Cloud Storage,Suspect laptop,IT department
EVID_00648,Laptop Image,Suspect laptop,Internal audit
EVID_00649,USB Device,Suspect laptop,Financial institution
EVID_00650,Hard Drive,Encrypted smartphone,Cloud provider
EVID_00651,Server Image,Unauthorized access logs,Personal device
EVID_00652,Network Logs,Forged documents,Internal audit
EVID_00653,USB Device,Malware traces,Law enforcement
EVID_00654,Cloud Storage,Forged documents,Personal device
EVID_00655,Email Logs,Bank transaction logs,Law enforcement
EVID_00656,Account Records,Suspect laptop,Financial institution
EVID_00657,Mobile Phone,Deleted files recovery,Law enforcement
EVID_00658,Hard Drive,Malware traces,Financial institution
EVID_00659,Server Image,Financial records,Internal audit
EVID_00660,Server Image,Deleted files recovery,Cloud provider
EVID_00661,Network Logs,External USB,IT department
EVID_00662,USB Device,Malware traces,Financial institution
EVID_00663,Laptop Image,Financial records,Financial institution
EVID_00664,Account Records,Malware traces,Law enforcement
EVID_00665,USB Device,Bank transaction logs,Corporate network
EVID_00666,Database Dump,Forged documents,Internal audit
EVID_00667,Email Logs,Financial records,Office search
EVID_00668,Hard Drive,Malware traces,Law enforcement
EVID_00669,Laptop Image,Forged documents,Law enforcement
EVID_00670,Network Logs,Encrypted smartphone,Law enforcement
EVID_00671,USB Device,External USB,Law enforcement
EVID_00672,Email Logs,Malware traces,Corporate network
EVID_00673,Hard Drive,External USB,IT department
EVID_00674,Email Logs,Bank transaction logs,Personal device
EVID_00675,Email Logs,Bank transaction logs,IT department
EVID_00676,Laptop Image,Malware traces,Cloud provider
EVID_00677,Network Logs,Malware traces,IT department
EVID_00678,Hard Drive,Forged documents,Financial institution
EVID_00679,USB Device,Suspicious email chain,Financial institution
EVID_00680,Email Logs,Deleted files recovery,Corporate network
EVID_00681,Email Logs,Bank transaction logs,IT department
EVID_00682,USB Device,Financial records,Financial institution
EVID_00683,Server Image,Encrypted smartphone,Corporate network
EVID_00684,Account Records,Financial records,Cloud provider
EVID_00685,Server Image,Financial records,IT department
EVID_00686,Cloud Storage,Unauthorized access logs,Internal audit
EVID_00687,Server Image,Unauthorized access logs,Financial institution
EVID_00688,Mobile Phone,Financial records,Office search
EVID_00689,USB Device,Unauthorized access logs,Internal audit
EVID_00690,Mobile Phone,Deleted files recovery,Cloud provider
EVID_00691,USB Device,Suspicious email chain,Office search
EVID_00692,Mobile Phone,Deleted files recovery,IT department
EVID_00693,Cloud Storage,External USB,Personal device
EVID_00694,Database Dump,Bank transaction logs,Law enforcement
EVID_00695,Cloud Storage,Suspect laptop,Corporate network
EVID_00696,Laptop Image,Suspicious email chain,Internal audit
EVID_00697,Email Logs,External USB,Personal device
EVID_00698,Mobile Phone,Suspect laptop,Financial institution
EVID_00699,Cloud Storage,Malware traces,Corporate network
EVID_00700,Network Logs,Forged documents,Law enforcement
EVID_00701,Cloud Storage,Malware traces,IT department
EVID_00702,Email Logs,Suspicious email chain,Financial institution
EVID_00703,Mobile Phone,External USB,Office search
EVID_00704,Mobile Phone,Suspect laptop,Personal device
EVID_00705,Account Records,Forged documents,Financial institution
EVID_00706,Server Image,Unauthorized access logs,Financial institution
EVID_00707,Email Logs,External USB,Financial institution
EVID_00708,Server Image,Encrypted smartphone,Cloud provider
EVID_00709,Email Logs,Forged documents,Cloud provider
EVID_00710,Network Logs,External USB,Law enforcement
EVID_00711,Cloud Storage,Forged documents,Internal audit
EVID_00712,Cloud Storage,Suspect laptop,Office search
EVID_00713,Hard Drive,Deleted files recovery,Office search
EVID_00714,Server Image,Suspicious email chain,Corporate network
EVID_00715,Laptop Image,Forged documents,Cloud provider
EVID_00716,Cloud Storage,Suspect laptop,Financial institution
EVID_00717,Hard Drive,External USB,Personal device
EVID_00718,Mobile Phone,Suspect laptop,Personal device
EVID_00719,Network Logs,Suspicious email chain,Corporate network
EVID_00720,Hard Drive,Encrypted smartphone,Corporate network
EVID_00721,Hard Drive,Unauthorized access logs,Internal audit
EVID_00722,Account Records,Forged documents,Financial institution
EVID_00723,Network Logs,Deleted files recovery,Cloud provider
EVID_00724,Laptop Image,Forged documents,Law enforcement
EVID_00725,Server Image,Forged documents,Personal device
EVID_00726,Email Logs,Unauthorized access logs,Corporate network
EVID_00727,Email Logs,Unauthorized access logs,Personal device
EVID_00728,Network Logs,Suspect laptop,Office search
EVID_00729,Email Logs,Suspicious email chain,Financial institution
EVID_00730,Network Logs,Encrypted smartphone,Law enforcement
EVID_00731,Server Image,External USB,Financial institution
EVID_00732,Hard Drive,Unauthorized access logs,IT department
EVID_00733,Email Logs,Deleted files recovery,Internal audit
EVID_00734,Laptop Image,Suspicious email chain,Office search
EVID_00735,Network Logs,Bank transaction logs,Corporate network
EVID_00736,Cloud Storage,Encrypted smartphone,Law enforcement
EVID_00737,Database Dump,Unauthorized access logs,Law enforcement
EVID_00738,USB Device,Suspect laptop,Law enforcement
EVID_00739,Hard Drive,Suspect laptop,Corporate network
EVID_00740,Hard Drive,Unauthorized access logs,Financial institution
EVID_00741,Mobile Phone,Financial records,Personal device
EVID_00742,Laptop Image,External USB,Personal device
EVID_00743,Cloud Storage,Deleted files recovery,Personal device
EVID_00744,Server Image,Deleted files recovery,Financial institution
EVID_00745,USB Device,Unauthorized access logs,IT department
EVID_00746,Server Image,Deleted files recovery,Corporate network
EVID_00747,Account Records,Bank transaction logs,Internal audit
EVID_00748,Account Records,Unauthorized access logs,Personal device
EVID_00749,Mobile Phone,Deleted files recovery,IT department
EVID_00750,Database Dump,Financial records,Cloud provider
EVID_00751,USB Device,Financial records,Law enforcement
EVID_00752,Laptop Image,Unauthorized access logs,Cloud provider
EVID_00753,USB Device,Bank transaction logs,Personal device
EVID_00754,Email Logs,Financial records,Corporate network
EVID_00755,Laptop Image,Deleted files recovery,Corporate network
EVID_00756,Mobile Phone,Unauthorized access logs,Financial institution
EVID_00757,USB Device,Suspicious email chain,Internal audit
EVID_00758,Network Logs,Bank transaction logs,IT department
EVID_00759,Laptop Image,Deleted files recovery,Cloud provider
EVID_00760,Laptop Image,Suspect laptop,Office search
EVID_00761,Cloud Storage,Bank transaction logs,Cloud provider
EVID_00762,Network Logs,Suspicious email chain,Corporate network
EVID_00763,Account Records,Encrypted smartphone,Corporate network
EVID_00764,Cloud Storage,Financial records,Corporate network
EVID_00765,Hard Drive,Unauthorized access logs,Corporate network
EVID_00766,Mobile Phone,Encrypted smartphone,Office search
EVID_00767,Mobile Phone,Malware traces,Internal audit
EVID_00768,Database Dump,Forged documents,Internal audit
EVID_00769,USB Device,Malware traces,Law enforcement
EVID_00770,Network Logs,Unauthorized access logs,Cloud provider
EVID_00771,Network Logs,External USB,IT department
EVID_00772,Network Logs,Malware traces,Cloud provider
EVID_00773,Laptop Image,Suspicious email chain,Law enforcement
EVID_00774,Mobile Phone,Suspicious email chain,Personal device
EVID_00775,Email Logs,Unauthorized access logs,Internal audit
EVID_00776,USB Device,Suspicious email chain,Office search
EVID_00777,Mobile Phone,Financial records,IT department
EVID_00778,Network Logs,Deleted files recovery,Law enforcement
EVID_00779,Database Dump,Unauthorized access logs,Office search
EVID_00780,Account Records,Deleted files recovery,IT department
EVID_00781,Mobile Phone,Malware traces,IT department
EVID_00782,Database Dump,Financial records,Office search
EVID_00783,Mobile Phone,Deleted files recovery,Cloud provider
EVID_00784,USB Device,Financial records,Corporate network
EVID_00785,Account Records,Deleted files recovery,Financial institution
EVID_00786,Email Logs,Suspect laptop,Financial institution
EVID_00787,Cloud Storage,Unauthorized access logs,Financial institution
EVID_00788,Account Records,Forged documents,IT department
EVID_00789,Network Logs,Forged documents,Personal device
EVID_00790,Database Dump,Bank transaction logs,Financial institution
EVID_00791,Cloud Storage,Malware traces,Law enforcement
EVID_00792,Mobile Phone,Financial records,Personal device
EVID_00793,Account Records,Financial records,Office search
EVID_00794,Account Records,Suspicious email chain,Corporate network
EVID_00795,Cloud Storage,Malware traces,Internal audit
EVID_00796,Network Logs,Deleted files recovery,Cloud provider
EVID_00797,Account Records,Unauthorized access logs,Personal device
EVID_00798,Account Records,Deleted files recovery,Financial institution
EVID_00799,Cloud Storage,Financial records,Internal audit
EVID_00800,Laptop Image,Deleted files recovery,IT department
EVID_00801,Network Logs,Unauthorized access logs,Law enforcement
EVID_00802,Server Image,Forged documents,Law enforcement
EVID_00803,Mobile Phone,Malware traces,Financial institution
EVID_00804,Laptop Image,Unauthorized access logs,Office search
EVID_00805,Cloud Storage,Encrypted smartphone,Office search
EVID_00806,Cloud Storage,Malware traces,Office search
EVID_00807,Network Logs,Encrypted smartphone,Personal device
EVID_00808,Hard Drive,Malware traces,Financial institution
EVID_00809,Laptop Image,Suspect laptop,Office search
EVID_00810,Network Logs,Suspect laptop,Cloud provider
EVID_00811,Server Image,External USB,Corporate network
EVID_00812,Hard Drive,External USB,IT department
EVID_00813,Mobile Phone,Forged documents,Personal device
EVID_00814,Hard Drive,Malware traces,Financial institution
EVID_00815,Laptop Image,Forged documents,Internal audit
EVID_00816,Network Logs,Financial records,IT department
EVID_00817,USB Device,Bank transaction logs,Personal device
EVID_00818,Cloud Storage,Suspect laptop,Law enforcement
EVID_00819,USB Device,Unauthorized access logs,Office search
EVID_00820,Database Dump,Suspicious email chain,IT department
EVID_00821,Server Image,Suspect laptop,Personal device
EVID_00822,USB Device,Forged documents,Law enforcement
EVID_00823,Mobile Phone,External USB,IT department
EVID_00824,Cloud Storage,Suspicious email chain,Personal device
EVID_00825,Mobile Phone,Bank transaction logs,Internal audit
EVID_00826,Database Dump,Bank transaction logs,Personal device
EVID_00827,Account Records,Encrypted smartphone,Financial institution
EVID_00828,Network Logs,Deleted files recovery,Cloud provider
EVID_00829,Database Dump,External USB,IT department
EVID_00830,Database Dump,Suspect laptop,Internal audit
EVID_00831,Mobile Phone,Suspect laptop,Financial institution
EVID_00832,Mobile Phone,Bank transaction logs,Financial institution
EVID_00833,Cloud Storage,Forged documents,Office search
EVID_00834,USB Device,Suspect laptop,Cloud provider
EVID_00835,USB Device,Encrypted smartphone,Law enforcement
EVID_00836,Server Image,Deleted files recovery,Corporate network
EVID_00837,Cloud Storage,Suspect laptop,Corporate network
EVID_00838,Database Dump,External USB,Office search
EVID_00839,Database Dump,Financial records,Law enforcement
EVID_00840,Laptop Image,Bank transaction logs,Personal device
EVID_00841,Database Dump,Forged documents,Cloud provider
EVID_00842,Email Logs,Unauthorized access logs,Internal audit
EVID_00843,Database Dump,Malware traces,Financial institution
EVID_00844,Server Image,Bank transaction logs,Personal device
EVID_00845,Laptop Image,Suspect laptop,Personal device
EVID_00846,Hard Drive,Unauthorized access logs,Cloud provider
EVID_00847,Email Logs,Suspicious email chain,IT department
EVID_00848,Account Records,Malware traces,IT department
EVID_00849,Laptop Image,External USB,Corporate network
EVID_00850,USB Device,Unauthorized access logs,Financial institution
EVID_00851,Laptop Image,Deleted files recovery,Personal device
EVID_00852,USB Device,Deleted files recovery,Internal audit
EVID_00853,Email Logs,Bank transaction logs,Office search
EVID_00854,Laptop Image,Financial records,Internal audit
EVID_00855,Hard Drive,Malware traces,IT department
EVID_00856,Account Records,Encrypted smartphone,Personal device
EVID_00857,USB Device,Malware traces,Personal device
EVID_00858,Email Logs,Deleted files recovery,Financial institution
EVID_00859,Email Logs,External USB,IT department
EVID_00860,Database Dump,External USB,Cloud provider
EVID_00861,Network Logs,Suspect laptop,Internal audit
EVID_00862,Account Records,Forged documents,IT department
EVID_00863,Network Logs,Suspicious email chain,Financial institution
EVID_00864,Network Logs,Bank transaction logs,Corporate network
EVID_00865,USB Device,Encrypted smartphone,Cloud provider
EVID_00866,Server Image,Financial records,Personal device
EVID_00867,Database Dump,Unauthorized access logs,Corporate network
EVID_00868,USB Device,Malware traces,Personal device
EVID_00869,Database Dump,Forged documents,Corporate network
EVID_00870,Network Logs,Deleted files recovery,Office search
EVID_00871,Email Logs,Encrypted smartphone,Internal audit
EVID_00872,USB Device,Unauthorized access logs,Cloud provider
EVID_00873,Network Logs,Bank transaction logs,Personal device
EVID_00874,Mobile Phone,Unauthorized access logs,Office search
EVID_00875,USB Device,Unauthorized access logs,Law enforcement
EVID_00876,Hard Drive,Financial records,Financial institution
EVID_00877,USB Device,Suspicious email chain,Financial institution
EVID_00878,Email Logs,Encrypted smartphone,Internal audit
EVID_00879,Server Image,Suspect laptop,Office search
EVID_00880,Account Records,Suspect laptop,Internal audit
EVID_00881,Database Dump,Suspect laptop,Cloud provider
EVID_00882,Mobile Phone,Encrypted smartphone,Office search
EVID_00883,USB Device,Unauthorized access logs,Corporate network
EVID_00884,Laptop Image,Suspicious email chain,Personal device
EVID_00885,USB Device,External USB,Personal device
EVID_00886,Database Dump,External USB,Cloud provider
EVID_00887,Laptop Image,Unauthorized access logs,Internal audit
EVID_00888,Hard Drive,Suspect laptop,Corporate network
EVID_00889,Account Records,Financial records,IT department
EVID_00890,Account Records,Deleted files recovery,Corporate network
EVID_00891,Hard Drive,Malware traces,Cloud provider
EVID_00892,Hard Drive,Unauthorized access logs,Cloud provider
EVID_00893,Hard Drive,Malware traces,Internal audit
EVID_00894,USB Device,External USB,Office search
EVID_00895,Database Dump,Financial records,Law enforcement
EVID_00896,Network Logs,Encrypted smartphone,Financial institution
EVID_00897,Laptop Image,Encrypted smartphone,Personal device
EVID_00898,Mobile Phone,Bank transaction logs,Personal device
EVID_00899,Laptop Image,Deleted files recovery,IT department
EVID_00900,Cloud Storage,Suspicious email chain,IT department
EVID_00901,USB Device,Forged documents,Internal audit
EVID_00902,Account Records,Forged documents,Personal device
EVID_00903,Network Logs,Unauthorized access logs,Office search
EVID_00904,Account Records,Unauthorized access logs,Cloud provider
EVID_00905,USB Device,Bank transaction logs,Cloud provider
EVID_00906,Database Dump,Deleted files recovery,Office search
EVID_00907,Laptop Image,Suspicious email chain,IT department
EVID_00908,Account Records,Suspicious email chain,IT department
EVID_00909,Cloud Storage,Malware traces,Cloud provider
EVID_00910,USB Device,Suspicious email chain,Personal device
EVID_00911,Email Logs,Forged documents,Financial institution
EVID_00912,Hard Drive,Malware traces,Corporate network
EVID_00913,Hard Drive,Forged documents,Personal device
EVID_00914,Network Logs,Financial records,Cloud provider
EVID_00915,Laptop Image,Suspect laptop,IT department
EVID_00916,Hard Drive,Forged documents,Financial institution
EVID_00917,Mobile Phone,Suspect laptop,Internal audit
EVID_00918,Mobile Phone,Forged documents,IT department
EVID_00919,Hard Drive,Forged documents,Law enforcement
EVID_00920,Server Image,Suspicious email chain,Cloud provider
EVID_00921,Network Logs,Forged documents,Personal device
EVID_00922,Database Dump,Unauthorized access logs,IT department
EVID_00923,Server Image,Encrypted smartphone,Cloud provider
EVID_00924,Server Image,External USB,Cloud provider
EVID_00925,Server Image,Forged documents,Corporate network
EVID_00926,Cloud Storage,Unauthorized access logs,Financial institution
EVID_00927,Mobile Phone,Suspect laptop,Office search
EVID_00928,USB Device,Suspect laptop,Corporate network
EVID_00929,Account Records,Financial records,Corporate network
EVID_00930,Network Logs,Deleted files recovery,Cloud provider
EVID_00931,Hard Drive,Bank transaction logs,Personal device
EVID_00932,Network Logs,Encrypted smartphone,Personal device
EVID_00933,Network Logs,Encrypted smartphone,Corporate network
EVID_00934,Mobile Phone,Forged documents,Financial institution
EVID_00935,Mobile Phone,Malware traces,Law enforcement
EVID_00936,Network Logs,Forged documents,Office search
EVID_00937,Laptop Image,Forged documents,Personal device
EVID_00938,Cloud Storage,Forged documents,Law enforcement
EVID_00939,Mobile Phone,Suspect laptop,Internal audit
EVID_00940,Email Logs,Forged documents,Personal device
EVID_00941,Database Dump,Suspicious email chain,IT department
EVID_00942,Account Records,Suspect laptop,Personal device
EVID_00943,USB Device,Forged documents,Law enforcement
EVID_00944,Account Records,Suspicious email chain,Office search
EVID_00945,Database Dump,Bank transaction logs,Personal device
EVID_00946,Laptop Image,Unauthorized access logs,Cloud provider
EVID_00947,Server Image,External USB,Corporate network
EVID_00948,Hard Drive,Suspect laptop,Corporate network
EVID_00949,USB Device,Suspect laptop,Cloud provider
EVID_00950,Account Records,Forged documents,Office search
EVID_00951,Hard Drive,Unauthorized access logs,Corporate network
EVID_00952,Mobile Phone,Malware traces,IT department
EVID_00953,Network Logs,Malware traces,Law enforcement
EVID_00954,Database Dump,Bank transaction logs,Corporate network
EVID_00955,Email Logs,Forged documents,Office search
EVID_00956,Laptop Image,Malware traces,Financial institution
EVID_00957,Network Logs,Unauthorized access logs,IT department
EVID_00958,Mobile Phone,Suspicious email chain,Financial institution
EVID_00959,Email Logs,Forged documents,Cloud provider
EVID_00960,Account Records,Encrypted smartphone,Financial institution
EVID_00961,Email Logs,Suspicious email chain,IT department
EVID_00962,Cloud Storage,Malware traces,Cloud provider
EVID_00963,Laptop Image,Financial records,Personal device
EVID_00964,Laptop Image,Deleted files recovery,IT department
EVID_00965,Network Logs,External USB,Cloud provider
EVID_00966,Mobile Phone,Malware traces,Corporate network
EVID_00967,Laptop Image,Encrypted smartphone,Corporate network
EVID_00968,Server Image,Deleted files recovery,Internal audit
EVID_00969,Mobile Phone,Suspicious email chain,Cloud provider
EVID_00970,Network Logs,Unauthorized access logs,Internal audit
EVID_00971,Email Logs,Malware traces,IT department
EVID_00972,Laptop Image,Malware traces,Financial institution
EVID_00973,Database Dump,Suspicious email chain,Internal audit
EVID_00974,Account Records,External USB,Financial institution
EVID_00975,Database Dump,Suspicious email chain,Financial institution
EVID_00976,Database Dump,Deleted files recovery,Internal audit
EVID_00977,Account Records,Financial records,Law enforcement
EVID_00978,Email Logs,Bank transaction logs,Law enforcement
EVID_00979,USB Device,Deleted files recovery,Corporate network
EVID_00980,Hard Drive,Deleted files recovery,Corporate network
EVID_00981,Laptop Image,Bank transaction logs,Internal audit
EVID_00982,USB Device,Suspicious email chain,IT department
EVID_00983,Account Records,Financial records,Corporate network
EVID_00984,Laptop Image,Deleted files recovery,Financial institution
EVID_00985,Database Dump,Unauthorized access logs,Office search
EVID_00986,Email Logs,Malware traces,Law enforcement
EVID_00987,Email Logs,Suspect laptop,Corporate network
EVID_00988,Server Image,Malware traces,Cloud provider
EVID_00989,Account Records,External USB,Personal device
EVID_00990,Database Dump,Encrypted smartphone,Office search
EVID_00991,Account Records,Financial records,IT department
EVID_00992,Network Logs,External USB,Corporate network
EVID_00993,Email Logs,Bank transaction logs,IT department
EVID_00994,Account Records,Suspicious email chain,Cloud provider
EVID_00995,Mobile Phone,Deleted files recovery,IT department
EVID_00996,Mobile Phone,Encrypted smartphone,IT department
EVID_00997,Mobile Phone,Suspect laptop,Internal audit
EVID_00998,Mobile Phone,Deleted files recovery,Corporate network
EVID_00999,Mobile Phone,Malware traces,IT department
EVID_01000,Cloud Storage,Unauthorized access logs,IT department
EVID_01001,Email Logs,Suspicious email chain,Internal audit
EVID_01002,Cloud Storage,Malware traces,IT department
EVID_01003,Account Records,Encrypted smartphone,Cloud provider
EVID_01004,USB Device,Suspect laptop,Cloud provider
EVID_01005,Account Records,Suspect laptop,Internal audit
EVID_01006,Mobile Phone,Financial records,IT department
EVID_01007,Hard Drive,Deleted files recovery,Financial institution
EVID_01008,Account Records,Forged documents,Corporate network
EVID_01009,Email Logs,Encrypted smartphone,Corporate network
EVID_01010,USB Device,Suspect laptop,Cloud provider
EVID_01011,Mobile Phone,Suspect laptop,Personal device
EVID_01012,Account Records,External USB,IT department
EVID_01013,Email Logs,External USB,Cloud provider
EVID_01014,Cloud Storage,Malware traces,Office search
EVID_01015,Cloud Storage,Bank transaction logs,Law enforcement
EVID_01016,Server Image,Unauthorized access logs,Internal audit
EVID_01017,Mobile Phone,Suspect laptop,IT department
EVID_01018,Account Records,Bank transaction logs,Corporate network
EVID_01019,Email Logs,Forged documents,Office search
EVID_01020,Laptop Image,External USB,Financial institution
EVID_01021,Network Logs,Suspect laptop,IT department
EVID_01022,Account Records,Deleted files recovery,Law enforcement
EVID_01023,Server Image,Unauthorized access logs,Corporate network
EVID_01024,Email Logs,Unauthorized access logs,Personal device
EVID_01025,Account Records,Malware traces,Internal audit
EVID_01026,Email Logs,Financial records,Office search
EVID_01027,Server Image,Suspect laptop,Corporate network
EVID_01028,Account Records,Financial records,Law enforcement
EVID_01029,Email Logs,Malware traces,Corporate network
EVID_01030,Server Image,Suspect laptop,Personal device
EVID_01031,Laptop Image,Forged documents,Cloud provider
EVID_01032,Mobile Phone,Malware traces,Corporate network
EVID_01033,Cloud Storage,Forged documents,Law enforcement
EVID_01034,Hard Drive,Deleted files recovery,Cloud provider
EVID_01035,Mobile Phone,Malware traces,Office search
EVID_01036,Account Records,External USB,Office search
EVID_01037,Laptop Image,Unauthorized access logs,Personal device
EVID_01038,USB Device,Forged documents,Office search
EVID_01039,Cloud Storage,Unauthorized access logs,Internal audit
EVID_01040,Account Records,Encrypted smartphone,Corporate network
EVID_01041,Database Dump,Encrypted smartphone,Corporate network
EVID_01042,Email Logs,Financial records,Cloud provider
EVID_01043,Hard Drive,Deleted files recovery,Law enforcement
EVID_01044,Hard Drive,Bank transaction logs,Internal audit
EVID_01045,Email Logs,Deleted files recovery,Personal device
EVID_01046,Server Image,Encrypted smartphone,Law enforcement
EVID_01047,Account Records,Suspect laptop,Office search
EVID_01048,Email Logs,Bank transaction logs,Office search
EVID_01049,Cloud Storage,Malware traces,Law enforcement
EVID_01050,Database Dump,Financial records,Office search
EVID_01051,Cloud Storage,Suspicious email chain,Internal audit
EVID_01052,Hard Drive,Unauthorized access logs,Cloud provider
EVID_01053,Hard Drive,Suspect laptop,Personal device
EVID_01054,Account Records,Deleted files recovery,Personal device
EVID_01055,Account Records,Encrypted smartphone,Cloud provider
EVID_01056,Server Image,Encrypted smartphone,IT department
EVID_01057,Network Logs,Bank transaction logs,Internal audit
EVID_01058,Cloud Storage,Financial records,Corporate network
EVID_01059,Cloud Storage,Forged documents,Personal device
EVID_01060,Mobile Phone,External USB,Cloud provider
EVID_01061,Server Image,Forged documents,Office search
EVID_01062,Server Image,Suspect laptop,Law enforcement
EVID_01063,Hard Drive,Suspicious email chain,IT department
EVID_01064,Database Dump,Encrypted smartphone,Personal device
EVID_01065,Laptop Image,Unauthorized access logs,Corporate network
EVID_01066,Database Dump,Suspect laptop,Law enforcement
EVID_01067,Database Dump,Suspicious email chain,Cloud provider
EVID_01068,Hard Drive,External USB,Office search
EVID_01069,Laptop Image,Deleted files recovery,Cloud provider
EVID_01070,Cloud Storage,Suspect laptop,Personal device
EVID_01071,Laptop Image,External USB,IT department
EVID_01072,Email Logs,Malware traces,Personal device
EVID_01073,Mobile Phone,Malware traces,Office search
EVID_01074,Account Records,Suspect laptop,Internal audit
EVID_01075,Database Dump,Suspicious email chain,Personal device
EVID_01076,USB Device,Unauthorized access logs,Corporate network
EVID_01077,Server Image,Suspect laptop,Personal device
EVID_01078,Database Dump,Suspect laptop,Internal audit
EVID_01079,Mobile Phone,Unauthorized access logs,Law enforcement
EVID_01080,Mobile Phone,Financial records,Law enforcement
EVID_01081,Cloud Storage,Financial records,Internal audit
EVID_01082,Laptop Image,Suspect laptop,IT department
EVID_01083,Account Records,Bank transaction logs,IT department
EVID_01084,USB Device,Unauthorized access logs,Corporate network
EVID_01085,Server Image,Suspicious email chain,Cloud provider
EVID_01086,Database Dump,Forged documents,Financial institution
EVID_01087,USB Device,Bank transaction logs,IT department
EVID_01088,Account Records,Suspicious email chain,Financial institution
EVID_01089,Laptop Image,Suspicious email chain,IT department
EVID_01090,Laptop Image,Financial records,Office search
EVID_01091,Account Records,Suspect laptop,Personal device
EVID_01092,Laptop Image,Suspect laptop,IT department
EVID_01093,Network Logs,Malware traces,Cloud provider
EVID_01094,Mobile Phone,Malware traces,Cloud provider
EVID_01095,Account Records,Forged documents,Personal device
EVID_01096,Email Logs,Encrypted smartphone,Internal audit
EVID_01097,Server Image,Bank transaction logs,Office search
EVID_01098,Account Records,Suspicious email chain,Cloud provider
EVID_01099,Database Dump,Deleted files recovery,Personal device
EVID_01100,Database Dump,Malware traces,Law enforcement
EVID_01101,Laptop Image,Suspect laptop,Internal audit
EVID_01102,Network Logs,Forged documents,IT department
EVID_01103,Mobile Phone,Financial records,Cloud provider
EVID_01104,Account Records,Encrypted smartphone,Personal device
EVID_01105,Database Dump,Bank transaction logs,Internal audit
EVID_01106,Hard Drive,Unauthorized access logs,Corporate network
EVID_01107,Laptop Image,Unauthorized access logs,Financial institution
EVID_01108,Network Logs,Encrypted smartphone,Office search
EVID_01109,Network Logs,Forged documents,Cloud provider
EVID_01110,Mobile Phone,Forged documents,Internal audit
EVID_01111,Network Logs,Forged documents,Internal audit
EVID_01112,Hard Drive,Bank transaction logs,Personal device
EVID_01113,Account Records,Unauthorized access logs,Personal device
EVID_01114,Network Logs,Forged documents,Office search
EVID_01115,Hard Drive,Deleted files recovery,Internal audit
EVID_01116,Hard Drive,Bank transaction logs,IT department
EVID_01117,Server Image,Malware traces,Internal audit
EVID_01118,Database Dump,Unauthorized access logs,Office search
EVID_01119,Email Logs,Suspect laptop,Financial institution
EVID_01120,Hard Drive,Deleted files recovery,Personal device
EVID_01121,Email Logs,Forged documents,Office search
EVID_01122,Email Logs,Unauthorized access logs,Corporate network
EVID_01123,USB Device,Forged documents,Internal audit
EVID_01124,Laptop Image,External USB,IT department
EVID_01125,Server Image,Malware traces,Corporate network
EVID_01126,Server Image,Unauthorized access logs,Personal device
EVID_01127,Email Logs,Suspect laptop,Law enforcement
EVID_01128,Mobile Phone,Malware traces,Office search
EVID_01129,Account Records,Bank transaction logs,IT department
EVID_01130,Cloud Storage,Suspicious email chain,IT department
EVID_01131,Server Image,Forged documents,Cloud provider
EVID_01132,Email Logs,Financial records,Internal audit
EVID_01133,Hard Drive,Malware traces,Office search
EVID_01134,Hard Drive,Suspicious email chain,Office search
EVID_01135,Hard Drive,Suspect laptop,Law enforcement
EVID_01136,Network Logs,Encrypted smartphone,IT department
EVID_01137,Laptop Image,Deleted files recovery,Law enforcement
EVID_01138,Network Logs,Financial records,Corporate network
EVID_01139,Database Dump,Bank transaction logs,Corporate network
EVID_01140,Database Dump,Malware traces,IT department
EVID_01141,Cloud Storage,Malware traces,Corporate network
EVID_01142,Hard Drive,Financial records,Internal audit
EVID_01143,Database Dump,External USB,Cloud provider
EVID_01144,Laptop Image,Financial records,Law enforcement
EVID_01145,Cloud Storage,Financial records,Cloud provider
EVID_01146,Server Image,Forged documents,Law enforcement
EVID_01147,Database Dump,Malware traces,Corporate network
EVID_01148,Laptop Image,Malware traces,Financial institution
EVID_01149,Account Records,Financial records,Internal audit
EVID_01150,Cloud Storage,Deleted files recovery,Personal device
EVID_01151,Network Logs,Deleted files recovery,Law enforcement
EVID_01152,USB Device,External USB,Internal audit
EVID_01153,Cloud Storage,External USB,Financial institution
EVID_01154,Email Logs,Suspicious email chain,Corporate network
EVID_01155,Database Dump,Suspect laptop,Cloud provider
EVID_01156,Cloud Storage,Forged documents,IT department
EVID_01157,Email Logs,Financial records,Corporate network
EVID_01158,Server Image,Financial records,Personal device
EVID_01159,Database Dump,External USB,Personal device
EVID_01160,Mobile Phone,Financial records,Office search
EVID_01161,Hard Drive,Bank transaction logs,IT department
EVID_01162,Mobile Phone,Unauthorized access logs,Corporate network
EVID_01163,Network Logs,External USB,IT department
EVID_01164,Mobile Phone,Suspect laptop,Cloud provider
EVID_01165,Database Dump,Deleted files recovery,Cloud provider
EVID_01166,Server Image,Encrypted smartphone,Financial institution
EVID_01167,Server Image,Encrypted smartphone,Cloud provider
EVID_01168,Network Logs,Unauthorized access logs,Law enforcement
EVID_01169,Laptop Image,Encrypted smartphone,Law enforcement
EVID_01170,Database Dump,Unauthorized access logs,IT department
EVID_01171,Network Logs,Malware traces,Financial institution
EVID_01172,Account Records,Malware traces,Corporate network
EVID_01173,Account Records,Malware traces,Corporate network
EVID_01174,Cloud Storage,Forged documents,Financial institution
EVID_01175,Email Logs,Financial records,Personal device
EVID_01176,Server Image,Suspicious email chain,Internal audit
EVID_01177,USB Device,Financial records,Cloud provider
EVID_01178,Laptop Image,Suspect laptop,IT department
EVID_01179,Database Dump,Suspicious email chain,Internal audit
EVID_01180,Server Image,Encrypted smartphone,IT department
EVID_01181,Hard Drive,Malware traces,Cloud provider
EVID_01182,Network Logs,Encrypted smartphone,Personal device
EVID_01183,Laptop Image,External USB,Office search
EVID_01184,Network Logs,Suspect laptop,Internal audit
EVID_01185,Email Logs,Forged documents,Corporate network
EVID_01186,Network Logs,Unauthorized access logs,Internal audit
EVID_01187,Hard Drive,Malware traces,Financial institution
EVID_01188,Email Logs,Deleted files recovery,Personal device
EVID_01189,Laptop Image,Suspect laptop,Financial institution
EVID_01190,Cloud Storage,Suspicious email chain,Office search
EVID_01191,Account Records,Unauthorized access logs,Office search
EVID_01192,Email Logs,Suspect laptop,IT department
EVID_01193,Account Records,Deleted files recovery,IT department
EVID_01194,Network Logs,Forged documents,Personal device
EVID_01195,USB Device,Deleted files recovery,Cloud provider
EVID_01196,Database Dump,Bank transaction logs,Corporate network
EVID_01197,Account Records,Unauthorized access logs,Financial institution
EVID_01198,Email Logs,Bank transaction logs,Personal device
EVID_01199,Network Logs,Forged documents,Corporate network
EVID_01200,USB Device,Encrypted smartphone,Financial institution
EVID_01201,USB Device,Malware traces,Internal audit
EVID_01202,Laptop Image,Financial records,IT department
EVID_01203,USB Device,Unauthorized access logs,Corporate network
EVID_01204,Hard Drive,Bank transaction logs,Office search
EVID_01205,Server Image,External USB,Personal device
EVID_01206,Email Logs,Suspect laptop,Law enforcement
EVID_01207,Email Logs,Suspect laptop,Financial institution
EVID_01208,USB Device,Financial records,Internal audit
EVID_01209,Mobile Phone,Malware traces,Internal audit
EVID_01210,USB Device,Forged documents,Internal audit
EVID_01211,Mobile Phone,Bank transaction logs,Cloud provider
EVID_01212,Database Dump,Suspicious email chain,Corporate network
EVID_01213,USB Device,Suspicious email chain,IT department
EVID_01214,Mobile Phone,Encrypted smartphone,Cloud provider
EVID_01215,Account Records,Bank transaction logs,Financial institution
EVID_01216,Laptop Image,Deleted files recovery,Cloud provider
EVID_01217,Mobile Phone,Suspect laptop,IT department
EVID_01218,Account Records,Encrypted smartphone,Office search
EVID_01219,Network Logs,Bank transaction logs,Financial institution
EVID_01220,Database Dump,Malware traces,Corporate network
EVID_01221,USB Device,Suspicious email chain,Personal device
EVID_01222,Database Dump,Encrypted smartphone,Office search
EVID_01223,Database Dump,Financial records,IT department
EVID_01224,Email Logs,Unauthorized access logs,Personal device
EVID_01225,Hard Drive,Malware traces,IT department
EVID_01226,Mobile Phone,Suspicious email chain,Office search
EVID_01227,Network Logs,Deleted files recovery,Law enforcement
EVID_01228,Cloud Storage,Encrypted smartphone,Internal audit
EVID_01229,Email Logs,External USB,Personal device
EVID_01230,USB Device,Forged documents,Corporate network
EVID_01231,Server Image,External USB,Internal audit
EVID_01232,Database Dump,Encrypted smartphone,Internal audit
EVID_01233,Server Image,Malware traces,IT department
EVID_01234,Network Logs,Encrypted smartphone,Corporate network
EVID_01235,Email Logs,Suspect laptop,IT department
EVID_01236,Email Logs,Unauthorized access logs,Law enforcement
EVID_01237,Account Records,Forged documents,Office search
EVID_01238,Hard Drive,Suspicious email chain,Corporate network
EVID_01239,Hard Drive,Unauthorized access logs,Personal device
EVID_01240,Account Records,External USB,Financial institution
EVID_01241,Mobile Phone,Deleted files recovery,Law enforcement
EVID_01242,Email Logs,Suspect laptop,Law enforcement
EVID_01243,Account Records,Deleted files recovery,Cloud provider
EVID_01244,Account Records,Deleted files recovery,Office search
EVID_01245,Hard Drive,External USB,Financial institution
EVID_01246,Database Dump,Financial records,Personal device
EVID_01247,Database Dump,Deleted files recovery,Personal device
EVID_01248,Network Logs,Suspect laptop,Cloud provider
EVID_01249,Network Logs,Unauthorized access logs,Law enforcement
EVID_01250,Account Records,External USB,Financial institution
EVID_01251,Database Dump,Unauthorized access logs,Office search
EVID_01252,USB Device,External USB,Office search
EVID_01253,Account Records,Forged documents,Law enforcement
EVID_01254,Cloud Storage,Encrypted smartphone,Corporate network
EVID_01255,Hard Drive,External USB,Law enforcement
EVID_01256,Mobile Phone,Malware traces,Financial institution
EVID_01257,Account Records,Bank transaction logs,Corporate network
EVID_01258,Mobile Phone,Encrypted smartphone,Law enforcement
EVID_01259,Account Records,Forged documents,Office search
EVID_01260,Server Image,Encrypted smartphone,Personal device
EVID_01261,Server Image,Financial records,Financial institution
EVID_01262,Hard Drive,Encrypted smartphone,Law enforcement
EVID_01263,Email Logs,Suspect laptop,Cloud provider
EVID_01264,Email Logs,Encrypted smartphone,Internal audit
EVID_01265,Network Logs,Suspect laptop,Cloud provider
EVID_01266,Server Image,Deleted files recovery,Financial institution
EVID_01267,Laptop Image,Forged documents,Corporate network
EVID_01268,Network Logs,Bank transaction logs,Internal audit
EVID_01269,Laptop Image,Deleted files recovery,Office search
EVID_01270,Cloud Storage,Financial records,Financial institution
EVID_01271,Mobile Phone,Financial records,Financial institution
EVID_01272,Network Logs,Suspicious email chain,IT department
EVID_01273,Database Dump,Suspect laptop,Corporate network
EVID_01274,Email Logs,Encrypted smartphone,Cloud provider
EVID_01275,Email Logs,Suspicious email chain,Internal audit
EVID_01276,Network Logs,Forged documents,Office search
EVID_01277,Email Logs,Forged documents,Financial institution
EVID_01278,Database Dump,Financial records,Cloud provider
EVID_01279,Server Image,Bank transaction logs,Law enforcement
EVID_01280,Account Records,Malware traces,Law enforcement
EVID_01281,Account Records,Suspect laptop,Law enforcement
EVID_01282,Database Dump,Bank transaction logs,Law enforcement
EVID_01283,Account Records,External USB,Law enforcement
EVID_01284,Laptop Image,Forged documents,Office search
EVID_01285,Server Image,External USB,Law enforcement
EVID_01286,Network Logs,Malware traces,Financial institution
EVID_01287,Database Dump,Financial records,Personal device
EVID_01288,Email Logs,Bank transaction logs,Cloud provider
EVID_01289,Email Logs,Financial records,Financial institution
EVID_01290,Mobile Phone,Encrypted smartphone,Corporate network
EVID_01291,Email Logs,Suspicious email chain,Office search
EVID_01292,Network Logs,Financial records,IT department
EVID_01293,Laptop Image,Malware traces,Corporate network
EVID_01294,Account Records,External USB,IT department
EVID_01295,Laptop Image,Unauthorized access logs,Personal device
EVID_01296,Network Logs,Suspicious email chain,Office search
EVID_01297,Hard Drive,Deleted files recovery,Corporate network
EVID_01298,Database Dump,Financial records,Office search
EVID_01299,Cloud Storage,Forged documents,Internal audit
EVID_01300,USB Device,Financial records,Internal audit
EVID_01301,Server Image,Forged documents,Office search
EVID_01302,Email Logs,Suspicious email chain,IT department
EVID_01303,Hard Drive,Unauthorized access logs,Law enforcement
EVID_01304,Database Dump,External USB,Financial institution
EVID_01305,Email Logs,External USB,IT department
EVID_01306,Cloud Storage,Deleted files recovery,Cloud provider
EVID_01307,Mobile Phone,Financial records,Cloud provider
EVID_01308,Mobile Phone,Bank transaction logs,Internal audit
EVID_01309,Network Logs,Suspicious email chain,IT department
EVID_01310,Email Logs,Unauthorized access logs,IT department
EVID_01311,Account Records,Financial records,Cloud provider
EVID_01312,Network Logs,Suspect laptop,IT department
EVID_01313,Network Logs,Encrypted smartphone,Office search
EVID_01314,Account Records,Bank transaction logs,Cloud provider
EVID_01315,Cloud Storage,Financial records,Cloud provider
EVID_01316,Email Logs,Malware traces,Internal audit
EVID_01317,Account Records,Forged documents,Financial institution
EVID_01318,Laptop Image,Financial records,Internal audit
EVID_01319,Network Logs,Unauthorized access logs,Office search
EVID_01320,Cloud Storage,Financial records,Cloud provider
EVID_01321,Network Logs,Deleted files recovery,Office search
EVID_01322,Mobile Phone,Financial records,Office search
EVID_01323,USB Device,Encrypted smartphone,Law enforcement
EVID_01324,Mobile Phone,Deleted files recovery,Financial institution
EVID_01325,Account Records,Malware traces,Personal device
EVID_01326,Cloud Storage,Encrypted smartphone,Internal audit
EVID_01327,Mobile Phone,Financial records,Personal device
EVID_01328,Network Logs,Unauthorized access logs,Law enforcement
EVID_01329,Email Logs,Malware traces,Financial institution
EVID_01330,Database Dump,Bank transaction logs,Personal device
EVID_01331,Laptop Image,External USB,Corporate network
EVID_01332,Account Records,Forged documents,Corporate network
EVID_01333,Mobile Phone,Financial records,IT department
EVID_01334,Laptop Image,Suspect laptop,Personal device
EVID_01335,Hard Drive,Bank transaction logs,Office search
EVID_01336,Email Logs,Financial records,Law enforcement
EVID_01337,Mobile Phone,Unauthorized access logs,Cloud provider
EVID_01338,Database Dump,Suspect laptop,Corporate network
EVID_01339,Mobile Phone,External USB,Internal audit
EVID_01340,Email Logs,Forged documents,Cloud provider
EVID_01341,Mobile Phone,Forged documents,IT department
EVID_01342,Network Logs,Bank transaction logs,Corporate network
EVID_01343,Cloud Storage,Bank transaction logs,Internal audit
EVID_01344,Mobile Phone,Suspect laptop,IT department
EVID_01345,Laptop Image,Deleted files recovery,Corporate network
EVID_01346,Server Image,Bank transaction logs,Office search
EVID_01347,Server Image,Unauthorized access logs,Office search
EVID_01348,Account Records,External USB,Law enforcement
EVID_01349,Account Records,Malware traces,Cloud provider
EVID_01350,Server Image,External USB,Internal audit
EVID_01351,Database Dump,Malware traces,IT department
EVID_01352,Hard Drive,Unauthorized access logs,Office search
EVID_01353,USB Device,Suspect laptop,Internal audit
EVID_01354,Network Logs,Forged documents,Internal audit
EVID_01355,Cloud Storage,Suspect laptop,Corporate network
EVID_01356,Server Image,Suspicious email chain,Internal audit
EVID_01357,Network Logs,Malware traces,IT department
EVID_01358,Email Logs,Deleted files recovery,Office search
EVID_01359,Network Logs,Unauthorized access logs,Financial institution
EVID_01360,USB Device,Deleted files recovery,Internal audit
EVID_01361,Mobile Phone,Forged documents,Financial institution
EVID_01362,USB Device,Deleted files recovery,Law enforcement
EVID_01363,USB Device,Unauthorized access logs,Office search
EVID_01364,Server Image,Deleted files recovery,Financial institution
EVID_01365,Account Records,Financial records,Personal device
EVID_01366,Cloud Storage,External USB,Law enforcement
EVID_01367,Email Logs,Unauthorized access logs,Cloud provider
EVID_01368,USB Device,Suspicious email chain,Office search
EVID_01369,USB Device,Malware traces,Personal device
EVID_01370,USB Device,Bank transaction logs,Law enforcement
EVID_01371,USB Device,Bank transaction logs,Cloud provider
EVID_01372,USB Device,Suspect laptop,Personal device
EVID_01373,Laptop Image,Unauthorized access logs,Financial institution
EVID_01374,Cloud Storage,Deleted files recovery,Office search
EVID_01375,Laptop Image,Suspect laptop,IT department
EVID_01376,Mobile Phone,Suspect laptop,Personal device
EVID_01377,Cloud Storage,Forged documents,Corporate network
EVID_01378,Mobile Phone,Suspect laptop,Financial institution
EVID_01379,Hard Drive,Deleted files recovery,Personal device
EVID_01380,Hard Drive,Malware traces,Personal device
EVID_01381,Hard Drive,Malware traces,Corporate network
EVID_01382,Laptop Image,Suspect laptop,Cloud provider
EVID_01383,Laptop Image,Suspect laptop,Office search
EVID_01384,Email Logs,Deleted files recovery,Personal device
EVID_01385,Network Logs,Forged documents,Personal device
EVID_01386,Database Dump,Unauthorized access logs,IT department
EVID_01387,USB Device,Forged documents,Office search
EVID_01388,Hard Drive,Forged documents,Cloud provider
EVID_01389,Mobile Phone,Financial records,Internal audit
EVID_01390,Database Dump,Forged documents,Financial institution
EVID_01391,Network Logs,External USB,Personal device
EVID_01392,Hard Drive,Forged documents,Office search
EVID_01393,USB Device,Encrypted smartphone,Office search
EVID_01394,Network Logs,Forged documents,Law enforcement
EVID_01395,Network Logs,Suspicious email chain,IT department
EVID_01396,Server Image,Forged documents,Law enforcement
EVID_01397,Network Logs,Encrypted smartphone,Law enforcement
EVID_01398,Account Records,Malware traces,Financial institution
EVID_01399,Database Dump,Forged documents,Cloud provider
EVID_01400,Laptop Image,Suspicious email chain,IT department
EVID_01401,Email Logs,Deleted files recovery,IT department
EVID_01402,Email Logs,Encrypted smartphone,Internal audit
EVID_01403,Network Logs,Malware traces,Internal audit
EVID_01404,Laptop Image,Forged documents,IT department
EVID_01405,Account Records,Forged documents,Corporate network
EVID_01406,Hard Drive,External USB,Personal device
EVID_01407,Database Dump,Bank transaction logs,Internal audit
EVID_01408,Cloud Storage,Encrypted smartphone,Office search
EVID_01409,Database Dump,External USB,Law enforcement
EVID_01410,Email Logs,Suspect laptop,Personal device
EVID_01411,Mobile Phone,Bank transaction logs,Personal device
EVID_01412,Email Logs,Suspicious email chain,Office search
EVID_01413,USB Device,Malware traces,Cloud provider
EVID_01414,Email Logs,Suspect laptop,Law enforcement
EVID_01415,Hard Drive,Unauthorized access logs,Office search
EVID_01416,Email Logs,Financial records,Financial institution
EVID_01417,Laptop Image,Bank transaction logs,Cloud provider
EVID_01418,Database Dump,Bank transaction logs,Corporate network
EVID_01419,Email Logs,Malware traces,Corporate network
EVID_01420,Laptop Image,Financial records,Office search
EVID_01421,USB Device,Forged documents,Law enforcement
EVID_01422,Hard Drive,Suspicious email chain,Office search
EVID_01423,Hard Drive,Bank transaction logs,Personal device
EVID_01424,Laptop Image,Financial records,Corporate network
EVID_01425,Mobile Phone,Suspect laptop,Law enforcement
EVID_01426,Hard Drive,External USB,IT department
EVID_01427,Network Logs,Suspect laptop,Cloud provider
EVID_01428,Account Records,Encrypted smartphone,Financial institution
EVID_01429,Mobile Phone,Malware traces,Cloud provider
EVID_01430,Network Logs,Suspicious email chain,Personal device
EVID_01431,Network Logs,Bank transaction logs,Internal audit
EVID_01432,Server Image,Forged documents,Personal device
EVID_01433,Mobile Phone,Unauthorized access logs,IT department
EVID_01434,Email Logs,Suspicious email chain,Financial institution
EVID_01435,Network Logs,External USB,Cloud provider
EVID_01436,USB Device,Forged documents,Personal device
EVID_01437,Account Records,Suspicious email chain,Financial institution
EVID_01438,Database Dump,External USB,Financial institution
EVID_01439,USB Device,Financial records,Law enforcement
EVID_01440,Cloud Storage,Suspicious email chain,Personal device
EVID_01441,Mobile Phone,Deleted files recovery,Corporate network
EVID_01442,Email Logs,Suspicious email chain,Office search
EVID_01443,USB Device,Unauthorized access logs,Cloud provider
EVID_01444,Network Logs,External USB,Corporate network
EVID_01445,USB Device,Forged documents,IT department
EVID_01446,Laptop Image,Deleted files recovery,Personal device
EVID_01447,Laptop Image,Encrypted smartphone,Financial institution
EVID_01448,Laptop Image,Unauthorized access logs,IT department
EVID_01449,Network Logs,Forged documents,IT department
EVID_01450,Cloud Storage,Suspect laptop,IT department
EVID_01451,Email Logs,External USB,Office search
EVID_01452,USB Device,Suspect laptop,Corporate network
EVID_01453,Server Image,Unauthorized access logs,Corporate network
EVID_01454,Hard Drive,Forged documents,Corporate network
EVID_01455,Server Image,Suspicious email chain,Law enforcement
EVID_01456,USB Device,Malware traces,Law enforcement
EVID_01457,Email Logs,Bank transaction logs,IT department
EVID_01458,Email Logs,Financial records,Personal device
EVID_01459,Laptop Image,Suspect laptop,Personal device
EVID_01460,Database Dump,Suspect laptop,Cloud provider
EVID_01461,USB Device,Suspicious email chain,Office search
EVID_01462,Mobile Phone,Financial records,Internal audit
EVID_01463,Server Image,Malware traces,Law enforcement
EVID_01464,Cloud Storage,Suspicious email chain,Financial institution
EVID_01465,Cloud Storage,Suspect laptop,Personal device
EVID_01466,Laptop Image,Suspect laptop,Personal device
EVID_01467,Account Records,Financial records,Corporate network
EVID_01468,Server Image,Deleted files recovery,Financial institution
EVID_01469,Cloud Storage,Unauthorized access logs,Law enforcement
EVID_01470,Hard Drive,Financial records,Law enforcement
EVID_01471,Account Records,Malware traces,Financial institution
EVID_01472,Email Logs,Forged documents,Law enforcement
EVID_01473,Network Logs,Suspect laptop,IT department
EVID_01474,Account Records,Malware traces,Internal audit
EVID_01475,Laptop Image,Malware traces,Corporate network
EVID_01476,Database Dump,External USB,Law enforcement
EVID_01477,Cloud Storage,Unauthorized access logs,Financial institution
EVID_01478,Network Logs,Suspect laptop,Internal audit
EVID_01479,Mobile Phone,External USB,Law enforcement
EVID_01480,Server Image,Deleted files recovery,Financial institution
EVID_01481,Hard Drive,Malware traces,Law enforcement
EVID_01482,Email Logs,Suspicious email chain,Personal device
EVID_01483,Network Logs,Financial records,Cloud provider
EVID_01484,Network Logs,Financial records,Cloud provider
EVID_01485,Email Logs,Financial records,Office search
EVID_01486,Server Image,External USB,Law enforcement
EVID_01487,Network Logs,Financial records,Corporate network
EVID_01488,Server Image,Encrypted smartphone,Financial institution
EVID_01489,Laptop Image,Malware traces,Office search
EVID_01490,Cloud Storage,Financial records,Cloud provider
EVID_01491,Database Dump,Deleted files recovery,Law enforcement
EVID_01492,Laptop Image,Unauthorized access logs,Office search
EVID_01493,Laptop Image,Suspicious email chain,Personal device
EVID_01494,Server Image,Forged documents,Corporate network
EVID_01495,Server Image,Deleted files recovery,Office search
EVID_01496,Mobile Phone,Suspect laptop,Office search
EVID_01497,Server Image,Suspicious email chain,Cloud provider
EVID_01498,Email Logs,Suspicious email chain,Office search
EVID_01499,Account Records,External USB,Office search
EVID_01500,Mobile Phone,Financial records,Internal audit
EVID_01501,Email Logs,Suspect laptop,Cloud provider
EVID_01502,Hard Drive,Unauthorized access logs,Cloud provider
EVID_01503,Network Logs,Encrypted smartphone,IT department
EVID_01504,Network Logs,Bank transaction logs,Office search
EVID_01505,Laptop Image,Financial records,IT department
EVID_01506,USB Device,Encrypted smartphone,Financial institution
EVID_01507,Account Records,Suspect laptop,IT department
EVID_01508,Laptop Image,Deleted files recovery,Law enforcement
EVID_01509,Network Logs,Suspicious email chain,Personal device
EVID_01510,Network Logs,Bank transaction logs,Personal device
EVID_01511,Mobile Phone,External USB,Law enforcement
EVID_01512,Email Logs,Financial records,Office search
EVID_01513,Laptop Image,Financial records,Internal audit
EVID_01514,Cloud Storage,Encrypted smartphone,Cloud provider
EVID_01515,Laptop Image,Suspicious email chain,IT department
EVID_01516,Hard Drive,Deleted files recovery,Corporate network
EVID_01517,Network Logs,Encrypted smartphone,IT department
EVID_01518,Server Image,Suspicious email chain,Financial institution
EVID_01519,Hard Drive,Financial records,Personal device
EVID_01520,Hard Drive,Encrypted smartphone,Corporate network
EVID_01521,Laptop Image,Suspicious email chain,Internal audit
EVID_01522,USB Device,Malware traces,Cloud provider
EVID_01523,Mobile Phone,Unauthorized access logs,Office search
EVID_01524,Server Image,Suspicious email chain,Corporate network
EVID_01525,Hard Drive,Malware traces,Personal device
EVID_01526,Database Dump,Suspect laptop,Corporate network
EVID_01527,Network Logs,Financial records,Corporate network
EVID_01528,Cloud Storage,Bank transaction logs,Internal audit
EVID_01529,Laptop Image,Suspect laptop,Corporate network
EVID_01530,Hard Drive,Deleted files recovery,Law enforcement
EVID_01531,Laptop Image,Suspicious email chain,Personal device
EVID_01532,Hard Drive,Unauthorized access logs,Office search
EVID_01533,Database Dump,Encrypted smartphone,Office search
EVID_01534,Laptop Image,Forged documents,Financial institution
EVID_01535,Account Records,Financial records,Corporate network
EVID_01536,Database Dump,Unauthorized access logs,IT department
EVID_01537,Server Image,Bank transaction logs,Corporate network
EVID_01538,Hard Drive,Bank transaction logs,Law enforcement
EVID_01539,Account Records,Forged documents,Financial institution
EVID_01540,Cloud Storage,Malware traces,Corporate network
EVID_01541,Network Logs,Bank transaction logs,Office search
EVID_01542,USB Device,Deleted files recovery,IT department
EVID_01543,Database Dump,Deleted files recovery,Law enforcement
EVID_01544,USB Device,Malware traces,Law enforcement
EVID_01545,Mobile Phone,External USB,Personal device
EVID_01546,Laptop Image,Encrypted smartphone,Corporate network
EVID_01547,Laptop Image,Forged documents,IT department
EVID_01548,Laptop Image,Financial records,Office search
EVID_01549,Database Dump,Unauthorized access logs,IT department
EVID_01550,Hard Drive,External USB,Corporate network
EVID_01551,Hard Drive,Suspect laptop,Corporate network
EVID_01552,USB Device,Forged documents,IT department
EVID_01553,Email Logs,External USB,Internal audit
EVID_01554,Server Image,Unauthorized access logs,Financial institution
EVID_01555,Email Logs,Bank transaction logs,Internal audit
EVID_01556,Hard Drive,Suspicious email chain,Personal device
EVID_01557,Database Dump,Deleted files recovery,Corporate network
EVID_01558,Mobile Phone,Suspicious email chain,Law enforcement
EVID_01559,USB Device,Malware traces,Corporate network
EVID_01560,Database Dump,Unauthorized access logs,Law enforcement
EVID_01561,Laptop Image,Financial records,Personal device
EVID_01562,Laptop Image,External USB,Cloud provider
EVID_01563,Mobile Phone,Suspicious email chain,Law enforcement
EVID_01564,Hard Drive,Forged documents,Office search
EVID_01565,Hard Drive,Unauthorized access logs,Personal device
EVID_01566,Email Logs,Deleted files recovery,Office search
EVID_01567,Hard Drive,Financial records,Financial institution
EVID_01568,Cloud Storage,Deleted files recovery,Corporate network
EVID_01569,Account Records,Deleted files recovery,Personal device
EVID_01570,Account Records,Unauthorized access logs,Cloud provider
EVID_01571,Laptop Image,Suspect laptop,Corporate network
EVID_01572,Server Image,Encrypted smartphone,Cloud provider
EVID_01573,Laptop Image,Deleted files recovery,Financial institution
EVID_01574,Account Records,Bank transaction logs,Office search
EVID_01575,Account Records,Deleted files recovery,Cloud provider
EVID_01576,Hard Drive,Deleted files recovery,Corporate network
EVID_01577,Email Logs,Deleted files recovery,Personal device
EVID_01578,Server Image,Encrypted smartphone,Office search
EVID_01579,Laptop Image,Malware traces,Corporate network
EVID_01580,Server Image,Bank transaction logs,Financial institution
EVID_01581,Account Records,Encrypted smartphone,Office search
EVID_01582,Network Logs,Encrypted smartphone,Financial institution
EVID_01583,USB Device,Deleted files recovery,Corporate network
EVID_01584,Account Records,External USB,Corporate network
EVID_01585,Mobile Phone,Malware traces,Corporate network
EVID_01586,Laptop Image,Financial records,Cloud provider
EVID_01587,Account Records,Encrypted smartphone,Financial institution
EVID_01588,Laptop Image,Suspicious email chain,Corporate network
EVID_01589,Email Logs,Financial records,Law enforcement
EVID_01590,Database Dump,Suspicious email chain,Office search
EVID_01591,Email Logs,Financial records,Cloud provider
EVID_01592,USB Device,Financial records,Personal device
EVID_01593,Mobile Phone,Malware traces,Financial institution
EVID_01594,Database Dump,Malware traces,Corporate network
EVID_01595,Cloud Storage,Unauthorized access logs,Personal device
EVID_01596,Server Image,Encrypted smartphone,IT department
EVID_01597,Cloud Storage,Forged documents,Internal audit
EVID_01598,Database Dump,Deleted files recovery,Financial institution
EVID_01599,Laptop Image,Forged documents,IT department
EVID_01600,Laptop Image,Suspicious email chain,Law enforcement
EVID_01601,Email Logs,Unauthorized access logs,IT department
EVID_01602,Email Logs,Deleted files recovery,Personal device
EVID_01603,Laptop Image,Encrypted smartphone,Financial institution
EVID_01604,Cloud Storage,Financial records,Office search
EVID_01605,Laptop Image,Malware traces,IT department
EVID_01606,Mobile Phone,Bank transaction logs,Office search
EVID_01607,Network Logs,Forged documents,IT department
EVID_01608,Laptop Image,Malware traces,Internal audit
EVID_01609,Network Logs,Bank transaction logs,Corporate network
EVID_01610,Network Logs,Suspicious email chain,Corporate network
EVID_01611,Laptop Image,Malware traces,Law enforcement
EVID_01612,Mobile Phone,Malware traces,Financial institution
EVID_01613,Email Logs,Bank transaction logs,Cloud provider
EVID_01614,Account Records,Suspect laptop,Internal audit
EVID_01615,Mobile Phone,Forged documents,Law enforcement
EVID_01616,Hard Drive,Deleted files recovery,Law enforcement
EVID_01617,Account Records,External USB,Office search
EVID_01618,Server Image,Forged documents,Office search
EVID_01619,Database Dump,Suspicious email chain,Law enforcement
EVID_01620,Server Image,Malware traces,Law enforcement
EVID_01621,Email Logs,Bank transaction logs,Internal audit
EVID_01622,Database Dump,Deleted files recovery,Personal device
EVID_01623,Account Records,External USB,IT department
EVID_01624,Server Image,Financial records,Personal device
EVID_01625,Hard Drive,Unauthorized access logs,IT department
EVID_01626,Laptop Image,Bank transaction logs,Personal device
EVID_01627,Database Dump,Suspicious email chain,Corporate network
EVID_01628,USB Device,Encrypted smartphone,IT department
EVID_01629,Email Logs,Suspicious email chain,Personal device
EVID_01630,Laptop Image,Encrypted smartphone,Cloud provider
EVID_01631,Hard Drive,External USB,Law enforcement
EVID_01632,Laptop Image,Suspicious email chain,Cloud provider
EVID_01633,Server Image,Financial records,Office search
EVID_01634,Mobile Phone,Encrypted smartphone,Corporate network
EVID_01635,Database Dump,Financial records,Financial institution
EVID_01636,Network Logs,Unauthorized access logs,Personal device
EVID_01637,Laptop Image,Suspicious email chain,Cloud provider
EVID_01638,Cloud Storage,Deleted files recovery,IT department
EVID_01639,Hard Drive,Bank transaction logs,Internal audit
EVID_01640,Cloud Storage,Malware traces,Law enforcement
EVID_01641,Mobile Phone,Malware traces,Financial institution
EVID_01642,Cloud Storage,Suspicious email chain,Financial institution
EVID_01643,Account Records,External USB,Law enforcement
EVID_01644,Cloud Storage,Forged documents,Financial institution
EVID_01645,Mobile Phone,External USB,IT department
EVID_01646,Account Records,Suspect laptop,IT department
EVID_01647,Mobile Phone,Forged documents,Law enforcement
EVID_01648,Account Records,Encrypted smartphone,Cloud provider
EVID_01649,Account Records,Unauthorized access logs,Cloud provider
EVID_01650,Laptop Image,External USB,Internal audit
EVID_01651,Mobile Phone,External USB,Internal audit
EVID_01652,Mobile Phone,Suspect laptop,Law enforcement
EVID_01653,Network Logs,Unauthorized access logs,Law enforcement
EVID_01654,Server Image,Deleted files recovery,Office search
EVID_01655,Laptop Image,Forged documents,Internal audit
EVID_01656,Server Image,Deleted files recovery,Personal device
EVID_01657,Server Image,Forged documents,Corporate network
EVID_01658,Cloud Storage,Suspect laptop,Cloud provider
EVID_01659,Database Dump,Suspicious email chain,Internal audit
EVID_01660,USB Device,External USB,Office search
EVID_01661,Server Image,Deleted files recovery,Office search
EVID_01662,Hard Drive,Malware traces,Internal audit
EVID_01663,Account Records,External USB,Financial institution
EVID_01664,Network Logs,Suspect laptop,Cloud provider
EVID_01665,Network Logs,Suspect laptop,Law enforcement
EVID_01666,Cloud Storage,Financial records,Cloud provider
EVID_01667,Mobile Phone,External USB,Corporate network
EVID_01668,USB Device,Suspicious email chain,Financial institution
EVID_01669,Cloud Storage,Unauthorized access logs,Corporate network
EVID_01670,Account Records,Forged documents,Corporate network
EVID_01671,Hard Drive,Forged documents,Law enforcement
EVID_01672,USB Device,Unauthorized access logs,Office search
EVID_01673,Server Image,External USB,Financial institution
EVID_01674,Network Logs,Deleted files recovery,Financial institution
EVID_01675,Database Dump,Financial records,Internal audit
EVID_01676,Hard Drive,Suspicious email chain,Cloud provider
EVID_01677,Hard Drive,Malware traces,Personal device
EVID_01678,Hard Drive,Suspicious email chain,Law enforcement
EVID_01679,Server Image,Unauthorized access logs,Law enforcement
EVID_01680,Cloud Storage,Forged documents,Office search
EVID_01681,Cloud Storage,Forged documents,Cloud provider
EVID_01682,Mobile Phone,Suspect laptop,Corporate network
EVID_01683,USB Device,Suspicious email chain,Internal audit
EVID_01684,Database Dump,External USB,Corporate network
EVID_01685,Database Dump,External USB,Office search
EVID_01686,Account Records,Deleted files recovery,Cloud provider
EVID_01687,USB Device,Suspicious email chain,Corporate network
EVID_01688,Hard Drive,Deleted files recovery,Personal device
EVID_01689,Mobile Phone,Unauthorized access logs,Law enforcement
EVID_01690,Laptop Image,Financial records,Personal device
EVID_01691,Database Dump,Malware traces,Personal device
EVID_01692,Hard Drive,Financial records,Financial institution
EVID_01693,Hard Drive,Encrypted smartphone,Office search
EVID_01694,Server Image,Forged documents,Financial institution
EVID_01695,Laptop Image,Financial records,Corporate network
EVID_01696,Laptop Image,Deleted files recovery,Cloud provider
EVID_01697,Laptop Image,Financial records,Cloud provider
EVID_01698,USB Device,Deleted files recovery,Office search
EVID_01699,Account Records,Unauthorized access logs,Law enforcement
EVID_01700,Database Dump,Encrypted smartphone,Corporate network
EVID_01701,Database Dump,Suspicious email chain,Financial institution
EVID_01702,Cloud Storage,External USB,Law enforcement
EVID_01703,Cloud Storage,Deleted files recovery,Law enforcement
EVID_01704,Cloud Storage,Suspect laptop,Cloud provider
EVID_01705,Email Logs,Bank transaction logs,Corporate network
EVID_01706,Email Logs,Deleted files recovery,Internal audit
EVID_01707,Hard Drive,Financial records,Financial institution
EVID_01708,Database Dump,Bank transaction logs,Law enforcement
EVID_01709,Email Logs,Financial records,Office search
EVID_01710,USB Device,Suspect laptop,Personal device
EVID_01711,Mobile Phone,External USB,Law enforcement
EVID_01712,Email Logs,Malware traces,Internal audit
EVID_01713,USB Device,External USB,Law enforcement
EVID_01714,Cloud Storage,Bank transaction logs,Cloud provider
EVID_01715,Mobile Phone,Suspect laptop,Internal audit
EVID_01716,Network Logs,Financial records,Corporate network
EVID_01717,Database Dump,External USB,Personal device
EVID_01718,Mobile Phone,Suspect laptop,Financial institution
EVID_01719,Laptop Image,Encrypted smartphone,Internal audit
EVID_01720,Laptop Image,Forged documents,Law enforcement
EVID_01721,Account Records,Financial records,Law enforcement
EVID_01722,USB Device,Unauthorized access logs,IT department
EVID_01723,Server Image,Unauthorized access logs,Law enforcement
EVID_01724,Laptop Image,Forged documents,IT department
EVID_01725,Laptop Image,Forged documents,Internal audit
EVID_01726,Server Image,Unauthorized access logs,Corporate network
EVID_01727,Account Records,Financial records,Cloud provider
EVID_01728,USB Device,Malware traces,Law enforcement
EVID_01729,Network Logs,Bank transaction logs,Financial institution
EVID_01730,Email Logs,Encrypted smartphone,Corporate network
EVID_01731,Laptop Image,Encrypted smartphone,Corporate network
EVID_01732,Network Logs,Deleted files recovery,Corporate network
EVID_01733,Cloud Storage,Unauthorized access logs,Internal audit
EVID_01734,Email Logs,Bank transaction logs,IT department
EVID_01735,Network Logs,Financial records,Internal audit
EVID_01736,Laptop Image,Unauthorized access logs,Financial institution
EVID_01737,Mobile Phone,External USB,Internal audit
EVID_01738,Database Dump,Suspect laptop,Office search
EVID_01739,Database Dump,Financial records,Internal audit
EVID_01740,Database Dump,Forged documents,Internal audit
EVID_01741,Cloud Storage,Suspicious email chain,Corporate network
EVID_01742,Laptop Image,Malware traces,Cloud provider
EVID_01743,Cloud Storage,Suspicious email chain,Financial institution
EVID_01744,Laptop Image,Forged documents,Personal device
EVID_01745,Email Logs,Malware traces,Financial institution
EVID_01746,Hard Drive,Malware traces,Law enforcement
EVID_01747,USB Device,Encrypted smartphone,IT department
EVID_01748,Database Dump,Suspicious email chain,Office search
EVID_01749,Network Logs,External USB,Corporate network
EVID_01750,Account Records,Forged documents,IT department
EVID_01751,Database Dump,Financial records,IT department
EVID_01752,Network Logs,Deleted files recovery,Personal device
EVID_01753,Mobile Phone,Forged documents,Financial institution
EVID_01754,Laptop Image,Suspicious email chain,Cloud provider
EVID_01755,Database Dump,Suspect laptop,Financial institution
EVID_01756,Cloud Storage,Encrypted smartphone,Financial institution
EVID_01757,USB Device,Encrypted smartphone,IT department
EVID_01758,Account Records,External USB,IT department
EVID_01759,Account Records,Unauthorized access logs,IT department
EVID_01760,Cloud Storage,External USB,IT department
EVID_01761,Mobile Phone,Deleted files recovery,Corporate network
EVID_01762,Laptop Image,Suspicious email chain,Office search
EVID_01763,Email Logs,Suspicious email chain,Internal audit
EVID_01764,Cloud Storage,Suspicious email chain,Office search
EVID_01765,Laptop Image,External USB,IT department
EVID_01766,Server Image,External USB,Personal device
EVID_01767,Mobile Phone,Forged documents,Cloud provider
EVID_01768,Database Dump,Forged documents,IT department
EVID_01769,Database Dump,Unauthorized access logs,Internal audit
EVID_01770,Laptop Image,Encrypted smartphone,Personal device
EVID_01771,Email Logs,Malware traces,Internal audit
EVID_01772,Database Dump,Forged documents,Internal audit
EVID_01773,Email Logs,Suspicious email chain,Law enforcement
EVID_01774,Database Dump,Encrypted smartphone,Law enforcement
EVID_01775,Email Logs,Encrypted smartphone,Financial institution
EVID_01776,USB Device,Unauthorized access logs,Office search
EVID_01777,Cloud Storage,Forged documents,Office search
EVID_01778,USB Device,Financial records,Internal audit
EVID_01779,Database Dump,Suspicious email chain,Corporate network
EVID_01780,USB Device,Deleted files recovery,Office search
EVID_01781,Cloud Storage,Unauthorized access logs,Corporate network
EVID_01782,Server Image,Suspect laptop,Financial institution
EVID_01783,Server Image,Suspect laptop,Personal device
EVID_01784,Account Records,Unauthorized access logs,Office search
EVID_01785,Network Logs,Malware traces,Cloud provider
EVID_01786,Server Image,Bank transaction logs,Internal audit
EVID_01787,Mobile Phone,External USB,Corporate network
EVID_01788,Network Logs,Financial records,Personal device
EVID_01789,Email Logs,Deleted files recovery,Cloud provider
EVID_01790,Account Records,Unauthorized access logs,Office search
EVID_01791,Cloud Storage,Malware traces,Personal device
EVID_01792,Database Dump,External USB,Personal device
EVID_01793,Database Dump,Unauthorized access logs,Office search
EVID_01794,USB Device,Forged documents,Corporate network
EVID_01795,Laptop Image,External USB,Financial institution
EVID_01796,Laptop Image,Encrypted smartphone,Personal device
EVID_01797,Database Dump,Unauthorized access logs,Cloud provider
EVID_01798,Network Logs,Malware traces,Internal audit
EVID_01799,Laptop Image,Encrypted smartphone,Personal device
EVID_01800,Mobile Phone,Encrypted smartphone,Corporate network
EVID_01801,Laptop Image,Financial records,Law enforcement
EVID_01802,Laptop Image,Encrypted smartphone,IT department
EVID_01803,Hard Drive,External USB,Personal device
EVID_01804,Account Records,Unauthorized access logs,Corporate network
EVID_01805,Laptop Image,Financial records,Personal device
EVID_01806,Email Logs,External USB,Office search
EVID_01807,Hard Drive,Suspect laptop,Law enforcement
EVID_01808,Server Image,Malware traces,Law enforcement
EVID_01809,Network Logs,Financial records,Cloud provider
EVID_01810,Email Logs,Encrypted smartphone,IT department
EVID_01811,Laptop Image,Forged documents,IT department
EVID_01812,Cloud Storage,Suspect laptop,Personal device
EVID_01813,Server Image,Unauthorized access logs,IT department
EVID_01814,Server Image,Malware traces,IT department
EVID_01815,Network Logs,Financial records,IT department
EVID_01816,Hard Drive,Financial records,Financial institution
EVID_01817,Account Records,Forged documents,Internal audit
EVID_01818,USB Device,Unauthorized access logs,Corporate network
EVID_01819,Account Records,Unauthorized access logs,Office search
EVID_01820,USB Device,Malware traces,Internal audit
EVID_01821,Laptop Image,Forged documents,Personal device
EVID_01822,Cloud Storage,Suspicious email chain,IT department
EVID_01823,Database Dump,Malware traces,Law enforcement
EVID_01824,Cloud Storage,Bank transaction logs,Law enforcement
EVID_01825,Laptop Image,Unauthorized access logs,Personal device
EVID_01826,Server Image,Suspicious email chain,Financial institution
EVID_01827,USB Device,Unauthorized access logs,Personal device
EVID_01828,USB Device,Financial records,Internal audit
EVID_01829,Cloud Storage,Deleted files recovery,Office search
EVID_01830,Hard Drive,Unauthorized access logs,Office search
EVID_01831,Mobile Phone,Malware traces,Financial institution
EVID_01832,Server Image,Bank transaction logs,Financial institution
EVID_01833,Account Records,External USB,Personal device
EVID_01834,Cloud Storage,Malware traces,Internal audit
EVID_01835,Database Dump,Forged documents,Office search
EVID_01836,Mobile Phone,Suspect laptop,IT department
EVID_01837,Database Dump,External USB,Corporate network
EVID_01838,Laptop Image,Encrypted smartphone,IT department
EVID_01839,USB Device,Suspect laptop,Law enforcement
EVID_01840,USB Device,Forged documents,Financial institution
EVID_01841,Server Image,Suspicious email chain,Office search
EVID_01842,Mobile Phone,Financial records,Corporate network
EVID_01843,Network Logs,Deleted files recovery,Office search
EVID_01844,Account Records,Unauthorized access logs,Office search
EVID_01845,Account Records,Encrypted smartphone,Financial institution
EVID_01846,Laptop Image,Financial records,Personal device
EVID_01847,Email Logs,Suspicious email chain,IT department
EVID_01848,Cloud Storage,Encrypted smartphone,IT department
EVID_01849,Mobile Phone,Unauthorized access logs,Corporate network
EVID_01850,Mobile Phone,Forged documents,Personal device
EVID_01851,Server Image,Financial records,Corporate network
EVID_01852,Cloud Storage,Suspect laptop,Internal audit
EVID_01853,USB Device,Malware traces,Office search
EVID_01854,Laptop Image,Suspicious email chain,Office search
EVID_01855,Account Records,Suspicious email chain,IT department
EVID_01856,Laptop Image,Deleted files recovery,Internal audit
EVID_01857,Hard Drive,Financial records,Office search
EVID_01858,Laptop Image,External USB,IT department
EVID_01859,Database Dump,Deleted files recovery,Financial institution
EVID_01860,Database Dump,External USB,Corporate network
EVID_01861,USB Device,Malware traces,Cloud provider
EVID_01862,Laptop Image,Malware traces,Corporate network
EVID_01863,Server Image,Deleted files recovery,Cloud provider
EVID_01864,Account Records,Encrypted smartphone,Office search
EVID_01865,Database Dump,Financial records,Law enforcement
EVID_01866,Network Logs,Encrypted smartphone,IT department
EVID_01867,Cloud Storage,Bank transaction logs,Office search
EVID_01868,Laptop Image,External USB,Corporate network
EVID_01869,Server Image,Suspicious email chain,Office search
EVID_01870,Email Logs,Suspicious email chain,IT department
EVID_01871,Mobile Phone,External USB,Financial institution
EVID_01872,Email Logs,Financial records,Internal audit
EVID_01873,Server Image,Financial records,IT department
EVID_01874,Server Image,External USB,Internal audit
EVID_01875,Email Logs,Financial records,Corporate network
EVID_01876,Server Image,Unauthorized access logs,Cloud provider
EVID_01877,USB Device,Suspicious email chain,Office search
EVID_01878,Cloud Storage,Suspect laptop,IT department
EVID_01879,Database Dump,Suspicious email chain,Personal device
EVID_01880,Database Dump,Deleted files recovery,Corporate network
EVID_01881,Account Records,Suspect laptop,Cloud provider
EVID_01882,Server Image,Deleted files recovery,Office search
EVID_01883,Account Records,Suspect laptop,Corporate network
EVID_01884,Account Records,Bank transaction logs,Personal device
EVID_01885,USB Device,Forged documents,Corporate network
EVID_01886,Mobile Phone,Unauthorized access logs,Internal audit
EVID_01887,Server Image,Bank transaction logs,Financial institution
EVID_01888,Laptop Image,Financial records,Internal audit
EVID_01889,Account Records,Financial records,Office search
EVID_01890,Laptop Image,Forged documents,Personal device
EVID_01891,USB Device,Forged documents,Personal device
EVID_01892,Hard Drive,External USB,Financial institution
EVID_01893,Email Logs,Suspect laptop,Internal audit
EVID_01894,Hard Drive,Bank transaction logs,Office search
EVID_01895,Server Image,Suspicious email chain,Office search
EVID_01896,Server Image,Forged documents,IT department
EVID_01897,Account Records,Encrypted smartphone,Office search
EVID_01898,Hard Drive,Suspect laptop,Internal audit
EVID_01899,Database Dump,Financial records,Law enforcement
EVID_01900,Mobile Phone,Malware traces,Law enforcement
EVID_01901,Laptop Image,External USB,Internal audit
EVID_01902,Email Logs,Malware traces,Cloud provider
EVID_01903,Hard Drive,External USB,IT department
EVID_01904,Cloud Storage,Forged documents,Personal device
EVID_01905,Laptop Image,Bank transaction logs,Cloud provider
EVID_01906,Network Logs,Suspect laptop,Cloud provider
EVID_01907,Laptop Image,Bank transaction logs,Law enforcement
EVID_01908,Server Image,Encrypted smartphone,Internal audit
EVID_01909,Server Image,Forged documents,Corporate network
EVID_01910,USB Device,External USB,Law enforcement
EVID_01911,Laptop Image,Unauthorized access logs,Office search
EVID_01912,Mobile Phone,Financial records,Office search
EVID_01913,Server Image,Bank transaction logs,Cloud provider
EVID_01914,Network Logs,Malware traces,IT department
EVID_01915,Mobile Phone,Forged documents,Financial institution
EVID_01916,Server Image,Malware traces,Law enforcement
EVID_01917,Database Dump,Forged documents,Corporate network
EVID_01918,Network Logs,Financial records,Corporate network
EVID_01919,Database Dump,External USB,IT department
EVID_01920,USB Device,Deleted files recovery,Personal device
EVID_01921,Server Image,Unauthorized access logs,Corporate network
EVID_01922,Laptop Image,Suspicious email chain,Financial institution
EVID_01923,Mobile Phone,Financial records,Financial institution
EVID_01924,Mobile Phone,Financial records,Internal audit
EVID_01925,Email Logs,Suspect laptop,Office search
EVID_01926,Hard Drive,Unauthorized access logs,IT department
EVID_01927,Hard Drive,Bank transaction logs,Internal audit
EVID_01928,USB Device,Malware traces,Financial institution
EVID_01929,Laptop Image,Forged documents,Office search
EVID_01930,Cloud Storage,Deleted files recovery,IT department
EVID_01931,Database Dump,Suspect laptop,Law enforcement
EVID_01932,Server Image,Deleted files recovery,IT department
EVID_01933,Laptop Image,External USB,Corporate network
EVID_01934,Email Logs,Financial records,Law enforcement
EVID_01935,Email Logs,Financial records,Financial institution
EVID_01936,Mobile Phone,Unauthorized access logs,Law enforcement
EVID_01937,Email Logs,Bank transaction logs,Financial institution
EVID_01938,Server Image,Deleted files recovery,Office search
EVID_01939,Database Dump,Financial records,Law enforcement
EVID_01940,Cloud Storage,Deleted files recovery,Corporate network
EVID_01941,Mobile Phone,Bank transaction logs,Corporate network
EVID_01942,Network Logs,Deleted files recovery,Law enforcement
EVID_01943,Email Logs,External USB,Financial institution
EVID_01944,Email Logs,External USB,Office search
EVID_01945,Account Records,Suspicious email chain,Personal device
EVID_01946,Hard Drive,Malware traces,Law enforcement
EVID_01947,Database Dump,Forged documents,Cloud provider
EVID_01948,Network Logs,Forged documents,Cloud provider
EVID_01949,Hard Drive,Forged documents,Personal device
EVID_01950,Hard Drive,Forged documents,Corporate network
EVID_01951,Server Image,Deleted files recovery,Financial institution
EVID_01952,Database Dump,Financial records,Law enforcement
EVID_01953,USB Device,Unauthorized access logs,Personal device
EVID_01954,Cloud Storage,External USB,Personal device
EVID_01955,Network Logs,External USB,Personal device
EVID_01956,Server Image,Encrypted smartphone,Law enforcement
EVID_01957,Email Logs,Bank transaction logs,Financial institution
EVID_01958,Cloud Storage,Suspect laptop,Financial institution
EVID_01959,Cloud Storage,Forged documents,Corporate network
EVID_01960,Email Logs,Suspect laptop,Financial institution
EVID_01961,Network Logs,Bank transaction logs,Personal device
EVID_01962,Cloud Storage,External USB,IT department
EVID_01963,Laptop Image,Forged documents,IT department
EVID_01964,Mobile Phone,Deleted files recovery,Law enforcement
EVID_01965,Laptop Image,Unauthorized access logs,Office search
EVID_01966,Mobile Phone,External USB,Personal device
EVID_01967,Database Dump,Malware traces,Corporate network
EVID_01968,USB Device,Bank transaction logs,IT department
EVID_01969,USB Device,Forged documents,Cloud provider
EVID_01970,Cloud Storage,Deleted files recovery,Financial institution
EVID_01971,Laptop Image,Suspicious email chain,Cloud provider
EVID_01972,Database Dump,Deleted files recovery,Internal audit
EVID_01973,Hard Drive,Malware traces,IT department
EVID_01974,Account Records,Malware traces,Law enforcement
EVID_01975,Hard Drive,Suspicious email chain,Office search
EVID_01976,Email Logs,Suspect laptop,Cloud provider
EVID_01977,Database Dump,External USB,Cloud provider
EVID_01978,Cloud Storage,Forged documents,Internal audit
EVID_01979,Email Logs,Forged documents,Office search
EVID_01980,Server Image,External USB,Personal device
EVID_01981,Server Image,Malware traces,IT department
EVID_01982,Network Logs,External USB,Office search
EVID_01983,Database Dump,Suspicious email chain,IT department
EVID_01984,Laptop Image,Unauthorized access logs,Cloud provider
EVID_01985,Cloud Storage,Suspicious email chain,Office search
EVID_01986,Mobile Phone,Encrypted smartphone,Corporate network
EVID_01987,Account Records,Deleted files recovery,Financial institution
EVID_01988,Laptop Image,Forged documents,Office search
EVID_01989,Server Image,Forged documents,Internal audit
EVID_01990,Cloud Storage,Deleted files recovery,Personal device
EVID_01991,Account Records,Suspicious email chain,Law enforcement
EVID_01992,Laptop Image,Forged documents,Law enforcement
EVID_01993,Email Logs,Suspicious email chain,Corporate network
EVID_01994,Email Logs,External USB,Personal device
EVID_01995,Email Logs,Unauthorized access logs,Personal device
EVID_01996,Hard Drive,Suspect laptop,Corporate network
EVID_01997,Hard Drive,Suspicious email chain,Law enforcement
EVID_01998,Network Logs,Deleted files recovery,Law enforcement
EVID_01999,Mobile Phone,Suspicious email chain,Financial institution
EVID_02000,USB Device,Bank transaction logs,Internal audit
EVID_02001,USB Device,Unauthorized access logs,IT department
EVID_02002,Network Logs,Suspicious email chain,Law enforcement
EVID_02003,Server Image,Encrypted smartphone,IT department
EVID_02004,Account Records,Suspicious email chain,Internal audit
EVID_02005,Cloud Storage,Bank transaction logs,Office search
EVID_02006,Email Logs,Suspect laptop,Financial institution
EVID_02007,Laptop Image,Financial records,Office search
EVID_02008,Cloud Storage,Deleted files recovery,Corporate network
EVID_02009,Network Logs,Malware traces,Office search
EVID_02010,Email Logs,Encrypted smartphone,Cloud provider
EVID_02011,Network Logs,Suspect laptop,Corporate network
EVID_02012,Network Logs,Unauthorized access logs,IT department
EVID_02013,Account Records,Suspect laptop,Personal device
EVID_02014,Database Dump,Deleted files recovery,Internal audit
EVID_02015,Account Records,Financial records,Financial institution
EVID_02016,Database Dump,Unauthorized access logs,Cloud provider
EVID_02017,Mobile Phone,Suspicious email chain,Corporate network
EVID_02018,Email Logs,Forged documents,Corporate network
EVID_02019,USB Device,Bank transaction logs,Cloud provider
EVID_02020,Laptop Image,Deleted files recovery,Personal device
EVID_02021,Email Logs,External USB,Personal device
EVID_02022,USB Device,Deleted files recovery,Financial institution
EVID_02023,Cloud Storage,Deleted files recovery,Law enforcement
EVID_02024,USB Device,Forged documents,IT department
EVID_02025,Network Logs,Deleted files recovery,Office search
EVID_02026,Network Logs,Malware traces,Office search
EVID_02027,Hard Drive,Forged documents,Corporate network
EVID_02028,Server Image,External USB,Corporate network
EVID_02029,Laptop Image,Financial records,Cloud provider
EVID_02030,USB Device,External USB,Internal audit
EVID_02031,Cloud Storage,Malware traces,IT department
EVID_02032,Network Logs,Forged documents,Personal device
EVID_02033,Server Image,Deleted files recovery,Internal audit
EVID_02034,Laptop Image,Deleted files recovery,Internal audit
EVID_02035,Server Image,Forged documents,Law enforcement
EVID_02036,Hard Drive,Suspicious email chain,Office search
EVID_02037,Laptop Image,Bank transaction logs,Law enforcement
EVID_02038,Email Logs,Encrypted smartphone,Personal device
EVID_02039,Cloud Storage,Malware traces,Office search
EVID_02040,Network Logs,Encrypted smartphone,Office search
EVID_02041,Hard Drive,Forged documents,Office search
EVID_02042,Account Records,Malware traces,Law enforcement
EVID_02043,Mobile Phone,Unauthorized access logs,Corporate network
EVID_02044,Mobile Phone,Unauthorized access logs,IT department
EVID_02045,Hard Drive,Malware traces,Corporate network
EVID_02046,Account Records,Malware traces,Law enforcement
EVID_02047,Network Logs,Suspect laptop,Financial institution
EVID_02048,Account Records,Forged documents,Personal device
EVID_02049,Hard Drive,External USB,Personal device
EVID_02050,Server Image,Suspect laptop,Internal audit
EVID_02051,USB Device,Forged documents,Office search
EVID_02052,Mobile Phone,Forged documents,IT department
EVID_02053,Account Records,Financial records,Financial institution
EVID_02054,Hard Drive,Deleted files recovery,Cloud provider
EVID_02055,USB Device,Malware traces,IT department
EVID_02056,Database Dump,Malware traces,Law enforcement
EVID_02057,Database Dump,Suspect laptop,IT department
EVID_02058,Server Image,Encrypted smartphone,Corporate network
EVID_02059,Network Logs,Encrypted smartphone,Office search
EVID_02060,Database Dump,External USB,Office search
EVID_02061,Network Logs,Malware traces,Personal device
EVID_02062,Server Image,Forged documents,Corporate network
EVID_02063,Database Dump,Bank transaction logs,Financial institution
EVID_02064,Mobile Phone,Unauthorized access logs,IT department
EVID_02065,USB Device,Malware traces,Office search
EVID_02066,Network Logs,Forged documents,Office search
EVID_02067,Laptop Image,Suspect laptop,Internal audit
EVID_02068,USB Device,Unauthorized access logs,IT department
EVID_02069,Laptop Image,Suspicious email chain,Cloud provider
EVID_02070,Cloud Storage,Encrypted smartphone,Financial institution
EVID_02071,Server Image,Encrypted smartphone,Law enforcement
EVID_02072,Network Logs,Bank transaction logs,Personal device
EVID_02073,Cloud Storage,Unauthorized access logs,Internal audit
EVID_02074,Hard Drive,Deleted files recovery,Personal device
EVID_02075,Network Logs,Unauthorized access logs,Cloud provider
EVID_02076,Account Records,Unauthorized access logs,IT department
EVID_02077,USB Device,Financial records,Internal audit
EVID_02078,Email Logs,Encrypted smartphone,Office search
EVID_02079,Database Dump,Bank transaction logs,Internal audit
EVID_02080,Network Logs,External USB,Cloud provider
EVID_02081,Hard Drive,Deleted files recovery,Office search
EVID_02082,Hard Drive,Deleted files recovery,Office search
EVID_02083,Hard Drive,Malware traces,Corporate network
EVID_02084,Hard Drive,Suspect laptop,Personal device
EVID_02085,Database Dump,Suspect laptop,Cloud provider
EVID_02086,Cloud Storage,Financial records,IT department
EVID_02087,Mobile Phone,Forged documents,Office search
EVID_02088,Account Records,External USB,Office search
EVID_02089,Cloud Storage,External USB,IT department
EVID_02090,Cloud Storage,Forged documents,Corporate network
EVID_02091,Database Dump,Malware traces,Personal device
EVID_02092,Laptop Image,Forged documents,Financial institution
EVID_02093,Database Dump,Encrypted smartphone,Office search
EVID_02094,Mobile Phone,Malware traces,IT department
EVID_02095,Server Image,Malware traces,Cloud provider
EVID_02096,Network Logs,Deleted files recovery,Cloud provider
EVID_02097,Server Image,Forged documents,Corporate network
EVID_02098,Email Logs,External USB,Office search
EVID_02099,Laptop Image,External USB,IT department
EVID_02100,Account Records,Malware traces,Office search
EVID_02101,Network Logs,External USB,Financial institution
EVID_02102,Laptop Image,Bank transaction logs,Financial institution
EVID_02103,Laptop Image,Deleted files recovery,Corporate network
EVID_02104,USB Device,Unauthorized access logs,Office search
EVID_02105,Account Records,Deleted files recovery,Office search
EVID_02106,Hard Drive,Malware traces,Financial institution
EVID_02107,Server Image,Deleted files recovery,Cloud provider
EVID_02108,Hard Drive,Forged documents,Internal audit
EVID_02109,Server Image,Financial records,Financial institution
EVID_02110,Database Dump,Unauthorized access logs,Law enforcement
EVID_02111,Network Logs,Financial records,Law enforcement
EVID_02112,Laptop Image,Forged documents,Personal device
EVID_02113,Email Logs,Suspect laptop,Office search
EVID_02114,Network Logs,Encrypted smartphone,Internal audit
EVID_02115,Hard Drive,Suspect laptop,Internal audit
EVID_02116,Laptop Image,Malware traces,IT department
EVID_02117,Account Records,Unauthorized access logs,IT department
EVID_02118,Database Dump,Deleted files recovery,Internal audit
EVID_02119,Mobile Phone,Encrypted smartphone,Office search
EVID_02120,Cloud Storage,Forged documents,Internal audit
EVID_02121,Cloud Storage,Suspicious email chain,Internal audit
EVID_02122,Database Dump,Malware traces,Cloud provider
EVID_02123,Laptop Image,Suspect laptop,IT department
EVID_02124,Email Logs,Malware traces,Law enforcement
EVID_02125,Laptop Image,Unauthorized access logs,Financial institution
EVID_02126,Mobile Phone,Bank transaction logs,IT department
EVID_02127,Mobile Phone,External USB,Internal audit
EVID_02128,Mobile Phone,Suspicious email chain,Cloud provider
EVID_02129,Account Records,Encrypted smartphone,Financial institution
EVID_02130,Account Records,Bank transaction logs,Office search
EVID_02131,Hard Drive,Forged documents,Office search
EVID_02132,Hard Drive,External USB,Financial institution
EVID_02133,Account Records,Financial records,Internal audit
EVID_02134,Server Image,Encrypted smartphone,Office search
EVID_02135,Server Image,Deleted files recovery,Internal audit
EVID_02136,Email Logs,Malware traces,Office search
EVID_02137,Cloud Storage,Encrypted smartphone,Law enforcement
EVID_02138,Hard Drive,Financial records,Personal device
EVID_02139,Server Image,Bank transaction logs,Office search
EVID_02140,Cloud Storage,Encrypted smartphone,Cloud provider
EVID_02141,Database Dump,Deleted files recovery,Office search
EVID_02142,Network Logs,Deleted files recovery,Financial institution
EVID_02143,Database Dump,Forged documents,Corporate network
EVID_02144,Email Logs,External USB,Law enforcement
EVID_02145,Account Records,Forged documents,Corporate network
EVID_02146,Email Logs,Financial records,Law enforcement
EVID_02147,USB Device,Bank transaction logs,Cloud provider
EVID_02148,Account Records,Suspicious email chain,Financial institution
EVID_02149,USB Device,Encrypted smartphone,Internal audit
EVID_02150,Account Records,Bank transaction logs,Financial institution
EVID_02151,Database Dump,Suspect laptop,IT department
EVID_02152,Database Dump,Encrypted smartphone,Corporate network
EVID_02153,Account Records,Suspicious email chain,Corporate network
EVID_02154,Laptop Image,Encrypted smartphone,Cloud provider
EVID_02155,Server Image,Suspicious email chain,Office search
EVID_02156,Mobile Phone,Malware traces,Corporate network
EVID_02157,Email Logs,External USB,Corporate network
EVID_02158,Mobile Phone,Bank transaction logs,IT department
EVID_02159,Mobile Phone,Financial records,Financial institution
EVID_02160,Account Records,Malware traces,Office search
EVID_02161,Database Dump,Deleted files recovery,Corporate network
EVID_02162,Network Logs,Unauthorized access logs,Law enforcement
EVID_02163,Mobile Phone,Financial records,Internal audit
EVID_02164,Account Records,Deleted files recovery,IT department
EVID_02165,Cloud Storage,External USB,Personal device
EVID_02166,Hard Drive,Deleted files recovery,IT department
EVID_02167,Server Image,Unauthorized access logs,Law enforcement
EVID_02168,Account Records,Suspicious email chain,Law enforcement
EVID_02169,Email Logs,Bank transaction logs,Internal audit
EVID_02170,Hard Drive,Suspicious email chain,Office search
EVID_02171,Laptop Image,Financial records,Internal audit
EVID_02172,Database Dump,Encrypted smartphone,Internal audit
EVID_02173,Network Logs,Deleted files recovery,IT department
EVID_02174,Mobile Phone,Malware traces,Personal device
EVID_02175,Server Image,Bank transaction logs,Corporate network
EVID_02176,Mobile Phone,Suspicious email chain,Office search
EVID_02177,Email Logs,Financial records,Office search
EVID_02178,Cloud Storage,Malware traces,IT department
EVID_02179,Account Records,Deleted files recovery,Law enforcement
EVID_02180,USB Device,Encrypted smartphone,IT department
EVID_02181,Network Logs,Bank transaction logs,Internal audit
EVID_02182,Email Logs,Financial records,IT department
EVID_02183,Hard Drive,Encrypted smartphone,Financial institution
EVID_02184,Mobile Phone,Suspicious email chain,Corporate network
EVID_02185,Cloud Storage,Bank transaction logs,Internal audit
EVID_02186,Mobile Phone,Financial records,Financial institution
EVID_02187,Server Image,Suspicious email chain,Corporate network
EVID_02188,Account Records,External USB,Cloud provider
EVID_02189,Database Dump,Suspect laptop,Internal audit
EVID_02190,Database Dump,Financial records,Financial institution
EVID_02191,Database Dump,Suspect laptop,Internal audit
EVID_02192,Laptop Image,Unauthorized access logs,IT department
EVID_02193,Server Image,Suspicious email chain,Corporate network
EVID_02194,Mobile Phone,Unauthorized access logs,Personal device
EVID_02195,Network Logs,Suspect laptop,IT department
EVID_02196,Email Logs,Deleted files recovery,Internal audit
EVID_02197,Network Logs,Encrypted smartphone,Office search
EVID_02198,Network Logs,Forged documents,Personal device
EVID_02199,Network Logs,Financial records,Cloud provider
EVID_02200,USB Device,Encrypted smartphone,Office search
EVID_02201,Laptop Image,Deleted files recovery,Financial institution
EVID_02202,Server Image,Encrypted smartphone,Corporate network
EVID_02203,Network Logs,Financial records,Personal device
EVID_02204,Account Records,Suspect laptop,Financial institution
EVID_02205,Laptop Image,External USB,Corporate network
EVID_02206,Account Records,Financial records,Corporate network
EVID_02207,Server Image,Bank transaction logs,Cloud provider
EVID_02208,Account Records,Financial records,Cloud provider
EVID_02209,Network Logs,Malware traces,Office search
EVID_02210,USB Device,Malware traces,Corporate network
EVID_02211,USB Device,Forged documents,Law enforcement
EVID_02212,Network Logs,Forged documents,Office search
EVID_02213,Hard Drive,Deleted files recovery,Cloud provider
EVID_02214,Email Logs,Bank transaction logs,Corporate network
EVID_02215,Server Image,Malware traces,IT department
EVID_02216,Account Records,Unauthorized access logs,Financial institution
EVID_02217,Database Dump,Deleted files recovery,Corporate network
EVID_02218,Database Dump,Financial records,Financial institution
EVID_02219,Network Logs,Forged documents,Cloud provider
EVID_02220,Network Logs,Suspect laptop,IT department
EVID_02221,USB Device,Malware traces,Law enforcement
EVID_02222,Mobile Phone,Financial records,Financial institution
EVID_02223,Account Records,Suspect laptop,Internal audit
EVID_02224,Hard Drive,Suspicious email chain,Cloud provider
EVID_02225,Hard Drive,Deleted files recovery,Corporate network
EVID_02226,Email Logs,Deleted files recovery,Cloud provider
EVID_02227,Cloud Storage,Bank transaction logs,Internal audit
EVID_02228,Network Logs,Suspect laptop,Cloud provider
EVID_02229,Hard Drive,Forged documents,Corporate network
EVID_02230,Server Image,Encrypted smartphone,Personal device
EVID_02231,Hard Drive,Deleted files recovery,Law enforcement
EVID_02232,Cloud Storage,Suspicious email chain,Corporate network
EVID_02233,USB Device,Deleted files recovery,Internal audit
EVID_02234,Server Image,Forged documents,Internal audit
EVID_02235,Mobile Phone,Deleted files recovery,Personal device
EVID_02236,Account Records,Suspect laptop,Personal device
EVID_02237,Mobile Phone,Suspect laptop,Law enforcement
EVID_02238,Database Dump,Deleted files recovery,Personal device
EVID_02239,Laptop Image,External USB,IT department
EVID_02240,Server Image,External USB,Office search
EVID_02241,Cloud Storage,Suspicious email chain,Internal audit
EVID_02242,Network Logs,Suspicious email chain,IT department
EVID_02243,Laptop Image,Suspect laptop,Internal audit
EVID_02244,Cloud Storage,Deleted files recovery,Law enforcement
EVID_02245,Laptop Image,Encrypted smartphone,Corporate network
EVID_02246,Hard Drive,Unauthorized access logs,Law enforcement
EVID_02247,Laptop Image,External USB,Office search
EVID_02248,Mobile Phone,Bank transaction logs,Corporate network
EVID_02249,Network Logs,Financial records,Cloud provider
EVID_02250,Laptop Image,Forged documents,Corporate network
EVID_02251,Cloud Storage,Encrypted smartphone,IT department
EVID_02252,Network Logs,Suspect laptop,IT department
EVID_02253,Server Image,Financial records,Financial institution
EVID_02254,Laptop Image,Malware traces,Cloud provider
EVID_02255,Network Logs,Encrypted smartphone,IT department
EVID_02256,Hard Drive,External USB,Law enforcement
EVID_02257,Mobile Phone,Suspicious email chain,Financial institution
EVID_02258,Hard Drive,External USB,Personal device
EVID_02259,Server Image,Forged documents,Office search
EVID_02260,Network Logs,Forged documents,Personal device
EVID_02261,Laptop Image,Bank transaction logs,Law enforcement
EVID_02262,Laptop Image,Suspect laptop,Internal audit
EVID_02263,USB Device,Deleted files recovery,Internal audit
EVID_02264,Laptop Image,Suspect laptop,Personal device
EVID_02265,Mobile Phone,Malware traces,Corporate network
EVID_02266,Account Records,Unauthorized access logs,IT department
EVID_02267,Database Dump,External USB,Corporate network
EVID_02268,USB Device,Unauthorized access logs,Financial institution
EVID_02269,Cloud Storage,Suspicious email chain,Corporate network
EVID_02270,Laptop Image,Bank transaction logs,Law enforcement
EVID_02271,USB Device,Encrypted smartphone,Internal audit
EVID_02272,USB Device,Financial records,Law enforcement
EVID_02273,Email Logs,Malware traces,Corporate network
EVID_02274,Server Image,Financial records,Cloud provider
EVID_02275,Laptop Image,Forged documents,Law enforcement
EVID_02276,Server Image,External USB,Cloud provider
EVID_02277,Cloud Storage,Suspect laptop,Financial institution
EVID_02278,Email Logs,External USB,IT department
EVID_02279,USB Device,Financial records,Cloud provider
EVID_02280,Laptop Image,Unauthorized access logs,Corporate network
EVID_02281,Database Dump,Suspect laptop,Law enforcement
EVID_02282,Account Records,Malware traces,Office search
EVID_02283,Account Records,Suspicious email chain,IT department
EVID_02284,Hard Drive,Suspicious email chain,Office search
EVID_02285,Laptop Image,Encrypted smartphone,Internal audit
EVID_02286,Mobile Phone,Suspect laptop,Financial institution
EVID_02287,Laptop Image,Suspicious email chain,Corporate network
EVID_02288,Server Image,Financial records,Office search
EVID_02289,Server Image,Financial records,IT department
EVID_02290,Network Logs,Suspect laptop,Corporate network
EVID_02291,Laptop Image,Financial records,Financial institution
EVID_02292,Cloud Storage,Forged documents,Cloud provider
EVID_02293,Account Records,Deleted files recovery,Cloud provider
EVID_02294,Database Dump,Unauthorized access logs,Cloud provider
EVID_02295,Hard Drive,Encrypted smartphone,Cloud provider
EVID_02296,Account Records,Encrypted smartphone,Cloud provider
EVID_02297,Cloud Storage,External USB,Cloud provider
EVID_02298,Server Image,Unauthorized access logs,Financial institution
EVID_02299,Mobile Phone,Bank transaction logs,Corporate network
EVID_02300,Email Logs,Suspect laptop,Internal audit
EVID_02301,Cloud Storage,Forged documents,IT department
EVID_02302,Database Dump,Suspect laptop,Internal audit
EVID_02303,Email Logs,Malware traces,Internal audit
EVID_02304,Database Dump,Deleted files recovery,Personal device
EVID_02305,Cloud Storage,Unauthorized access logs,Office search
EVID_02306,Database Dump,Suspicious email chain,Corporate network
EVID_02307,Email Logs,Suspicious email chain,Law enforcement
EVID_02308,Account Records,Encrypted smartphone,Cloud provider
EVID_02309,Server Image,Unauthorized access logs,Office search
EVID_02310,Mobile Phone,Bank transaction logs,IT department
EVID_02311,Network Logs,Malware traces,IT department
EVID_02312,Server Image,Malware traces,Corporate network
EVID_02313,Account Records,Unauthorized access logs,Cloud provider
EVID_02314,Email Logs,Unauthorized access logs,Financial institution
EVID_02315,Database Dump,Deleted files recovery,Corporate network
EVID_02316,Hard Drive,Unauthorized access logs,Internal audit
EVID_02317,Hard Drive,Financial records,Law enforcement
EVID_02318,Hard Drive,External USB,IT department
EVID_02319,Account Records,Suspect laptop,Internal audit
EVID_02320,Laptop Image,Malware traces,IT department
EVID_02321,Cloud Storage,External USB,Cloud provider
EVID_02322,Account Records,Deleted files recovery,Corporate network
EVID_02323,Laptop Image,Encrypted smartphone,Internal audit
EVID_02324,Server Image,Suspicious email chain,Personal device
EVID_02325,Account Records,Encrypted smartphone,Corporate network
EVID_02326,Database Dump,External USB,Personal device
EVID_02327,USB Device,Forged documents,Cloud provider
EVID_02328,Account Records,Suspect laptop,IT department
EVID_02329,Email Logs,Encrypted smartphone,Personal device
EVID_02330,Server Image,Malware traces,Law enforcement
EVID_02331,Network Logs,Malware traces,Office search
EVID_02332,USB Device,Deleted files recovery,Financial institution
EVID_02333,Email Logs,Malware traces,Corporate network
EVID_02334,Mobile Phone,Unauthorized access logs,Office search
EVID_02335,USB Device,Bank transaction logs,Office search
EVID_02336,Database Dump,Malware traces,Internal audit
EVID_02337,Server Image,Malware traces,Financial institution
EVID_02338,USB Device,Unauthorized access logs,Corporate network
EVID_02339,Network Logs,Suspect laptop,Office search
EVID_02340,Laptop Image,Malware traces,IT department
EVID_02341,Database Dump,Bank transaction logs,Law enforcement
EVID_02342,Email Logs,Financial records,Cloud provider
EVID_02343,Database Dump,Financial records,Cloud provider
EVID_02344,Cloud Storage,Suspicious email chain,Corporate network
EVID_02345,Mobile Phone,Bank transaction logs,Office search
EVID_02346,Server Image,Deleted files recovery,IT department
EVID_02347,USB Device,Unauthorized access logs,Corporate network
EVID_02348,Hard Drive,Deleted files recovery,Financial institution
EVID_02349,Cloud Storage,Encrypted smartphone,Law enforcement
EVID_02350,Server Image,Financial records,Cloud provider
EVID_02351,Network Logs,Suspicious email chain,Financial institution
EVID_02352,Account Records,Forged documents,Office search
EVID_02353,USB Device,External USB,Internal audit
EVID_02354,Hard Drive,External USB,Corporate network
EVID_02355,Hard Drive,Suspect laptop,Cloud provider
EVID_02356,Mobile Phone,Malware traces,IT department
EVID_02357,USB Device,Suspicious email chain,Corporate network
EVID_02358,Hard Drive,Financial records,Internal audit
EVID_02359,Email Logs,External USB,Internal audit
EVID_02360,Laptop Image,Suspect laptop,Cloud provider
EVID_02361,Database Dump,Forged documents,Office search
EVID_02362,Database Dump,Bank transaction logs,Office search
EVID_02363,Network Logs,Malware traces,Corporate network
EVID_02364,Database Dump,External USB,Corporate network
EVID_02365,Email Logs,Unauthorized access logs,Financial institution
EVID_02366,Email Logs,Suspect laptop,Internal audit
EVID_02367,Hard Drive,Deleted files recovery,IT department
EVID_02368,Database Dump,External USB,Law enforcement
EVID_02369,Cloud Storage,Financial records,Cloud provider
EVID_02370,Database Dump,Suspect laptop,Cloud provider
EVID_02371,Cloud Storage,Financial records,Law enforcement
EVID_02372,Laptop Image,Bank transaction logs,Financial institution
EVID_02373,Laptop Image,Suspect laptop,Law enforcement
EVID_02374,USB Device,Malware traces,Office search
EVID_02375,Cloud Storage,Bank transaction logs,IT department
EVID_02376,Hard Drive,Financial records,IT department
EVID_02377,Laptop Image,Suspect laptop,Office search
EVID_02378,Server Image,Deleted files recovery,IT department
EVID_02379,Network Logs,Forged documents,Cloud provider
EVID_02380,Account Records,Encrypted smartphone,Personal device
EVID_02381,Cloud Storage,Malware traces,Office search
EVID_02382,USB Device,Bank transaction logs,Cloud provider
EVID_02383,USB Device,External USB,Internal audit
EVID_02384,Email Logs,Encrypted smartphone,Cloud provider
EVID_02385,Cloud Storage,Financial records,Corporate network
EVID_02386,Cloud Storage,Financial records,IT department
EVID_02387,Mobile Phone,Financial records,Cloud provider
EVID_02388,Database Dump,Forged documents,Law enforcement
EVID_02389,Network Logs,Bank transaction logs,Office search
EVID_02390,Database Dump,Deleted files recovery,Office search
EVID_02391,Email Logs,Malware traces,Corporate network
EVID_02392,USB Device,Encrypted smartphone,Financial institution
EVID_02393,Hard Drive,External USB,Internal audit
EVID_02394,Account Records,External USB,Office search
EVID_02395,Account Records,External USB,Financial institution
EVID_02396,Server Image,External USB,Law enforcement
EVID_02397,Email Logs,Deleted files recovery,IT department
EVID_02398,Server Image,Forged documents,IT department
EVID_02399,Server Image,Malware traces,IT department
EVID_02400,Cloud Storage,External USB,Personal device
EVID_02401,Mobile Phone,Forged documents,Personal device
EVID_02402,Account Records,Unauthorized access logs,Internal audit
EVID_02403,Database Dump,Suspect laptop,Internal audit
EVID_02404,Cloud Storage,Deleted files recovery,Corporate network
EVID_02405,Email Logs,Bank transaction logs,Financial institution
EVID_02406,Email Logs,Deleted files recovery,Law enforcement
EVID_02407,Hard Drive,Encrypted smartphone,Internal audit
EVID_02408,Server Image,Encrypted smartphone,Cloud provider
EVID_02409,Laptop Image,Bank transaction logs,Internal audit
EVID_02410,Cloud Storage,Financial records,Corporate network
EVID_02411,Laptop Image,Bank transaction logs,Law enforcement
EVID_02412,Network Logs,Unauthorized access logs,Financial institution
EVID_02413,Network Logs,Encrypted smartphone,IT department
EVID_02414,Laptop Image,Malware traces,Corporate network
EVID_02415,USB Device,Unauthorized access logs,Cloud provider
EVID_02416,USB Device,Deleted files recovery,Corporate network
EVID_02417,Network Logs,Financial records,Financial institution
EVID_02418,Mobile Phone,Financial records,Office search
EVID_02419,Laptop Image,Bank transaction logs,Personal device
EVID_02420,Email Logs,Suspect laptop,Personal device
EVID_02421,Network Logs,Deleted files recovery,Office search
EVID_02422,Account Records,Suspect laptop,Cloud provider
EVID_02423,Database Dump,Malware traces,IT department
EVID_02424,Email Logs,External USB,IT department
EVID_02425,Account Records,Forged documents,Internal audit
EVID_02426,USB Device,Encrypted smartphone,Personal device
EVID_02427,Email Logs,Bank transaction logs,Law enforcement
EVID_02428,Cloud Storage,Suspect laptop,Personal device
EVID_02429,Email Logs,Forged documents,Cloud provider
EVID_02430,Mobile Phone,Bank transaction logs,Financial institution
EVID_02431,Network Logs,Malware traces,Cloud provider
EVID_02432,USB Device,Suspect laptop,Personal device
EVID_02433,Server Image,Deleted files recovery,Law enforcement
EVID_02434,Server Image,Bank transaction logs,Law enforcement
EVID_02435,Email Logs,Financial records,Office search
EVID_02436,USB Device,Financial records,Cloud provider
EVID_02437,Network Logs,Financial records,Office search
EVID_02438,Hard Drive,Malware traces,Corporate network
EVID_02439,USB Device,Deleted files recovery,Office search
EVID_02440,USB Device,Unauthorized access logs,Office search
EVID_02441,Mobile Phone,Financial records,Cloud provider
EVID_02442,Email Logs,Unauthorized access logs,IT department
EVID_02443,USB Device,Malware traces,Internal audit
EVID_02444,Cloud Storage,Encrypted smartphone,Personal device
EVID_02445,Network Logs,Malware traces,Internal audit
EVID_02446,Database Dump,Malware traces,Corporate network
EVID_02447,Database Dump,Suspect laptop,Personal device
EVID_02448,Mobile Phone,Forged documents,Cloud provider
EVID_02449,Hard Drive,Suspicious email chain,Corporate network
EVID_02450,USB Device,Forged documents,Law enforcement
EVID_02451,Account Records,Unauthorized access logs,Corporate network
EVID_02452,Laptop Image,Encrypted smartphone,Internal audit
EVID_02453,Network Logs,Bank transaction logs,Internal audit
EVID_02454,Account Records,Financial records,Internal audit
EVID_02455,Mobile Phone,Suspicious email chain,IT department
EVID_02456,Server Image,Suspect laptop,Law enforcement
EVID_02457,Account Records,Suspect laptop,Office search
EVID_02458,Laptop Image,Unauthorized access logs,Office search
EVID_02459,USB Device,Encrypted smartphone,Office search
EVID_02460,Server Image,Financial records,Corporate network
EVID_02461,Mobile Phone,Malware traces,Internal audit
EVID_02462,Email Logs,Forged documents,Financial institution
EVID_02463,Database Dump,Malware traces,Office search
EVID_02464,Email Logs,Encrypted smartphone,Cloud provider
EVID_02465,Laptop Image,Deleted files recovery,Financial institution
EVID_02466,Cloud Storage,Encrypted smartphone,Cloud provider
EVID_02467,Database Dump,Suspicious email chain,Internal audit
EVID_02468,Network Logs,Forged documents,Internal audit
EVID_02469,Mobile Phone,Encrypted smartphone,Internal audit
EVID_02470,Mobile Phone,Suspicious email chain,Cloud provider
EVID_02471,Email Logs,Deleted files recovery,Cloud provider
EVID_02472,Server Image,Deleted files recovery,Corporate network
EVID_02473,Hard Drive,Malware traces,Cloud provider
EVID_02474,Network Logs,Unauthorized access logs,Law enforcement
EVID_02475,Database Dump,Financial records,Internal audit
EVID_02476,Hard Drive,Suspicious email chain,Office search
EVID_02477,Account Records,Suspicious email chain,IT department
EVID_02478,Laptop Image,Forged documents,Office search
EVID_02479,Laptop Image,Suspicious email chain,IT department
EVID_02480,Mobile Phone,Forged documents,Office search
EVID_02481,Email Logs,Forged documents,Corporate network
EVID_02482,Cloud Storage,Bank transaction logs,Financial institution
EVID_02483,Mobile Phone,External USB,Law enforcement
EVID_02484,Email Logs,Forged documents,Internal audit
EVID_02485,Server Image,Financial records,IT department
EVID_02486,USB Device,External USB,Corporate network
EVID_02487,Email Logs,Bank transaction logs,Personal device
EVID_02488,Laptop Image,Deleted files recovery,Corporate network
EVID_02489,Cloud Storage,Malware traces,Financial institution
EVID_02490,USB Device,Suspicious email chain,Financial institution
EVID_02491,Network Logs,External USB,Law enforcement
EVID_02492,Laptop Image,Unauthorized access logs,Law enforcement
EVID_02493,Network Logs,Forged documents,Corporate network
EVID_02494,Network Logs,Suspect laptop,Corporate network
EVID_02495,Laptop Image,Bank transaction logs,IT department
EVID_02496,Laptop Image,Suspicious email chain,Corporate network
EVID_02497,Hard Drive,Bank transaction logs,Cloud provider
EVID_02498,Email Logs,Unauthorized access logs,Cloud provider
EVID_02499,Hard Drive,External USB,Corporate network
EVID_02500,Hard Drive,External USB,Financial institution
EVID_02501,USB Device,Malware traces,Internal audit
EVID_02502,Network Logs,External USB,Internal audit
EVID_02503,Email Logs,Suspect laptop,Office search
EVID_02504,Database Dump,Bank transaction logs,Financial institution
EVID_02505,Cloud Storage,Suspect laptop,Internal audit
EVID_02506,Hard Drive,Malware traces,Office search
EVID_02507,Laptop Image,Financial records,Law enforcement
EVID_02508,Laptop Image,Financial records,Cloud provider
EVID_02509,Network Logs,Deleted files recovery,Internal audit
EVID_02510,Laptop Image,Encrypted smartphone,Internal audit
EVID_02511,Cloud Storage,Forged documents,Internal audit
EVID_02512,Database Dump,Suspicious email chain,Law enforcement
EVID_02513,Hard Drive,Suspicious email chain,Office search
EVID_02514,Hard Drive,Malware traces,Cloud provider
EVID_02515,USB Device,Suspect laptop,Financial institution
EVID_02516,Database Dump,Financial records,Law enforcement
EVID_02517,USB Device,Unauthorized access logs,Financial institution
EVID_02518,Network Logs,Deleted files recovery,Personal device
EVID_02519,Email Logs,Unauthorized access logs,Office search
EVID_02520,Cloud Storage,Bank transaction logs,Internal audit
EVID_02521,Cloud Storage,Suspect laptop,Personal device
EVID_02522,Laptop Image,Malware traces,Law enforcement
EVID_02523,Mobile Phone,Forged documents,IT department
EVID_02524,Cloud Storage,Suspicious email chain,Personal device
EVID_02525,Server Image,External USB,Corporate network
EVID_02526,Database Dump,Suspect laptop,Financial institution
EVID_02527,Server Image,Malware traces,Personal device
EVID_02528,Cloud Storage,Deleted files recovery,Cloud provider
EVID_02529,Mobile Phone,Deleted files recovery,Personal device
EVID_02530,Email Logs,Suspicious email chain,Corporate network
EVID_02531,Mobile Phone,Forged documents,Cloud provider
EVID_02532,Database Dump,External USB,Law enforcement
EVID_02533,Email Logs,Forged documents,IT department
EVID_02534,Server Image,Forged documents,Financial institution
EVID_02535,USB Device,Deleted files recovery,Office search
EVID_02536,Account Records,Encrypted smartphone,Law enforcement
EVID_02537,Mobile Phone,External USB,Internal audit
EVID_02538,Hard Drive,Deleted files recovery,Financial institution
EVID_02539,Email Logs,Unauthorized access logs,IT department
EVID_02540,Account Records,Bank transaction logs,Cloud provider
EVID_02541,Hard Drive,Forged documents,Internal audit
EVID_02542,Hard Drive,Unauthorized access logs,Financial institution
EVID_02543,Hard Drive,Suspect laptop,Law enforcement
EVID_02544,Mobile Phone,Forged documents,Law enforcement
EVID_02545,Hard Drive,Forged documents,Corporate network
EVID_02546,Cloud Storage,Forged documents,Internal audit
EVID_02547,Mobile Phone,External USB,Cloud provider
EVID_02548,Email Logs,Malware traces,Office search
EVID_02549,Email Logs,Forged documents,Cloud provider
EVID_02550,Laptop Image,Encrypted smartphone,Cloud provider
EVID_02551,Mobile Phone,Encrypted smartphone,Law enforcement
EVID_02552,Network Logs,Financial records,Law enforcement
EVID_02553,Hard Drive,Suspect laptop,Internal audit
EVID_02554,Network Logs,Forged documents,IT department
EVID_02555,Mobile Phone,Suspicious email chain,Financial institution
EVID_02556,Hard Drive,Bank transaction logs,Personal device
EVID_02557,Account Records,External USB,Cloud provider
EVID_02558,USB Device,Suspicious email chain,Internal audit
EVID_02559,Cloud Storage,Malware traces,Office search
EVID_02560,Server Image,Unauthorized access logs,Law enforcement
EVID_02561,USB Device,Deleted files recovery,Financial institution
EVID_02562,Database Dump,Suspect laptop,Financial institution
EVID_02563,Mobile Phone,Financial records,Law enforcement
EVID_02564,Server Image,Deleted files recovery,Corporate network
EVID_02565,Network Logs,External USB,Personal device
EVID_02566,Hard Drive,Forged documents,Cloud provider
EVID_02567,Laptop Image,Suspicious email chain,IT department
EVID_02568,USB Device,Unauthorized access logs,Corporate network
EVID_02569,Hard Drive,Bank transaction logs,Office search
EVID_02570,Server Image,Deleted files recovery,Internal audit
EVID_02571,Account Records,Forged documents,IT department
EVID_02572,USB Device,Financial records,IT department
EVID_02573,Network Logs,Suspect laptop,Financial institution
EVID_02574,Hard Drive,Deleted files recovery,IT department
EVID_02575,Email Logs,Unauthorized access logs,Financial institution
EVID_02576,Email Logs,Unauthorized access logs,Financial institution
EVID_02577,Account Records,Suspicious email chain,Law enforcement
EVID_02578,Email Logs,Encrypted smartphone,Law enforcement
EVID_02579,Email Logs,Malware traces,Personal device
EVID_02580,Cloud Storage,External USB,Financial institution
EVID_02581,Network Logs,Suspicious email chain,Office search
EVID_02582,Hard Drive,Unauthorized access logs,Law enforcement
EVID_02583,Hard Drive,Forged documents,Personal device
EVID_02584,Account Records,Suspicious email chain,Law enforcement
EVID_02585,Mobile Phone,Malware traces,Financial institution
EVID_02586,Laptop Image,External USB,Financial institution
EVID_02587,Account Records,Forged documents,Personal device
EVID_02588,Email Logs,Suspect laptop,Corporate network
EVID_02589,Server Image,Malware traces,Financial institution
EVID_02590,Account Records,Unauthorized access logs,Personal device
EVID_02591,Mobile Phone,Malware traces,Corporate network
EVID_02592,Hard Drive,Financial records,Law enforcement
EVID_02593,Cloud Storage,Financial records,IT department
EVID_02594,Email Logs,Malware traces,IT department
EVID_02595,Email Logs,Financial records,Financial institution
EVID_02596,Database Dump,Bank transaction logs,Corporate network
EVID_02597,Cloud Storage,Suspicious email chain,IT department
EVID_02598,Hard Drive,Financial records,Personal device
EVID_02599,Mobile Phone,Suspect laptop,Law enforcement
EVID_02600,Account Records,Suspect laptop,IT department
EVID_02601,Server Image,Unauthorized access logs,Corporate network
EVID_02602,Database Dump,Suspect laptop,Financial institution
EVID_02603,Database Dump,Forged documents,Personal device
EVID_02604,Email Logs,External USB,IT department
EVID_02605,Hard Drive,External USB,Cloud provider
EVID_02606,Account Records,Bank transaction logs,Office search
EVID_02607,Laptop Image,Bank transaction logs,Corporate network
EVID_02608,Database Dump,Bank transaction logs,IT department
EVID_02609,Server Image,External USB,Personal device
EVID_02610,Email Logs,Forged documents,Corporate network
EVID_02611,Network Logs,Suspicious email chain,Office search
EVID_02612,Cloud Storage,Forged documents,Financial institution
EVID_02613,Account Records,Deleted files recovery,IT department
EVID_02614,USB Device,External USB,Personal device
EVID_02615,Server Image,Forged documents,Corporate network
EVID_02616,Mobile Phone,Forged documents,Financial institution
EVID_02617,Cloud Storage,Forged documents,Office search
EVID_02618,Network Logs,Forged documents,Cloud provider
EVID_02619,Email Logs,Encrypted smartphone,Financial institution
EVID_02620,Cloud Storage,Forged documents,IT department
EVID_02621,Server Image,External USB,Office search
EVID_02622,Network Logs,Suspect laptop,Corporate network
EVID_02623,Database Dump,Bank transaction logs,Office search
EVID_02624,USB Device,Unauthorized access logs,Law enforcement
EVID_02625,Laptop Image,Encrypted smartphone,Corporate network
EVID_02626,Laptop Image,Suspicious email chain,Office search
EVID_02627,Network Logs,Deleted files recovery,Internal audit
EVID_02628,Email Logs,Unauthorized access logs,Law enforcement
EVID_02629,Server Image,Encrypted smartphone,Cloud provider
EVID_02630,Server Image,Suspect laptop,Corporate network
EVID_02631,Cloud Storage,Forged documents,Financial institution
EVID_02632,Network Logs,Deleted files recovery,Corporate network
EVID_02633,Laptop Image,Suspect laptop,IT department
EVID_02634,Database Dump,Encrypted smartphone,IT department
EVID_02635,USB Device,Forged documents,Corporate network
EVID_02636,Email Logs,External USB,Internal audit
EVID_02637,Server Image,External USB,Cloud provider
EVID_02638,Mobile Phone,Encrypted smartphone,Law enforcement
EVID_02639,Laptop Image,Unauthorized access logs,Office search
EVID_02640,Email Logs,Unauthorized access logs,Personal device
EVID_02641,Cloud Storage,Deleted files recovery,Internal audit
EVID_02642,Mobile Phone,Malware traces,Corporate network
EVID_02643,Hard Drive,Malware traces,Personal device
EVID_02644,Cloud Storage,External USB,Financial institution
EVID_02645,Email Logs,Encrypted smartphone,IT department
EVID_02646,Server Image,External USB,Cloud provider
EVID_02647,Email Logs,Bank transaction logs,Internal audit
EVID_02648,Database Dump,External USB,Cloud provider
EVID_02649,Cloud Storage,Deleted files recovery,Corporate network
EVID_02650,USB Device,Malware traces,Cloud provider
EVID_02651,Cloud Storage,Forged documents,Personal device
EVID_02652,Network Logs,Forged documents,Personal device
EVID_02653,USB Device,Encrypted smartphone,Cloud provider
EVID_02654,Email Logs,Malware traces,Cloud provider
EVID_02655,Hard Drive,Deleted files recovery,Financial institution
EVID_02656,Cloud Storage,Suspect laptop,Corporate network
EVID_02657,Database Dump,Forged documents,Financial institution
EVID_02658,Cloud Storage,Deleted files recovery,Cloud provider
EVID_02659,USB Device,Bank transaction logs,Cloud provider
EVID_02660,Cloud Storage,Malware traces,Cloud provider
EVID_02661,Email Logs,Malware traces,Personal device
EVID_02662,USB Device,Malware traces,Cloud provider
EVID_02663,Hard Drive,Financial records,Law enforcement
EVID_02664,Account Records,External USB,Law enforcement
EVID_02665,Network Logs,Suspicious email chain,Corporate network
EVID_02666,Email Logs,Unauthorized access logs,Financial institution
EVID_02667,Server Image,Unauthorized access logs,Internal audit
EVID_02668,Cloud Storage,Financial records,Corporate network
EVID_02669,Network Logs,Financial records,Corporate network
EVID_02670,Server Image,Deleted files recovery,Office search
EVID_02671,Email Logs,Forged documents,Internal audit
EVID_02672,USB Device,Deleted files recovery,IT department
EVID_02673,Mobile Phone,Suspect laptop,Law enforcement
EVID_02674,Mobile Phone,Suspicious email chain,Office search
EVID_02675,Account Records,Suspicious email chain,Cloud provider
EVID_02676,USB Device,Bank transaction logs,Personal device
EVID_02677,Database Dump,Encrypted smartphone,Office search
EVID_02678,Laptop Image,Encrypted smartphone,Office search
EVID_02679,Laptop Image,Bank transaction logs,IT department
EVID_02680,USB Device,Suspect laptop,Personal device
EVID_02681,Network Logs,Unauthorized access logs,Personal device
EVID_02682,Laptop Image,Bank transaction logs,Internal audit
EVID_02683,Mobile Phone,Financial records,Law enforcement
EVID_02684,Mobile Phone,Encrypted smartphone,Office search
EVID_02685,Hard Drive,Encrypted smartphone,Internal audit
EVID_02686,Network Logs,Suspicious email chain,Personal device
EVID_02687,Account Records,Deleted files recovery,Law enforcement
EVID_02688,Hard Drive,Suspicious email chain,Law enforcement
EVID_02689,Network Logs,Deleted files recovery,Cloud provider
EVID_02690,Account Records,Deleted files recovery,Office search
EVID_02691,USB Device,Deleted files recovery,Internal audit
EVID_02692,Account Records,Suspicious email chain,Office search
EVID_02693,Cloud Storage,Suspicious email chain,Personal device
EVID_02694,Account Records,Financial records,Cloud provider
EVID_02695,Mobile Phone,Financial records,Law enforcement
EVID_02696,Cloud Storage,Unauthorized access logs,Personal device
EVID_02697,Email Logs,Suspect laptop,Law enforcement
EVID_02698,Laptop Image,Suspect laptop,Office search
EVID_02699,Network Logs,Financial records,Internal audit
EVID_02700,Mobile Phone,Unauthorized access logs,IT department
EVID_02701,Account Records,External USB,Corporate network
EVID_02702,Network Logs,Deleted files recovery,Office search
EVID_02703,Server Image,Suspicious email chain,Law enforcement
EVID_02704,Cloud Storage,Unauthorized access logs,Financial institution
EVID_02705,Cloud Storage,Forged documents,IT department
EVID_02706,Hard Drive,Encrypted smartphone,Internal audit
EVID_02707,Network Logs,Forged documents,Law enforcement
EVID_02708,Laptop Image,Bank transaction logs,Personal device
EVID_02709,Laptop Image,Financial records,Office search
EVID_02710,Cloud Storage,Encrypted smartphone,Personal device
EVID_02711,Email Logs,Suspicious email chain,IT department
EVID_02712,Database Dump,Financial records,Personal device
EVID_02713,Hard Drive,Bank transaction logs,Cloud provider
EVID_02714,Cloud Storage,Unauthorized access logs,Financial institution
EVID_02715,Cloud Storage,Suspicious email chain,Office search
EVID_02716,Mobile Phone,Encrypted smartphone,Personal device
EVID_02717,Database Dump,Suspicious email chain,Financial institution
EVID_02718,Email Logs,Unauthorized access logs,Internal audit
EVID_02719,Server Image,Forged documents,Financial institution
EVID_02720,USB Device,Suspicious email chain,Internal audit
EVID_02721,Network Logs,Malware traces,Law enforcement
EVID_02722,Network Logs,Malware traces,Corporate network
EVID_02723,Mobile Phone,Suspect laptop,Personal device
EVID_02724,Network Logs,Deleted files recovery,Internal audit
EVID_02725,Account Records,Suspicious email chain,IT department
EVID_02726,USB Device,Malware traces,Office search
EVID_02727,Database Dump,Malware traces,Financial institution
EVID_02728,Account Records,Malware traces,Cloud provider
EVID_02729,Laptop Image,Financial records,Financial institution
EVID_02730,Laptop Image,Encrypted smartphone,Office search
EVID_02731,Mobile Phone,Suspicious email chain,IT department
EVID_02732,Laptop Image,Forged documents,Corporate network
EVID_02733,Account Records,Encrypted smartphone,Internal audit
EVID_02734,Network Logs,Deleted files recovery,IT department
EVID_02735,Server Image,Forged documents,Personal device
EVID_02736,USB Device,Unauthorized access logs,Cloud provider
EVID_02737,Laptop Image,Deleted files recovery,Office search
EVID_02738,Mobile Phone,Deleted files recovery,Office search
EVID_02739,Server Image,Forged documents,IT department
EVID_02740,Email Logs,Deleted files recovery,Personal device
EVID_02741,Network Logs,External USB,Internal audit
EVID_02742,Server Image,Suspicious email chain,Financial institution
EVID_02743,Mobile Phone,Suspicious email chain,Law enforcement
EVID_02744,Account Records,External USB,Corporate network
EVID_02745,Email Logs,Financial records,Law enforcement
EVID_02746,Server Image,Bank transaction logs,Office search
EVID_02747,Database Dump,External USB,Personal device
EVID_02748,Account Records,Unauthorized access logs,Cloud provider
EVID_02749,Cloud Storage,Unauthorized access logs,Internal audit
EVID_02750,Email Logs,Suspect laptop,IT department
EVID_02751,USB Device,Financial records,Financial institution
EVID_02752,USB Device,Financial records,Law enforcement
EVID_02753,Cloud Storage,Financial records,IT department
EVID_02754,Email Logs,Malware traces,Corporate network
EVID_02755,Server Image,Forged documents,Internal audit
EVID_02756,Database Dump,Unauthorized access logs,Corporate network
EVID_02757,Hard Drive,Deleted files recovery,Financial institution
EVID_02758,Network Logs,Unauthorized access logs,IT department
EVID_02759,Account Records,Forged documents,IT department
EVID_02760,Database Dump,Suspicious email chain,Cloud provider
EVID_02761,Laptop Image,Bank transaction logs,Cloud provider
EVID_02762,Hard Drive,Financial records,Law enforcement
EVID_02763,Server Image,External USB,Financial institution
EVID_02764,Email Logs,Financial records,Corporate network
EVID_02765,Network Logs,Unauthorized access logs,Personal device
EVID_02766,Database Dump,Deleted files recovery,Cloud provider
EVID_02767,Account Records,Bank transaction logs,Financial institution
EVID_02768,Hard Drive,Malware traces,Cloud provider
EVID_02769,Mobile Phone,Suspicious email chain,Cloud provider
EVID_02770,Network Logs,Suspicious email chain,Office search
EVID_02771,Network Logs,Malware traces,Internal audit
EVID_02772,USB Device,Forged documents,Internal audit
EVID_02773,Cloud Storage,Forged documents,Internal audit
EVID_02774,Mobile Phone,Suspect laptop,Internal audit
EVID_02775,Server Image,External USB,Corporate network
EVID_02776,Email Logs,Unauthorized access logs,Financial institution
EVID_02777,Cloud Storage,Financial records,Personal device
EVID_02778,Database Dump,Malware traces,Law enforcement
EVID_02779,Email Logs,External USB,Office search
EVID_02780,Account Records,Malware traces,Corporate network
EVID_02781,Hard Drive,Forged documents,Personal device
EVID_02782,USB Device,Suspect laptop,Law enforcement
EVID_02783,Hard Drive,Forged documents,Corporate network
EVID_02784,Email Logs,Deleted files recovery,Financial institution
EVID_02785,Mobile Phone,Encrypted smartphone,Internal audit
EVID_02786,Hard Drive,Encrypted smartphone,Internal audit
EVID_02787,Laptop Image,Suspect laptop,Cloud provider
EVID_02788,Hard Drive,Bank transaction logs,Cloud provider
EVID_02789,Hard Drive,Encrypted smartphone,Financial institution
EVID_02790,Network Logs,Forged documents,Law enforcement
EVID_02791,Network Logs,Encrypted smartphone,IT department
EVID_02792,Mobile Phone,Malware traces,Cloud provider
EVID_02793,Mobile Phone,Suspicious email chain,Corporate network
EVID_02794,Cloud Storage,Forged documents,IT department
EVID_02795,Database Dump,Unauthorized access logs,Cloud provider
EVID_02796,Database Dump,Unauthorized access logs,Internal audit
EVID_02797,USB Device,Encrypted smartphone,Internal audit
EVID_02798,USB Device,External USB,Law enforcement
EVID_02799,Hard Drive,Financial records,Office search
EVID_02800,Laptop Image,Forged documents,Corporate network
EVID_02801,Mobile Phone,Encrypted smartphone,Law enforcement
EVID_02802,Server Image,Bank transaction logs,Office search
EVID_02803,Cloud Storage,Deleted files recovery,Office search
EVID_02804,Database Dump,External USB,Cloud provider
EVID_02805,Hard Drive,Bank transaction logs,IT department
EVID_02806,Laptop Image,Financial records,IT department
EVID_02807,Server Image,Suspect laptop,Internal audit
EVID_02808,Cloud Storage,Malware traces,Personal device
EVID_02809,Account Records,Suspect laptop,Financial institution
EVID_02810,Hard Drive,External USB,Corporate network
EVID_02811,Database Dump,Bank transaction logs,Cloud provider
EVID_02812,Network Logs,Deleted files recovery,Internal audit
EVID_02813,Account Records,Suspect laptop,Corporate network
EVID_02814,USB Device,Encrypted smartphone,Office search
EVID_02815,Server Image,External USB,Law enforcement
EVID_02816,Account Records,External USB,Financial institution
EVID_02817,Database Dump,Deleted files recovery,Cloud provider
EVID_02818,USB Device,Suspicious email chain,Cloud provider
EVID_02819,Cloud Storage,Suspicious email chain,Personal device
EVID_02820,Account Records,Forged documents,Financial institution
EVID_02821,Network Logs,Malware traces,Personal device
EVID_02822,Hard Drive,Deleted files recovery,Cloud provider
EVID_02823,Cloud Storage,Bank transaction logs,Law enforcement
EVID_02824,Email Logs,Unauthorized access logs,Personal device
EVID_02825,Account Records,Deleted files recovery,Cloud provider
EVID_02826,Mobile Phone,Bank transaction logs,Office search
EVID_02827,Network Logs,Malware traces,IT department
EVID_02828,Mobile Phone,Financial records,Corporate network
EVID_02829,Mobile Phone,Unauthorized access logs,Office search
EVID_02830,Database Dump,Suspicious email chain,Personal device
EVID_02831,USB Device,Encrypted smartphone,Office search
EVID_02832,USB Device,Malware traces,Financial institution
EVID_02833,Hard Drive,Encrypted smartphone,Law enforcement
EVID_02834,Server Image,Deleted files recovery,IT department
EVID_02835,Account Records,Bank transaction logs,Corporate network
EVID_02836,Account Records,Unauthorized access logs,Office search
EVID_02837,Hard Drive,Bank transaction logs,Office search
EVID_02838,Cloud Storage,Suspicious email chain,Cloud provider
EVID_02839,Mobile Phone,Suspect laptop,Law enforcement
EVID_02840,USB Device,Suspect laptop,IT department
EVID_02841,Database Dump,Suspect laptop,Internal audit
EVID_02842,Server Image,External USB,Financial institution
EVID_02843,Network Logs,Forged documents,Law enforcement
EVID_02844,Network Logs,Unauthorized access logs,Law enforcement
EVID_02845,Hard Drive,Malware traces,Cloud provider
EVID_02846,Server Image,Suspicious email chain,Corporate network
EVID_02847,Mobile Phone,Deleted files recovery,Financial institution
EVID_02848,Laptop Image,Suspicious email chain,IT department
EVID_02849,Database Dump,Bank transaction logs,Corporate network
EVID_02850,Hard Drive,Bank transaction logs,Corporate network
EVID_02851,Hard Drive,Deleted files recovery,Law enforcement
EVID_02852,Hard Drive,Forged documents,Internal audit
EVID_02853,Laptop Image,Malware traces,Cloud provider
EVID_02854,Network Logs,Encrypted smartphone,Law enforcement
EVID_02855,Mobile Phone,Forged documents,Financial institution
EVID_02856,Hard Drive,Unauthorized access logs,Internal audit
EVID_02857,Network Logs,Unauthorized access logs,IT department
EVID_02858,Hard Drive,Financial records,Personal device
EVID_02859,Network Logs,Suspicious email chain,Law enforcement
EVID_02860,Server Image,Bank transaction logs,Law enforcement
EVID_02861,Hard Drive,Forged documents,Cloud provider
EVID_02862,Mobile Phone,Suspicious email chain,Cloud provider
EVID_02863,USB Device,External USB,IT department
EVID_02864,Network Logs,Bank transaction logs,Cloud provider
EVID_02865,Database Dump,Suspect laptop,Cloud provider
EVID_02866,Server Image,Forged documents,Corporate network
EVID_02867,Laptop Image,Unauthorized access logs,Cloud provider
EVID_02868,Email Logs,Bank transaction logs,Law enforcement
EVID_02869,Email Logs,Encrypted smartphone,IT department
EVID_02870,Email Logs,Encrypted smartphone,Cloud provider
EVID_02871,Email Logs,Encrypted smartphone,IT department
EVID_02872,Hard Drive,Suspicious email chain,Personal device
EVID_02873,Hard Drive,Suspicious email chain,Personal device
EVID_02874,Database Dump,Financial records,Internal audit
EVID_02875,Hard Drive,Suspect laptop,Law enforcement
EVID_02876,Database Dump,Financial records,Personal device
EVID_02877,Cloud Storage,Financial records,IT department
EVID_02878,Database Dump,Bank transaction logs,IT department
EVID_02879,Mobile Phone,Deleted files recovery,Office search
EVID_02880,Account Records,Encrypted smartphone,Internal audit
EVID_02881,Email Logs,Bank transaction logs,Cloud provider
EVID_02882,Laptop Image,Malware traces,IT department
EVID_02883,Email Logs,Malware traces,Personal device
EVID_02884,Laptop Image,External USB,Internal audit
EVID_02885,Server Image,Malware traces,Law enforcement
EVID_02886,USB Device,Suspect laptop,Law enforcement
EVID_02887,Laptop Image,Deleted files recovery,Financial institution
EVID_02888,Hard Drive,Suspicious email chain,Law enforcement
EVID_02889,Email Logs,External USB,Personal device
EVID_02890,Database Dump,Suspicious email chain,Law enforcement
EVID_02891,Hard Drive,Financial records,Internal audit
EVID_02892,USB Device,Forged documents,Cloud provider
EVID_02893,Mobile Phone,Bank transaction logs,Internal audit
EVID_02894,Database Dump,Unauthorized access logs,Corporate network
EVID_02895,Server Image,Financial records,Corporate network
EVID_02896,Network Logs,Forged documents,IT department
EVID_02897,Mobile Phone,Bank transaction logs,Cloud provider
EVID_02898,Laptop Image,Suspect laptop,Office search
EVID_02899,USB Device,Encrypted smartphone,Internal audit
EVID_02900,Network Logs,Deleted files recovery,Corporate network
EVID_02901,Email Logs,Forged documents,IT department
EVID_02902,Server Image,Encrypted smartphone,Internal audit
EVID_02903,USB Device,Suspicious email chain,Cloud provider
EVID_02904,Hard Drive,Bank transaction logs,Office search
EVID_02905,Cloud Storage,Suspicious email chain,Internal audit
EVID_02906,Laptop Image,External USB,Internal audit
EVID_02907,Mobile Phone,Encrypted smartphone,Corporate network
EVID_02908,Email Logs,Forged documents,IT department
EVID_02909,Cloud Storage,Deleted files recovery,IT department
EVID_02910,USB Device,External USB,Corporate network
EVID_02911,Email Logs,Forged documents,Law enforcement
EVID_02912,Laptop Image,Deleted files recovery,Cloud provider
EVID_02913,Email Logs,External USB,Law enforcement
EVID_02914,Email Logs,Forged documents,Law enforcement
EVID_02915,Cloud Storage,Unauthorized access logs,Corporate network
EVID_02916,Cloud Storage,Suspect laptop,Law enforcement
EVID_02917,Database Dump,Bank transaction logs,Office search
EVID_02918,Email Logs,Forged documents,Law enforcement
EVID_02919,Cloud Storage,Bank transaction logs,Cloud provider
EVID_02920,Database Dump,Financial records,Law enforcement
EVID_02921,Account Records,Encrypted smartphone,Internal audit
EVID_02922,Laptop Image,Deleted files recovery,IT department
EVID_02923,Email Logs,Suspicious email chain,Internal audit
EVID_02924,Network Logs,Suspect laptop,Office search
EVID_02925,Mobile Phone,Deleted files recovery,IT department
EVID_02926,Email Logs,Bank transaction logs,IT department
EVID_02927,Cloud Storage,Suspicious email chain,Personal device
EVID_02928,Email Logs,Financial records,Cloud provider
EVID_02929,Network Logs,Bank transaction logs,Financial institution
EVID_02930,Database Dump,Suspicious email chain,Internal audit
EVID_02931,Email Logs,Unauthorized access logs,Personal device
EVID_02932,Cloud Storage,Suspect laptop,Office search
EVID_02933,Network Logs,External USB,IT department
EVID_02934,Server Image,Bank transaction logs,Office search
EVID_02935,Mobile Phone,External USB,Financial institution
EVID_02936,Server Image,Financial records,Office search
EVID_02937,Database Dump,Financial records,Cloud provider
EVID_02938,Laptop Image,Deleted files recovery,Cloud provider
EVID_02939,Email Logs,Encrypted smartphone,Law enforcement
EVID_02940,Hard Drive,Bank transaction logs,Financial institution
EVID_02941,Database Dump,External USB,Personal device
EVID_02942,Hard Drive,Suspect laptop,Financial institution
EVID_02943,Cloud Storage,Forged documents,Law enforcement
EVID_02944,Network Logs,External USB,Cloud provider
EVID_02945,Mobile Phone,Bank transaction logs,Corporate network
EVID_02946,USB Device,Unauthorized access logs,IT department
EVID_02947,USB Device,Encrypted smartphone,Cloud provider
EVID_02948,Account Records,Malware traces,Personal device
EVID_02949,Hard Drive,External USB,IT department
EVID_02950,Cloud Storage,Bank transaction logs,Personal device
EVID_02951,Database Dump,Suspicious email chain,Internal audit
EVID_02952,Network Logs,Suspect laptop,Personal device
EVID_02953,Network Logs,Bank transaction logs,Financial institution
EVID_02954,Server Image,Suspicious email chain,Financial institution
EVID_02955,Laptop Image,Forged documents,Financial institution
EVID_02956,Account Records,Encrypted smartphone,Personal device
EVID_02957,USB Device,Encrypted smartphone,Internal audit
EVID_02958,Email Logs,External USB,IT department
EVID_02959,Cloud Storage,External USB,Personal device
EVID_02960,Network Logs,Bank transaction logs,Personal device
EVID_02961,USB Device,Financial records,IT department
EVID_02962,Hard Drive,Unauthorized access logs,IT department
EVID_02963,Server Image,Financial records,Financial institution
EVID_02964,Account Records,Forged documents,Office search
EVID_02965,Network Logs,Deleted files recovery,IT department
EVID_02966,USB Device,Malware traces,Internal audit
EVID_02967,Database Dump,Financial records,Office search
EVID_02968,Cloud Storage,Forged documents,Office search
EVID_02969,USB Device,Unauthorized access logs,Office search
EVID_02970,Account Records,Financial records,Corporate network
EVID_02971,USB Device,Unauthorized access logs,Office search
EVID_02972,Server Image,Malware traces,Personal device
EVID_02973,Network Logs,Unauthorized access logs,Corporate network
EVID_02974,Laptop Image,Forged documents,Corporate network
EVID_02975,Account Records,Encrypted smartphone,Cloud provider
EVID_02976,USB Device,Forged documents,Personal device
EVID_02977,USB Device,Suspicious email chain,Personal device
EVID_02978,Mobile Phone,Encrypted smartphone,Financial institution
EVID_02979,Hard Drive,Encrypted smartphone,Internal audit
EVID_02980,Database Dump,Bank transaction logs,Personal device
EVID_02981,Cloud Storage,Bank transaction logs,Law enforcement
EVID_02982,Network Logs,Encrypted smartphone,Law enforcement
EVID_02983,Account Records,Malware traces,Financial institution
EVID_02984,Server Image,Financial records,Office search
EVID_02985,Network Logs,Suspicious email chain,Office search
EVID_02986,Email Logs,Encrypted smartphone,Personal device
EVID_02987,Email Logs,Bank transaction logs,Law enforcement
EVID_02988,USB Device,Suspicious email chain,Law enforcement
EVID_02989,Hard Drive,Financial records,Cloud provider
EVID_02990,Hard Drive,Financial records,Internal audit
EVID_02991,Laptop Image,Malware traces,Office search
EVID_02992,Email Logs,Deleted files recovery,IT department
EVID_02993,Cloud Storage,Financial records,Office search
EVID_02994,Cloud Storage,Financial records,IT department
EVID_02995,Cloud Storage,Deleted files recovery,IT department
EVID_02996,Server Image,Deleted files recovery,Personal device
EVID_02997,Server Image,Bank transaction logs,Law enforcement
EVID_02998,Laptop Image,Suspect laptop,Cloud provider
EVID_02999,Database Dump,Malware traces,Internal audit
EVID_03000,Mobile Phone,Deleted files recovery,Corporate network
EVID_03001,USB Device,Encrypted smartphone,Office search
EVID_03002,Mobile Phone,Deleted files recovery,IT department
EVID_03003,Hard Drive,Suspect laptop,Corporate network
EVID_03004,Cloud Storage,Encrypted smartphone,Law enforcement
EVID_03005,Account Records,Unauthorized access logs,Corporate network
EVID_03006,Cloud Storage,Malware traces,Office search
EVID_03007,Laptop Image,Suspicious email chain,Internal audit
EVID_03008,Hard Drive,Suspicious email chain,Internal audit
EVID_03009,USB Device,Suspect laptop,Corporate network
EVID_03010,Hard Drive,Unauthorized access logs,IT department
EVID_03011,Email Logs,Financial records,Internal audit
EVID_03012,Hard Drive,Deleted files recovery,Personal device
EVID_03013,USB Device,Suspect laptop,Cloud provider
EVID_03014,Hard Drive,Suspect laptop,Office search
EVID_03015,Hard Drive,Suspect laptop,Internal audit
EVID_03016,Laptop Image,Malware traces,Corporate network
EVID_03017,USB Device,Bank transaction logs,IT department
EVID_03018,Database Dump,Encrypted smartphone,Internal audit
EVID_03019,Network Logs,Unauthorized access logs,Cloud provider
EVID_03020,Hard Drive,Deleted files recovery,Internal audit
EVID_03021,Mobile Phone,External USB,IT department
EVID_03022,Database Dump,External USB,IT department
EVID_03023,Account Records,Financial records,Personal device
EVID_03024,Email Logs,Suspect laptop,Personal device
EVID_03025,Email Logs,Suspect laptop,Law enforcement
EVID_03026,Account Records,Encrypted smartphone,Law enforcement
EVID_03027,Network Logs,Unauthorized access logs,Cloud provider
EVID_03028,Laptop Image,Malware traces,Law enforcement
EVID_03029,Mobile Phone,Forged documents,Office search
EVID_03030,Cloud Storage,Suspicious email chain,IT department
EVID_03031,Server Image,Malware traces,Financial institution
EVID_03032,Account Records,Encrypted smartphone,IT department
EVID_03033,Network Logs,Malware traces,Personal device
EVID_03034,Laptop Image,Suspicious email chain,Corporate network
EVID_03035,Cloud Storage,Malware traces,Cloud provider
EVID_03036,Hard Drive,Suspect laptop,Corporate network
EVID_03037,Mobile Phone,Suspect laptop,IT department
EVID_03038,Mobile Phone,Unauthorized access logs,Cloud provider
EVID_03039,Cloud Storage,External USB,Law enforcement
EVID_03040,Email Logs,External USB,Personal device
EVID_03041,Cloud Storage,Deleted files recovery,Office search
EVID_03042,Cloud Storage,Deleted files recovery,Financial institution
EVID_03043,Email Logs,Unauthorized access logs,Office search
EVID_03044,Hard Drive,Malware traces,Corporate network
EVID_03045,Server Image,Financial records,Law enforcement
EVID_03046,Email Logs,Unauthorized access logs,Personal device
EVID_03047,Server Image,Deleted files recovery,Internal audit
EVID_03048,Mobile Phone,Encrypted smartphone,Office search
EVID_03049,Email Logs,Suspect laptop,Internal audit
EVID_03050,Mobile Phone,Unauthorized access logs,IT department
EVID_03051,Hard Drive,Encrypted smartphone,IT department
EVID_03052,Laptop Image,Encrypted smartphone,Corporate network
EVID_03053,Hard Drive,Suspect laptop,Office search
EVID_03054,Server Image,Malware traces,Financial institution
EVID_03055,Hard Drive,Suspicious email chain,Internal audit
EVID_03056,Hard Drive,Forged documents,Corporate network
EVID_03057,Mobile Phone,Bank transaction logs,Office search
EVID_03058,Server Image,Suspect laptop,Cloud provider
EVID_03059,Hard Drive,Bank transaction logs,IT department
EVID_03060,Laptop Image,Bank transaction logs,Cloud provider
EVID_03061,Hard Drive,Suspect laptop,Office search
EVID_03062,Server Image,Suspect laptop,Personal device
EVID_03063,Cloud Storage,Suspicious email chain,Financial institution
EVID_03064,Server Image,Encrypted smartphone,Personal device
EVID_03065,Server Image,Financial records,Personal device
EVID_03066,Mobile Phone,Suspect laptop,Cloud provider
EVID_03067,Laptop Image,Financial records,Corporate network
EVID_03068,Email Logs,Deleted files recovery,Personal device
EVID_03069,Email Logs,External USB,Internal audit
EVID_03070,Email Logs,Deleted files recovery,Law enforcement
EVID_03071,Email Logs,Encrypted smartphone,Financial institution
EVID_03072,Email Logs,Forged documents,IT department
EVID_03073,Server Image,External USB,Financial institution
EVID_03074,Database Dump,Suspect laptop,IT department
EVID_03075,USB Device,Suspect laptop,Internal audit
EVID_03076,Database Dump,Financial records,Internal audit
EVID_03077,Email Logs,Encrypted smartphone,Law enforcement
EVID_03078,Mobile Phone,Financial records,Cloud provider
EVID_03079,Email Logs,Forged documents,Corporate network
EVID_03080,Laptop Image,Forged documents,Financial institution
EVID_03081,Hard Drive,Forged documents,IT department
EVID_03082,Hard Drive,Forged documents,Cloud provider
EVID_03083,Network Logs,Deleted files recovery,Personal device
EVID_03084,Hard Drive,External USB,Corporate network
EVID_03085,Network Logs,Deleted files recovery,Personal device
EVID_03086,Mobile Phone,Deleted files recovery,Financial institution
EVID_03087,Mobile Phone,Unauthorized access logs,Law enforcement
EVID_03088,Database Dump,Encrypted smartphone,Financial institution
EVID_03089,Network Logs,Financial records,Personal device
EVID_03090,Account Records,Encrypted smartphone,Law enforcement
EVID_03091,Laptop Image,Encrypted smartphone,Office search
EVID_03092,Laptop Image,Bank transaction logs,Internal audit
EVID_03093,USB Device,Suspicious email chain,Personal device
EVID_03094,Mobile Phone,Malware traces,Internal audit
EVID_03095,Mobile Phone,Suspicious email chain,Cloud provider
EVID_03096,Email Logs,Deleted files recovery,Corporate network
EVID_03097,Database Dump,External USB,Internal audit
EVID_03098,Email Logs,Forged documents,Internal audit
EVID_03099,Laptop Image,Suspicious email chain,Cloud provider
EVID_03100,Laptop Image,Financial records,Financial institution
EVID_03101,Database Dump,Bank transaction logs,Cloud provider
EVID_03102,Email Logs,Malware traces,Financial institution
EVID_03103,Mobile Phone,Forged documents,Law enforcement
EVID_03104,USB Device,Suspect laptop,Law enforcement
EVID_03105,Email Logs,Financial records,Internal audit
EVID_03106,Cloud Storage,Unauthorized access logs,Law enforcement
EVID_03107,Account Records,Deleted files recovery,Cloud provider
EVID_03108,Mobile Phone,Bank transaction logs,Cloud provider
EVID_03109,Hard Drive,Suspicious email chain,Internal audit
EVID_03110,Hard Drive,Financial records,IT department
EVID_03111,Account Records,Malware traces,Law enforcement
EVID_03112,Email Logs,Financial records,Law enforcement
EVID_03113,Hard Drive,Encrypted smartphone,Corporate network
EVID_03114,Network Logs,Malware traces,Corporate network
EVID_03115,USB Device,Suspicious email chain,Cloud provider
EVID_03116,Network Logs,Suspicious email chain,Corporate network
EVID_03117,Hard Drive,Unauthorized access logs,IT department
EVID_03118,Database Dump,Forged documents,Law enforcement
EVID_03119,Mobile Phone,External USB,Internal audit
EVID_03120,Account Records,Unauthorized access logs,Corporate network
EVID_03121,Laptop Image,Unauthorized access logs,Office search
EVID_03122,Laptop Image,Unauthorized access logs,Office search
EVID_03123,USB Device,External USB,Cloud provider
EVID_03124,Server Image,Financial records,Cloud provider
EVID_03125,Mobile Phone,Encrypted smartphone,Cloud provider
EVID_03126,Mobile Phone,Financial records,Corporate network
EVID_03127,Network Logs,External USB,Internal audit
EVID_03128,Account Records,Financial records,IT department
EVID_03129,USB Device,Financial records,Personal device
EVID_03130,Network Logs,Forged documents,Corporate network
EVID_03131,Network Logs,Unauthorized access logs,Personal device
EVID_03132,Network Logs,Malware traces,Internal audit
EVID_03133,USB Device,Deleted files recovery,Personal device
EVID_03134,Mobile Phone,Encrypted smartphone,IT department
EVID_03135,Server Image,Encrypted smartphone,Cloud provider
EVID_03136,Laptop Image,Malware traces,Personal device
EVID_03137,Email Logs,Deleted files recovery,Financial institution
EVID_03138,USB Device,Suspicious email chain,Cloud provider
EVID_03139,Laptop Image,Suspect laptop,Financial institution
EVID_03140,USB Device,Malware traces,IT department
EVID_03141,Database Dump,External USB,Law enforcement
EVID_03142,Mobile Phone,Deleted files recovery,Cloud provider
EVID_03143,Email Logs,Financial records,Internal audit
EVID_03144,Server Image,Bank transaction logs,Cloud provider
EVID_03145,Hard Drive,Encrypted smartphone,Cloud provider
EVID_03146,Email Logs,Encrypted smartphone,Personal device
EVID_03147,Cloud Storage,Bank transaction logs,Personal device
EVID_03148,Network Logs,Financial records,IT department
EVID_03149,Network Logs,Encrypted smartphone,Personal device
EVID_03150,Account Records,Malware traces,Law enforcement
EVID_03151,Account Records,Encrypted smartphone,Law enforcement
EVID_03152,Cloud Storage,Financial records,Internal audit
EVID_03153,Laptop Image,Suspicious email chain,IT department
EVID_03154,Account Records,Financial records,Personal device
EVID_03155,Laptop Image,Suspicious email chain,Corporate network
EVID_03156,Account Records,Suspicious email chain,Law enforcement
EVID_03157,Server Image,Malware traces,Office search
EVID_03158,Cloud Storage,Bank transaction logs,Cloud provider
EVID_03159,Network Logs,Suspicious email chain,Law enforcement
EVID_03160,Email Logs,Deleted files recovery,Financial institution
EVID_03161,Laptop Image,Forged documents,Personal device
EVID_03162,USB Device,Unauthorized access logs,IT department
EVID_03163,Laptop Image,Suspicious email chain,Cloud provider
EVID_03164,Network Logs,Unauthorized access logs,Internal audit
EVID_03165,Network Logs,Malware traces,IT department
EVID_03166,Mobile Phone,Financial records,Law enforcement
EVID_03167,Account Records,Malware traces,Internal audit
EVID_03168,Hard Drive,Malware traces,Corporate network
EVID_03169,Laptop Image,Malware traces,Financial institution
EVID_03170,Cloud Storage,Malware traces,Corporate network
EVID_03171,Database Dump,Forged documents,Cloud provider
EVID_03172,Email Logs,Malware traces,IT department
EVID_03173,Hard Drive,Suspicious email chain,Corporate network
EVID_03174,Mobile Phone,Financial records,Personal device
EVID_03175,Network Logs,Deleted files recovery,Personal device
EVID_03176,Email Logs,Suspect laptop,Internal audit
EVID_03177,Account Records,Encrypted smartphone,Cloud provider
EVID_03178,Network Logs,Encrypted smartphone,Corporate network
EVID_03179,USB Device,Encrypted smartphone,Financial institution
EVID_03180,Account Records,Unauthorized access logs,IT department
EVID_03181,Network Logs,Financial records,Cloud provider
EVID_03182,Hard Drive,Financial records,Financial institution
EVID_03183,Network Logs,Deleted files recovery,Corporate network
EVID_03184,Mobile Phone,Deleted files recovery,Financial institution
EVID_03185,Mobile Phone,Suspect laptop,Cloud provider
EVID_03186,Network Logs,Bank transaction logs,Internal audit
EVID_03187,Hard Drive,Financial records,Law enforcement
EVID_03188,Hard Drive,Suspicious email chain,Financial institution
EVID_03189,Account Records,Forged documents,Cloud provider
EVID_03190,Server Image,Encrypted smartphone,Office search
EVID_03191,Email Logs,Forged documents,IT department
EVID_03192,Cloud Storage,External USB,Personal device
EVID_03193,Server Image,Suspect laptop,Office search
EVID_03194,Laptop Image,Financial records,Law enforcement
EVID_03195,Network Logs,Bank transaction logs,Law enforcement
EVID_03196,Network Logs,Unauthorized access logs,Corporate network
EVID_03197,Server Image,Financial records,Office search
EVID_03198,Network Logs,External USB,Cloud provider
EVID_03199,Cloud Storage,External USB,Personal device
EVID_03200,USB Device,Encrypted smartphone,Financial institution
EVID_03201,Mobile Phone,Malware traces,Cloud provider
EVID_03202,Database Dump,Suspicious email chain,Office search
EVID_03203,Server Image,Forged documents,Internal audit
EVID_03204,Mobile Phone,Bank transaction logs,Financial institution
EVID_03205,Database Dump,Suspect laptop,Corporate network
EVID_03206,Cloud Storage,Malware traces,Financial institution
EVID_03207,Hard Drive,Bank transaction logs,IT department
EVID_03208,Account Records,Malware traces,Personal device
EVID_03209,Email Logs,Forged documents,Cloud provider
EVID_03210,Account Records,Suspicious email chain,IT department
EVID_03211,Network Logs,Suspicious email chain,Internal audit
EVID_03212,Database Dump,Financial records,Internal audit
EVID_03213,Hard Drive,Unauthorized access logs,Corporate network
EVID_03214,Laptop Image,Bank transaction logs,Cloud provider
EVID_03215,Email Logs,Bank transaction logs,Office search
EVID_03216,Network Logs,Encrypted smartphone,Office search
EVID_03217,Hard Drive,Bank transaction logs,Corporate network
EVID_03218,Mobile Phone,Malware traces,Financial institution
EVID_03219,Server Image,External USB,Personal device
EVID_03220,Laptop Image,Suspect laptop,Corporate network
EVID_03221,Cloud Storage,Financial records,IT department
EVID_03222,Account Records,Forged documents,Corporate network
EVID_03223,Network Logs,Financial records,Personal device
EVID_03224,Email Logs,Malware traces,Financial institution
EVID_03225,Email Logs,Forged documents,Corporate network
EVID_03226,Server Image,Deleted files recovery,Cloud provider
EVID_03227,Network Logs,Forged documents,Office search
EVID_03228,Server Image,Bank transaction logs,Office search
EVID_03229,Database Dump,Forged documents,Office search
EVID_03230,USB Device,Unauthorized access logs,Personal device
EVID_03231,Network Logs,Malware traces,Personal device
EVID_03232,Hard Drive,Bank transaction logs,Personal device
EVID_03233,Laptop Image,Bank transaction logs,Corporate network
EVID_03234,Database Dump,Unauthorized access logs,Cloud provider
EVID_03235,Hard Drive,Encrypted smartphone,Cloud provider
EVID_03236,Database Dump,Suspect laptop,Personal device
EVID_03237,Mobile Phone,Bank transaction logs,Internal audit
EVID_03238,Mobile Phone,Suspect laptop,Financial institution
EVID_03239,Network Logs,Bank transaction logs,Financial institution
EVID_03240,Hard Drive,Financial records,Office search
EVID_03241,Account Records,Forged documents,Cloud provider
EVID_03242,USB Device,External USB,Law enforcement
EVID_03243,Mobile Phone,Suspicious email chain,Corporate network
EVID_03244,Laptop Image,Financial records,Internal audit
EVID_03245,Network Logs,External USB,Office search
EVID_03246,Network Logs,Deleted files recovery,Personal device
EVID_03247,Server Image,Suspicious email chain,Office search
EVID_03248,Cloud Storage,Suspect laptop,Law enforcement
EVID_03249,Server Image,Financial records,Cloud provider
EVID_03250,USB Device,Suspect laptop,Office search
EVID_03251,Server Image,Deleted files recovery,Cloud provider
EVID_03252,Server Image,External USB,Corporate network
EVID_03253,Server Image,Suspicious email chain,Corporate network
EVID_03254,Mobile Phone,Suspect laptop,IT department
EVID_03255,Database Dump,Forged documents,Internal audit
EVID_03256,USB Device,Forged documents,Cloud provider
EVID_03257,Hard Drive,Financial records,Office search
EVID_03258,Hard Drive,External USB,Personal device
EVID_03259,Network Logs,Deleted files recovery,Internal audit
EVID_03260,Laptop Image,Encrypted smartphone,Office search
EVID_03261,USB Device,Unauthorized access logs,Law enforcement
EVID_03262,Account Records,Deleted files recovery,Law enforcement
EVID_03263,Account Records,Suspicious email chain,Internal audit
EVID_03264,Account Records,External USB,Law enforcement
EVID_03265,Cloud Storage,Forged documents,Internal audit
EVID_03266,Cloud Storage,Unauthorized access logs,Law enforcement
EVID_03267,Account Records,Encrypted smartphone,Corporate network
EVID_03268,Network Logs,Deleted files recovery,Corporate network
EVID_03269,Hard Drive,Suspicious email chain,Personal device
EVID_03270,Server Image,Suspicious email chain,Financial institution
EVID_03271,Network Logs,Suspicious email chain,Corporate network
EVID_03272,Mobile Phone,Bank transaction logs,Law enforcement
EVID_03273,Hard Drive,Unauthorized access logs,Financial institution
EVID_03274,Mobile Phone,Forged documents,Law enforcement
EVID_03275,Hard Drive,Financial records,Cloud provider
EVID_03276,Email Logs,Suspect laptop,Personal device
EVID_03277,Hard Drive,Malware traces,Cloud provider
EVID_03278,Mobile Phone,Deleted files recovery,IT department
EVID_03279,Hard Drive,Bank transaction logs,Office search
EVID_03280,Account Records,Suspect laptop,Law enforcement
EVID_03281,Database Dump,Financial records,IT department
EVID_03282,Hard Drive,Forged documents,Cloud provider
EVID_03283,Database Dump,Encrypted smartphone,Law enforcement
EVID_03284,Email Logs,Suspect laptop,Office search
EVID_03285,Hard Drive,Suspicious email chain,Corporate network
EVID_03286,Email Logs,Suspect laptop,Law enforcement
EVID_03287,Network Logs,Suspicious email chain,Personal device
EVID_03288,Cloud Storage,Bank transaction logs,IT department
EVID_03289,Mobile Phone,Unauthorized access logs,Financial institution
EVID_03290,Account Records,Malware traces,IT department
EVID_03291,Account Records,Forged documents,IT department
EVID_03292,USB Device,Bank transaction logs,IT department
EVID_03293,Cloud Storage,Malware traces,Internal audit
EVID_03294,USB Device,Suspicious email chain,Cloud provider
EVID_03295,Hard Drive,Suspect laptop,Cloud provider
EVID_03296,Database Dump,Suspect laptop,Personal device
EVID_03297,Cloud Storage,Suspect laptop,Corporate network
EVID_03298,Cloud Storage,Suspect laptop,Office search
EVID_03299,Database Dump,Malware traces,IT department
EVID_03300,USB Device,Forged documents,Office search
EVID_03301,Account Records,Bank transaction logs,IT department
EVID_03302,Account Records,Encrypted smartphone,Office search
EVID_03303,USB Device,Suspicious email chain,Internal audit
EVID_03304,Server Image,External USB,Cloud provider
EVID_03305,Hard Drive,Financial records,Cloud provider
EVID_03306,Account Records,Forged documents,Financial institution
EVID_03307,Database Dump,Suspicious email chain,Office search
EVID_03308,Laptop Image,Suspect laptop,Corporate network
EVID_03309,USB Device,Suspicious email chain,Cloud provider
EVID_03310,USB Device,Financial records,Law enforcement
EVID_03311,Network Logs,Suspect laptop,Internal audit
EVID_03312,Laptop Image,External USB,Office search
EVID_03313,Account Records,Financial records,Financial institution
EVID_03314,Server Image,Financial records,Personal device
EVID_03315,Cloud Storage,Malware traces,Internal audit
EVID_03316,Email Logs,Financial records,Cloud provider
EVID_03317,Server Image,Forged documents,Law enforcement
EVID_03318,Email Logs,Forged documents,Corporate network
EVID_03319,USB Device,Financial records,Office search
EVID_03320,Account Records,Encrypted smartphone,Corporate network
EVID_03321,Email Logs,Unauthorized access logs,Cloud provider
EVID_03322,Hard Drive,Bank transaction logs,Personal device
EVID_03323,Hard Drive,Bank transaction logs,Financial institution
EVID_03324,Email Logs,Unauthorized access logs,Office search
EVID_03325,Account Records,Deleted files recovery,Internal audit
EVID_03326,Mobile Phone,Malware traces,Personal device
EVID_03327,USB Device,Encrypted smartphone,Financial institution
EVID_03328,Cloud Storage,Encrypted smartphone,Internal audit
EVID_03329,Database Dump,Bank transaction logs,Cloud provider
EVID_03330,Email Logs,Financial records,Cloud provider
EVID_03331,Database Dump,Financial records,Law enforcement
EVID_03332,Laptop Image,Malware traces,Internal audit
EVID_03333,Cloud Storage,Deleted files recovery,Personal device
EVID_03334,Account Records,Malware traces,Office search
EVID_03335,Hard Drive,Forged documents,Internal audit
EVID_03336,USB Device,Encrypted smartphone,Law enforcement
EVID_03337,Hard Drive,Forged documents,Internal audit
EVID_03338,USB Device,Encrypted smartphone,Personal device
EVID_03339,Laptop Image,Deleted files recovery,Internal audit
EVID_03340,Mobile Phone,Unauthorized access logs,Internal audit
EVID_03341,Database Dump,External USB,Personal device
EVID_03342,Mobile Phone,Deleted files recovery,Corporate network
EVID_03343,Laptop Image,Forged documents,Law enforcement
EVID_03344,Cloud Storage,Forged documents,Law enforcement
EVID_03345,Network Logs,Unauthorized access logs,Corporate network
EVID_03346,Database Dump,Deleted files recovery,Cloud provider
EVID_03347,Network Logs,Encrypted smartphone,Office search
EVID_03348,Account Records,Unauthorized access logs,Office search
EVID_03349,USB Device,Encrypted smartphone,Personal device
EVID_03350,Laptop Image,External USB,Law enforcement
EVID_03351,Cloud Storage,Financial records,Personal device
EVID_03352,Account Records,Deleted files recovery,Corporate network
EVID_03353,Mobile Phone,Forged documents,Law enforcement
EVID_03354,USB Device,Deleted files recovery,Office search
EVID_03355,Account Records,Forged documents,Personal device
EVID_03356,Cloud Storage,External USB,Internal audit
EVID_03357,Account Records,Unauthorized access logs,Personal device
EVID_03358,Database Dump,Encrypted smartphone,Law enforcement
EVID_03359,Laptop Image,Suspect laptop,IT department
EVID_03360,USB Device,Unauthorized access logs,IT department
EVID_03361,Mobile Phone,Suspect laptop,Corporate network
EVID_03362,Laptop Image,Bank transaction logs,Corporate network
EVID_03363,Server Image,Deleted files recovery,IT department
EVID_03364,Hard Drive,External USB,Financial institution
EVID_03365,Laptop Image,Bank transaction logs,Corporate network
EVID_03366,Database Dump,Malware traces,Office search
EVID_03367,Server Image,Malware traces,Office search
EVID_03368,Mobile Phone,External USB,Financial institution
EVID_03369,Database Dump,Malware traces,Internal audit
EVID_03370,Database Dump,Deleted files recovery,Internal audit
EVID_03371,Email Logs,Malware traces,Financial institution
EVID_03372,Laptop Image,Deleted files recovery,Financial institution
EVID_03373,Server Image,External USB,Corporate network
EVID_03374,Laptop Image,Encrypted smartphone,Law enforcement
EVID_03375,Server Image,External USB,Internal audit
EVID_03376,Email Logs,External USB,Financial institution
EVID_03377,USB Device,Financial records,Law enforcement
EVID_03378,Laptop Image,Unauthorized access logs,Cloud provider
EVID_03379,Account Records,External USB,Internal audit
EVID_03380,Laptop Image,Unauthorized access logs,Corporate network
EVID_03381,Account Records,Unauthorized access logs,IT department
EVID_03382,USB Device,Encrypted smartphone,IT department
EVID_03383,Laptop Image,Encrypted smartphone,Corporate network
EVID_03384,Network Logs,Malware traces,Office search
EVID_03385,Account Records,Encrypted smartphone,Law enforcement
EVID_03386,Account Records,Forged documents,Law enforcement
EVID_03387,Email Logs,Encrypted smartphone,Corporate network
EVID_03388,Laptop Image,Bank transaction logs,Law enforcement
EVID_03389,Mobile Phone,Encrypted smartphone,Office search
EVID_03390,Laptop Image,External USB,Law enforcement
EVID_03391,Hard Drive,Bank transaction logs,Internal audit
EVID_03392,Database Dump,External USB,Office search
EVID_03393,Network Logs,Malware traces,Office search
EVID_03394,Cloud Storage,Deleted files recovery,Cloud provider
EVID_03395,Account Records,Forged documents,Personal device
EVID_03396,Mobile Phone,Deleted files recovery,IT department
EVID_03397,Network Logs,Encrypted smartphone,IT department
EVID_03398,Database Dump,Forged documents,IT department
EVID_03399,USB Device,Bank transaction logs,Internal audit
EVID_03400,Account Records,External USB,Internal audit
EVID_03401,Hard Drive,Suspicious email chain,Internal audit
EVID_03402,Laptop Image,Suspect laptop,Cloud provider
EVID_03403,Mobile Phone,Encrypted smartphone,Financial institution
EVID_03404,Hard Drive,Deleted files recovery,Financial institution
EVID_03405,Database Dump,Malware traces,Internal audit
EVID_03406,USB Device,Deleted files recovery,Personal device
EVID_03407,USB Device,Suspicious email chain,Financial institution
EVID_03408,USB Device,Unauthorized access logs,Personal device
EVID_03409,Server Image,Forged documents,Corporate network
EVID_03410,Hard Drive,Suspicious email chain,Office search
EVID_03411,Network Logs,Malware traces,IT department
EVID_03412,Hard Drive,Suspect laptop,Cloud provider
EVID_03413,Account Records,Encrypted smartphone,Personal device
EVID_03414,Server Image,Deleted files recovery,Internal audit
EVID_03415,Cloud Storage,Deleted files recovery,Office search
EVID_03416,Email Logs,Suspect laptop,IT department
EVID_03417,Email Logs,Suspicious email chain,Corporate network
EVID_03418,Network Logs,Unauthorized access logs,Office search
EVID_03419,Hard Drive,Unauthorized access logs,Office search
EVID_03420,Database Dump,Financial records,Cloud provider
EVID_03421,Mobile Phone,Forged documents,Office search
EVID_03422,Account Records,Financial records,Cloud provider
EVID_03423,Mobile Phone,Bank transaction logs,Law enforcement
EVID_03424,Account Records,Suspicious email chain,Financial institution
EVID_03425,Mobile Phone,Forged documents,IT department
EVID_03426,Mobile Phone,Unauthorized access logs,Law enforcement
EVID_03427,Network Logs,Bank transaction logs,Corporate network
EVID_03428,Server Image,External USB,Law enforcement
EVID_03429,Server Image,Malware traces,Law enforcement
EVID_03430,Account Records,Financial records,Personal device
EVID_03431,Account Records,Financial records,Office search
EVID_03432,Email Logs,Deleted files recovery,Cloud provider
EVID_03433,Email Logs,Forged documents,Law enforcement
EVID_03434,Network Logs,Encrypted smartphone,Office search
EVID_03435,Email Logs,Deleted files recovery,Law enforcement
EVID_03436,Server Image,Malware traces,Law enforcement
EVID_03437,Server Image,Malware traces,Financial institution
EVID_03438,Network Logs,Malware traces,Financial institution
EVID_03439,Database Dump,Unauthorized access logs,Law enforcement
EVID_03440,Hard Drive,Financial records,Financial institution
EVID_03441,Email Logs,Encrypted smartphone,Law enforcement
EVID_03442,Database Dump,Forged documents,Cloud provider
EVID_03443,Hard Drive,Encrypted smartphone,Law enforcement
EVID_03444,Network Logs,Forged documents,Office search
EVID_03445,Hard Drive,Financial records,Financial institution
EVID_03446,Database Dump,Unauthorized access logs,Internal audit
EVID_03447,Mobile Phone,Deleted files recovery,Personal device
EVID_03448,Hard Drive,Suspicious email chain,Office search
EVID_03449,Account Records,Bank transaction logs,Office search
EVID_03450,Email Logs,Encrypted smartphone,Office search
EVID_03451,Mobile Phone,Encrypted smartphone,Personal device
EVID_03452,USB Device,Forged documents,Financial institution
EVID_03453,USB Device,Bank transaction logs,Corporate network
EVID_03454,Cloud Storage,Financial records,Personal device
EVID_03455,Cloud Storage,Forged documents,Office search
EVID_03456,Account Records,Bank transaction logs,Cloud provider
EVID_03457,Account Records,Suspect laptop,Financial institution
EVID_03458,Server Image,Forged documents,Office search
EVID_03459,Laptop Image,External USB,Financial institution
EVID_03460,Mobile Phone,Malware traces,Personal device
EVID_03461,Server Image,Suspicious email chain,Personal device
EVID_03462,Database Dump,Unauthorized access logs,Internal audit
EVID_03463,Mobile Phone,Forged documents,Internal audit
EVID_03464,Cloud Storage,Encrypted smartphone,Office search
EVID_03465,Mobile Phone,Forged documents,Cloud provider
EVID_03466,Server Image,Encrypted smartphone,Financial institution
EVID_03467,USB Device,Bank transaction logs,Law enforcement
EVID_03468,Hard Drive,Forged documents,Financial institution
EVID_03469,Database Dump,Bank transaction logs,Internal audit
EVID_03470,USB Device,Bank transaction logs,Internal audit
EVID_03471,Hard Drive,Deleted files recovery,Cloud provider
EVID_03472,Server Image,Financial records,Office search
EVID_03473,Network Logs,Unauthorized access logs,Cloud provider
EVID_03474,Hard Drive,Malware traces,Corporate network
EVID_03475,Laptop Image,Forged documents,Office search
EVID_03476,Mobile Phone,Suspicious email chain,Office search
EVID_03477,Laptop Image,Encrypted smartphone,Internal audit
EVID_03478,Email Logs,Financial records,Internal audit
EVID_03479,USB Device,Financial records,Law enforcement
EVID_03480,Mobile Phone,Bank transaction logs,Law enforcement
EVID_03481,Network Logs,Suspicious email chain,Office search
EVID_03482,Database Dump,Financial records,Personal device
EVID_03483,Hard Drive,Malware traces,Office search
EVID_03484,Database Dump,Deleted files recovery,Internal audit
EVID_03485,Mobile Phone,Financial records,Internal audit
EVID_03486,Server Image,Encrypted smartphone,Personal device
EVID_03487,Database Dump,Suspicious email chain,IT department
EVID_03488,USB Device,Unauthorized access logs,IT department
EVID_03489,Mobile Phone,Suspicious email chain,Law enforcement
EVID_03490,Database Dump,Bank transaction logs,Office search
EVID_03491,Server Image,Unauthorized access logs,Corporate network
EVID_03492,Laptop Image,Deleted files recovery,IT department
EVID_03493,Laptop Image,Forged documents,Law enforcement
EVID_03494,Laptop Image,Suspect laptop,Financial institution
EVID_03495,Mobile Phone,Deleted files recovery,IT department
EVID_03496,Mobile Phone,Suspicious email chain,IT department
EVID_03497,Network Logs,Encrypted smartphone,Office search
EVID_03498,Server Image,Suspicious email chain,IT department
EVID_03499,Mobile Phone,Suspicious email chain,Law enforcement
EVID_03500,Hard Drive,Forged documents,Personal device
EVID_03501,USB Device,External USB,Office search
EVID_03502,Database Dump,Encrypted smartphone,Law enforcement
EVID_03503,USB Device,Suspicious email chain,Law enforcement
EVID_03504,Mobile Phone,Bank transaction logs,IT department
EVID_03505,Mobile Phone,Forged documents,Internal audit
EVID_03506,Account Records,Suspect laptop,Cloud provider
EVID_03507,Account Records,Malware traces,Law enforcement
EVID_03508,Mobile Phone,Deleted files recovery,Law enforcement
EVID_03509,Database Dump,Suspect laptop,Financial institution
EVID_03510,Network Logs,External USB,Corporate network
EVID_03511,Server Image,Financial records,Law enforcement
EVID_03512,Mobile Phone,Forged documents,Financial institution
EVID_03513,Hard Drive,Bank transaction logs,Law enforcement
EVID_03514,Database Dump,Unauthorized access logs,Office search
EVID_03515,Hard Drive,Deleted files recovery,IT department
EVID_03516,Database Dump,Bank transaction logs,Financial institution
EVID_03517,Server Image,Malware traces,Internal audit
EVID_03518,Hard Drive,Financial records,Office search
EVID_03519,Email Logs,Suspect laptop,IT department
EVID_03520,USB Device,Malware traces,Law enforcement
EVID_03521,Email Logs,Forged documents,Internal audit
EVID_03522,Hard Drive,Forged documents,Office search
EVID_03523,USB Device,External USB,Personal device
EVID_03524,Hard Drive,Deleted files recovery,Financial institution
EVID_03525,Mobile Phone,Encrypted smartphone,Office search
EVID_03526,Email Logs,Financial records,Office search
EVID_03527,Email Logs,Encrypted smartphone,Cloud provider
EVID_03528,Database Dump,Deleted files recovery,IT department
EVID_03529,USB Device,External USB,Internal audit
EVID_03530,Hard Drive,Encrypted smartphone,Personal device
EVID_03531,Mobile Phone,Forged documents,Internal audit
EVID_03532,Email Logs,Unauthorized access logs,Internal audit
EVID_03533,Email Logs,Bank transaction logs,Cloud provider
EVID_03534,Hard Drive,Financial records,Personal device
EVID_03535,Email Logs,Unauthorized access logs,Cloud provider
EVID_03536,USB Device,Encrypted smartphone,Financial institution
EVID_03537,Email Logs,Deleted files recovery,Office search
EVID_03538,Server Image,Suspect laptop,IT department
EVID_03539,Server Image,Deleted files recovery,Office search
EVID_03540,Email Logs,Bank transaction logs,Personal device
EVID_03541,Cloud Storage,Deleted files recovery,Corporate network
EVID_03542,Cloud Storage,Financial records,Personal device
EVID_03543,Network Logs,Suspicious email chain,Law enforcement
EVID_03544,Mobile Phone,Suspicious email chain,Law enforcement
EVID_03545,Account Records,Suspicious email chain,Office search
EVID_03546,Hard Drive,Deleted files recovery,Financial institution
EVID_03547,USB Device,Suspicious email chain,IT department
EVID_03548,Account Records,Bank transaction logs,Internal audit
EVID_03549,Cloud Storage,Suspect laptop,Cloud provider
EVID_03550,Network Logs,Encrypted smartphone,Financial institution
EVID_03551,Cloud Storage,Malware traces,Cloud provider
EVID_03552,Server Image,Bank transaction logs,Law enforcement
EVID_03553,Database Dump,Bank transaction logs,Law enforcement
EVID_03554,Network Logs,Deleted files recovery,Cloud provider
EVID_03555,Database Dump,Unauthorized access logs,Corporate network
EVID_03556,Email Logs,Financial records,Internal audit
EVID_03557,Account Records,Forged documents,Cloud provider
EVID_03558,Network Logs,Suspect laptop,Internal audit
EVID_03559,Mobile Phone,External USB,Cloud provider
EVID_03560,Laptop Image,Suspicious email chain,Corporate network
EVID_03561,Network Logs,Suspect laptop,Internal audit
EVID_03562,Cloud Storage,Bank transaction logs,Personal device
EVID_03563,Email Logs,Bank transaction logs,Law enforcement
EVID_03564,USB Device,Forged documents,Law enforcement
EVID_03565,Cloud Storage,Bank transaction logs,Financial institution
EVID_03566,Network Logs,Malware traces,Personal device
EVID_03567,USB Device,Forged documents,Corporate network
EVID_03568,Laptop Image,Encrypted smartphone,IT department
EVID_03569,Hard Drive,Bank transaction logs,IT department
EVID_03570,Network Logs,Bank transaction logs,Law enforcement
EVID_03571,Network Logs,Deleted files recovery,Law enforcement
EVID_03572,Database Dump,Suspect laptop,Cloud provider
EVID_03573,Mobile Phone,Bank transaction logs,Personal device
EVID_03574,Database Dump,Deleted files recovery,Financial institution
EVID_03575,Network Logs,Financial records,Personal device
EVID_03576,Mobile Phone,Malware traces,Personal device
EVID_03577,Network Logs,Unauthorized access logs,Office search
EVID_03578,Server Image,Suspicious email chain,Personal device
EVID_03579,Email Logs,Suspicious email chain,Financial institution
EVID_03580,Account Records,Suspicious email chain,Cloud provider
EVID_03581,Email Logs,Forged documents,Corporate network
EVID_03582,Mobile Phone,Suspect laptop,Law enforcement
EVID_03583,Laptop Image,Suspect laptop,Office search
EVID_03584,Email Logs,External USB,Internal audit
EVID_03585,Laptop Image,Bank transaction logs,IT department
EVID_03586,Server Image,Malware traces,Cloud provider
EVID_03587,Mobile Phone,Encrypted smartphone,IT department
EVID_03588,Mobile Phone,Unauthorized access logs,Cloud provider
EVID_03589,Cloud Storage,External USB,Financial institution
EVID_03590,Laptop Image,Deleted files recovery,Personal device
EVID_03591,Server Image,External USB,Corporate network
EVID_03592,Email Logs,Unauthorized access logs,Personal device
EVID_03593,Hard Drive,Suspect laptop,IT department
EVID_03594,Cloud Storage,External USB,Personal device
EVID_03595,Server Image,Malware traces,Personal device
EVID_03596,Account Records,Financial records,Internal audit
EVID_03597,Database Dump,External USB,Corporate network
EVID_03598,Cloud Storage,Suspicious email chain,IT department
EVID_03599,Server Image,Financial records,Cloud provider
EVID_03600,Server Image,Forged documents,Cloud provider
EVID_03601,Network Logs,Deleted files recovery,Law enforcement
EVID_03602,Laptop Image,Unauthorized access logs,Cloud provider
EVID_03603,Mobile Phone,Suspicious email chain,Personal device
EVID_03604,Mobile Phone,External USB,Personal device
EVID_03605,Network Logs,Deleted files recovery,IT department
EVID_03606,Mobile Phone,Unauthorized access logs,Office search
EVID_03607,Hard Drive,Unauthorized access logs,Personal device
EVID_03608,Network Logs,Deleted files recovery,IT department
EVID_03609,Account Records,Malware traces,Corporate network
EVID_03610,Network Logs,Deleted files recovery,IT department
EVID_03611,Server Image,External USB,Law enforcement
EVID_03612,Laptop Image,Bank transaction logs,Financial institution
EVID_03613,Server Image,Deleted files recovery,Corporate network
EVID_03614,Email Logs,Bank transaction logs,Corporate network
EVID_03615,Email Logs,Bank transaction logs,Cloud provider
EVID_03616,USB Device,Malware traces,Internal audit
EVID_03617,Mobile Phone,Encrypted smartphone,Cloud provider
EVID_03618,Account Records,External USB,IT department
EVID_03619,Cloud Storage,Unauthorized access logs,Internal audit
EVID_03620,Account Records,Unauthorized access logs,IT department
EVID_03621,USB Device,External USB,Office search
EVID_03622,Hard Drive,Bank transaction logs,Corporate network
EVID_03623,Account Records,Malware traces,IT department
EVID_03624,Database Dump,Bank transaction logs,Corporate network
EVID_03625,Account Records,Malware traces,IT department
EVID_03626,Laptop Image,Suspect laptop,IT department
EVID_03627,Server Image,Deleted files recovery,IT department
EVID_03628,Hard Drive,Unauthorized access logs,Personal device
EVID_03629,Server Image,Unauthorized access logs,Cloud provider
EVID_03630,Email Logs,Deleted files recovery,Personal device
EVID_03631,Account Records,Bank transaction logs,Law enforcement
EVID_03632,Database Dump,External USB,Law enforcement
EVID_03633,Cloud Storage,Bank transaction logs,Internal audit
EVID_03634,Email Logs,Deleted files recovery,Law enforcement
EVID_03635,Cloud Storage,Financial records,Law enforcement
EVID_03636,Account Records,Deleted files recovery,IT department
EVID_03637,Mobile Phone,Malware traces,Financial institution
EVID_03638,Server Image,External USB,Office search
EVID_03639,Email Logs,Deleted files recovery,Corporate network
EVID_03640,Network Logs,Unauthorized access logs,Office search
EVID_03641,Server Image,Suspect laptop,Financial institution
EVID_03642,Server Image,Deleted files recovery,Office search
EVID_03643,Email Logs,Bank transaction logs,Financial institution
EVID_03644,Server Image,Suspect laptop,Law enforcement
EVID_03645,USB Device,Bank transaction logs,Internal audit
EVID_03646,USB Device,Deleted files recovery,Internal audit
EVID_03647,Account Records,Suspect laptop,Office search
EVID_03648,Cloud Storage,Suspect laptop,IT department
EVID_03649,Server Image,Forged documents,Office search
EVID_03650,Hard Drive,Unauthorized access logs,Financial institution
EVID_03651,Account Records,Encrypted smartphone,Financial institution
EVID_03652,Cloud Storage,Bank transaction logs,Office search
EVID_03653,Database Dump,Bank transaction logs,Personal device
EVID_03654,Network Logs,Suspect laptop,Corporate network
EVID_03655,Server Image,Suspect laptop,Personal device
EVID_03656,Network Logs,Bank transaction logs,Internal audit
EVID_03657,Network Logs,Financial records,Corporate network
EVID_03658,Laptop Image,Unauthorized access logs,Law enforcement
EVID_03659,Database Dump,Suspicious email chain,Office search
EVID_03660,Mobile Phone,Financial records,Internal audit
EVID_03661,Cloud Storage,External USB,Internal audit
EVID_03662,Database Dump,Forged documents,Cloud provider
EVID_03663,Email Logs,Suspicious email chain,Corporate network
EVID_03664,Account Records,Unauthorized access logs,Internal audit
EVID_03665,Account Records,Forged documents,Personal device
EVID_03666,USB Device,Deleted files recovery,Personal device
EVID_03667,Mobile Phone,External USB,Financial institution
EVID_03668,Hard Drive,Financial records,IT department
EVID_03669,Server Image,External USB,Personal device
EVID_03670,USB Device,Suspicious email chain,IT department
EVID_03671,Server Image,Suspicious email chain,Financial institution
EVID_03672,Account Records,External USB,Financial institution
EVID_03673,Mobile Phone,Unauthorized access logs,IT department
EVID_03674,Server Image,Forged documents,Cloud provider
EVID_03675,Hard Drive,Bank transaction logs,Personal device
EVID_03676,Account Records,External USB,Internal audit
EVID_03677,Hard Drive,Deleted files recovery,Personal device
EVID_03678,USB Device,Encrypted smartphone,Law enforcement
EVID_03679,Mobile Phone,Forged documents,Personal device
EVID_03680,Laptop Image,External USB,Personal device
EVID_03681,Mobile Phone,Suspicious email chain,Financial institution
EVID_03682,Cloud Storage,External USB,Office search
EVID_03683,Account Records,Financial records,Cloud provider
EVID_03684,Hard Drive,Encrypted smartphone,Law enforcement
EVID_03685,Cloud Storage,Unauthorized access logs,IT department
EVID_03686,Email Logs,Bank transaction logs,Financial institution
EVID_03687,Cloud Storage,Suspicious email chain,Internal audit
EVID_03688,Laptop Image,Deleted files recovery,IT department
EVID_03689,Mobile Phone,External USB,IT department
EVID_03690,Email Logs,Suspect laptop,Financial institution
EVID_03691,Server Image,Suspicious email chain,Financial institution
EVID_03692,Hard Drive,Encrypted smartphone,Internal audit
EVID_03693,Mobile Phone,Forged documents,Financial institution
EVID_03694,Account Records,Suspicious email chain,Corporate network
EVID_03695,Email Logs,External USB,Personal device
EVID_03696,Email Logs,Deleted files recovery,Internal audit
EVID_03697,Cloud Storage,Deleted files recovery,IT department
EVID_03698,Account Records,External USB,Financial institution
EVID_03699,Hard Drive,Suspicious email chain,Office search
EVID_03700,Database Dump,Encrypted smartphone,Corporate network
EVID_03701,Email Logs,External USB,Financial institution
EVID_03702,Cloud Storage,Forged documents,Office search
EVID_03703,Server Image,Forged documents,Office search
EVID_03704,Mobile Phone,External USB,Internal audit
EVID_03705,Hard Drive,Deleted files recovery,Corporate network
EVID_03706,Hard Drive,Malware traces,Law enforcement
EVID_03707,Email Logs,Suspicious email chain,Cloud provider
EVID_03708,Mobile Phone,Bank transaction logs,Cloud provider
EVID_03709,Email Logs,Malware traces,Cloud provider
EVID_03710,Network Logs,Encrypted smartphone,Financial institution
EVID_03711,Database Dump,External USB,Cloud provider
EVID_03712,Laptop Image,Financial records,Law enforcement
EVID_03713,Server Image,Encrypted smartphone,Personal device
EVID_03714,Laptop Image,Bank transaction logs,Financial institution
EVID_03715,USB Device,Forged documents,Personal device
EVID_03716,Database Dump,Encrypted smartphone,Office search
EVID_03717,Cloud Storage,Malware traces,Personal device
EVID_03718,Network Logs,Forged documents,Internal audit
EVID_03719,Email Logs,Encrypted smartphone,Office search
EVID_03720,Server Image,Suspicious email chain,Personal device
EVID_03721,USB Device,Suspicious email chain,Financial institution
EVID_03722,Mobile Phone,Malware traces,Office search
EVID_03723,Laptop Image,Suspicious email chain,IT department
EVID_03724,Account Records,External USB,Law enforcement
EVID_03725,Hard Drive,Unauthorized access logs,Office search
EVID_03726,Cloud Storage,Financial records,IT department
EVID_03727,USB Device,Bank transaction logs,Office search
EVID_03728,Database Dump,Bank transaction logs,Cloud provider
EVID_03729,Mobile Phone,Bank transaction logs,Office search
EVID_03730,Hard Drive,Suspicious email chain,Law enforcement
EVID_03731,Laptop Image,Suspicious email chain,Corporate network
EVID_03732,Laptop Image,Suspect laptop,Financial institution
EVID_03733,USB Device,Suspicious email chain,Financial institution
EVID_03734,Laptop Image,Encrypted smartphone,Financial institution
EVID_03735,Mobile Phone,Deleted files recovery,Cloud provider
EVID_03736,Server Image,Suspicious email chain,Cloud provider
EVID_03737,Server Image,Unauthorized access logs,Cloud provider
EVID_03738,Mobile Phone,Malware traces,Personal device
EVID_03739,Account Records,Suspicious email chain,Office search
EVID_03740,Account Records,Malware traces,IT department
EVID_03741,Email Logs,Suspicious email chain,IT department
EVID_03742,Account Records,Deleted files recovery,Corporate network
EVID_03743,Database Dump,Encrypted smartphone,Corporate network
EVID_03744,Laptop Image,Forged documents,Corporate network
EVID_03745,Cloud Storage,Deleted files recovery,Personal device
EVID_03746,Hard Drive,Forged documents,Financial institution
EVID_03747,Cloud Storage,Bank transaction logs,Internal audit
EVID_03748,Network Logs,Suspect laptop,Law enforcement
EVID_03749,USB Device,External USB,Law enforcement
EVID_03750,Hard Drive,Unauthorized access logs,Office search
EVID_03751,USB Device,Suspicious email chain,Corporate network
EVID_03752,USB Device,Financial records,Corporate network
EVID_03753,Server Image,External USB,Financial institution
EVID_03754,Network Logs,Unauthorized access logs,Law enforcement
EVID_03755,Database Dump,Bank transaction logs,Law enforcement
EVID_03756,Mobile Phone,Deleted files recovery,Office search
EVID_03757,Server Image,Bank transaction logs,IT department
EVID_03758,Laptop Image,Suspicious email chain,Law enforcement
EVID_03759,Email Logs,Financial records,Personal device
EVID_03760,Server Image,Unauthorized access logs,Financial institution
EVID_03761,Email Logs,Malware traces,IT department
EVID_03762,Network Logs,Suspicious email chain,Financial institution
EVID_03763,Database Dump,Suspicious email chain,Corporate network
EVID_03764,Account Records,External USB,Corporate network
EVID_03765,Laptop Image,External USB,Financial institution
EVID_03766,Email Logs,External USB,Office search
EVID_03767,Laptop Image,Encrypted smartphone,Personal device
EVID_03768,Hard Drive,Suspicious email chain,Cloud provider
EVID_03769,Laptop Image,Malware traces,Internal audit
EVID_03770,Network Logs,Malware traces,IT department
EVID_03771,Cloud Storage,Suspicious email chain,IT department
EVID_03772,Mobile Phone,Encrypted smartphone,IT department
EVID_03773,Database Dump,External USB,IT department
EVID_03774,Cloud Storage,Suspect laptop,Internal audit
EVID_03775,Database Dump,Suspicious email chain,Cloud provider
EVID_03776,Laptop Image,Forged documents,IT department
EVID_03777,Laptop Image,Bank transaction logs,Office search
EVID_03778,Database Dump,External USB,IT department
EVID_03779,USB Device,Unauthorized access logs,Financial institution
EVID_03780,Mobile Phone,Encrypted smartphone,Internal audit
EVID_03781,Server Image,Encrypted smartphone,Internal audit
EVID_03782,Cloud Storage,External USB,Internal audit
EVID_03783,Laptop Image,Unauthorized access logs,Financial institution
EVID_03784,Hard Drive,Bank transaction logs,Financial institution
EVID_03785,Cloud Storage,Encrypted smartphone,Corporate network
EVID_03786,Database Dump,Encrypted smartphone,Corporate network
EVID_03787,Email Logs,Forged documents,Law enforcement
EVID_03788,Server Image,Unauthorized access logs,IT department
EVID_03789,Account Records,Deleted files recovery,IT department
EVID_03790,Server Image,Malware traces,Law enforcement
EVID_03791,Network Logs,Financial records,Personal device
EVID_03792,Hard Drive,Forged documents,IT department
EVID_03793,Mobile Phone,Financial records,Corporate network
EVID_03794,Server Image,Malware traces,Internal audit
EVID_03795,Laptop Image,Deleted files recovery,Corporate network
EVID_03796,Cloud Storage,Bank transaction logs,Office search
EVID_03797,Server Image,Deleted files recovery,IT department
EVID_03798,Network Logs,Financial records,Office search
EVID_03799,Server Image,Suspect laptop,Law enforcement
EVID_03800,Account Records,Financial records,Cloud provider
EVID_03801,Server Image,Bank transaction logs,IT department
EVID_03802,USB Device,Deleted files recovery,Personal device
EVID_03803,Server Image,Suspicious email chain,Law enforcement
EVID_03804,Hard Drive,Suspicious email chain,Office search
EVID_03805,Database Dump,Bank transaction logs,Law enforcement
EVID_03806,Hard Drive,External USB,Cloud provider
EVID_03807,Mobile Phone,Encrypted smartphone,Corporate network
EVID_03808,Email Logs,Forged documents,Internal audit
EVID_03809,USB Device,Suspicious email chain,IT department
EVID_03810,Cloud Storage,Unauthorized access logs,IT department
EVID_03811,Email Logs,Forged documents,Internal audit
EVID_03812,Mobile Phone,Forged documents,Office search
EVID_03813,Server Image,Malware traces,Cloud provider
EVID_03814,Hard Drive,External USB,Office search
EVID_03815,USB Device,Encrypted smartphone,Office search
EVID_03816,Laptop Image,Suspect laptop,IT department
EVID_03817,Email Logs,Forged documents,IT department
EVID_03818,Network Logs,External USB,Cloud provider
EVID_03819,Account Records,Deleted files recovery,Cloud provider
EVID_03820,Cloud Storage,Deleted files recovery,Internal audit
EVID_03821,USB Device,Financial records,Law enforcement
EVID_03822,USB Device,Deleted files recovery,IT department
EVID_03823,Cloud Storage,Deleted files recovery,Internal audit
EVID_03824,Email Logs,External USB,Financial institution
EVID_03825,Account Records,Deleted files recovery,Corporate network
EVID_03826,Account Records,Suspicious email chain,Personal device
EVID_03827,Network Logs,Suspect laptop,IT department
EVID_03828,Cloud Storage,External USB,IT department
EVID_03829,Server Image,Malware traces,Personal device
EVID_03830,Network Logs,Encrypted smartphone,Internal audit
EVID_03831,Email Logs,Forged documents,Internal audit
EVID_03832,Database Dump,Encrypted smartphone,Cloud provider
EVID_03833,Account Records,Malware traces,Cloud provider
EVID_03834,USB Device,Deleted files recovery,IT department
EVID_03835,Laptop Image,Suspicious email chain,Law enforcement
EVID_03836,Server Image,Deleted files recovery,Office search
EVID_03837,Hard Drive,Suspicious email chain,Personal device
EVID_03838,Email Logs,Unauthorized access logs,Law enforcement
EVID_03839,Network Logs,Suspicious email chain,Financial institution
EVID_03840,Account Records,Deleted files recovery,Law enforcement
EVID_03841,Email Logs,Bank transaction logs,Cloud provider
EVID_03842,Network Logs,Financial records,Cloud provider
EVID_03843,Network Logs,Suspect laptop,Office search
EVID_03844,Email Logs,Suspect laptop,Corporate network
EVID_03845,Database Dump,Forged documents,IT department
EVID_03846,Network Logs,Deleted files recovery,Cloud provider
EVID_03847,USB Device,Deleted files recovery,Office search
EVID_03848,Mobile Phone,Bank transaction logs,Law enforcement
EVID_03849,Cloud Storage,Malware traces,IT department
EVID_03850,USB Device,Forged documents,Law enforcement
EVID_03851,Cloud Storage,Suspicious email chain,Corporate network
EVID_03852,Cloud Storage,Financial records,Cloud provider
EVID_03853,Network Logs,Deleted files recovery,Corporate network
EVID_03854,Server Image,Suspect laptop,Corporate network
EVID_03855,Email Logs,External USB,Office search
EVID_03856,Server Image,Unauthorized access logs,Cloud provider
EVID_03857,Hard Drive,Malware traces,Personal device
EVID_03858,Email Logs,Bank transaction logs,Law enforcement
EVID_03859,USB Device,External USB,Cloud provider
EVID_03860,Database Dump,External USB,Financial institution
EVID_03861,Email Logs,Suspicious email chain,IT department
EVID_03862,Database Dump,Financial records,Cloud provider
EVID_03863,USB Device,Deleted files recovery,Corporate network
EVID_03864,Network Logs,Deleted files recovery,Financial institution
EVID_03865,Database Dump,Unauthorized access logs,Internal audit
EVID_03866,Laptop Image,Forged documents,IT department
EVID_03867,Account Records,Forged documents,Cloud provider
EVID_03868,Laptop Image,Encrypted smartphone,Financial institution
EVID_03869,Cloud Storage,Forged documents,Cloud provider
EVID_03870,Hard Drive,Suspicious email chain,Corporate network
EVID_03871,Hard Drive,Forged documents,Law enforcement
EVID_03872,Database Dump,External USB,Office search
EVID_03873,Database Dump,Forged documents,Office search
EVID_03874,USB Device,Deleted files recovery,Law enforcement
EVID_03875,Laptop Image,Encrypted smartphone,Cloud provider
EVID_03876,Server Image,External USB,Financial institution
EVID_03877,Email Logs,Encrypted smartphone,Cloud provider
EVID_03878,Email Logs,Suspect laptop,Personal device
EVID_03879,Database Dump,Financial records,Financial institution
EVID_03880,Server Image,Suspicious email chain,Law enforcement
EVID_03881,Database Dump,External USB,Corporate network
EVID_03882,Laptop Image,External USB,Cloud provider
EVID_03883,Account Records,Malware traces,Office search
EVID_03884,Cloud Storage,Encrypted smartphone,Corporate network
EVID_03885,Database Dump,Unauthorized access logs,Cloud provider
EVID_03886,Email Logs,Malware traces,Financial institution
EVID_03887,Database Dump,Bank transaction logs,Cloud provider
EVID_03888,Network Logs,Bank transaction logs,Corporate network
EVID_03889,Server Image,Bank transaction logs,Financial institution
EVID_03890,Hard Drive,Forged documents,Office search
EVID_03891,USB Device,Encrypted smartphone,IT department
EVID_03892,Cloud Storage,Deleted files recovery,Office search
EVID_03893,Cloud Storage,External USB,Office search
EVID_03894,Laptop Image,Encrypted smartphone,IT department
EVID_03895,USB Device,Suspect laptop,Corporate network
EVID_03896,Email Logs,Unauthorized access logs,Law enforcement
EVID_03897,Database Dump,Malware traces,Office search
EVID_03898,Cloud Storage,Suspect laptop,Law enforcement
EVID_03899,Mobile Phone,Bank transaction logs,IT department
EVID_03900,Database Dump,Suspicious email chain,Cloud provider
EVID_03901,Database Dump,Suspect laptop,Cloud provider
EVID_03902,USB Device,Bank transaction logs,Cloud provider
EVID_03903,Server Image,Suspicious email chain,Cloud provider
EVID_03904,Hard Drive,Forged documents,Personal device
EVID_03905,Server Image,Unauthorized access logs,Law enforcement
EVID_03906,Email Logs,Encrypted smartphone,Office search
EVID_03907,Network Logs,Suspicious email chain,Internal audit
EVID_03908,Email Logs,Forged documents,Cloud provider
EVID_03909,USB Device,Bank transaction logs,Cloud provider
EVID_03910,Laptop Image,Financial records,IT department
EVID_03911,Database Dump,Financial records,Corporate network
EVID_03912,Hard Drive,Unauthorized access logs,Office search
EVID_03913,Email Logs,Bank transaction logs,Financial institution
EVID_03914,Email Logs,Unauthorized access logs,Financial institution
EVID_03915,USB Device,External USB,Personal device
EVID_03916,USB Device,External USB,Office search
EVID_03917,Database Dump,Unauthorized access logs,Law enforcement
EVID_03918,USB Device,Malware traces,Cloud provider
EVID_03919,Cloud Storage,Encrypted smartphone,IT department
EVID_03920,Hard Drive,Unauthorized access logs,Internal audit
EVID_03921,Laptop Image,Financial records,Personal device
EVID_03922,Server Image,Bank transaction logs,Internal audit
EVID_03923,Email Logs,Suspect laptop,Corporate network
EVID_03924,Network Logs,Encrypted smartphone,Financial institution
EVID_03925,Network Logs,Suspect laptop,Corporate network
EVID_03926,USB Device,Suspicious email chain,Financial institution
EVID_03927,Server Image,Deleted files recovery,Corporate network
EVID_03928,Database Dump,Deleted files recovery,Office search
EVID_03929,Laptop Image,Financial records,Corporate network
EVID_03930,Account Records,Suspicious email chain,Personal device
EVID_03931,Cloud Storage,Malware traces,IT department
EVID_03932,USB Device,Bank transaction logs,Cloud provider
EVID_03933,Laptop Image,Financial records,Internal audit
EVID_03934,Network Logs,Malware traces,Financial institution
EVID_03935,Mobile Phone,External USB,Corporate network
EVID_03936,Laptop Image,Encrypted smartphone,Office search
EVID_03937,Account Records,Financial records,Cloud provider
EVID_03938,Network Logs,Malware traces,Internal audit
EVID_03939,Account Records,External USB,Internal audit
EVID_03940,Hard Drive,Encrypted smartphone,Personal device
EVID_03941,Hard Drive,Bank transaction logs,Corporate network
EVID_03942,Cloud Storage,Suspicious email chain,Internal audit
EVID_03943,Laptop Image,Unauthorized access logs,Personal device
EVID_03944,Account Records,Unauthorized access logs,IT department
EVID_03945,Database Dump,Financial records,IT department
EVID_03946,Account Records,Suspicious email chain,Personal device
EVID_03947,Mobile Phone,Forged documents,Law enforcement
EVID_03948,Mobile Phone,Bank transaction logs,Personal device
EVID_03949,Laptop Image,Forged documents,Corporate network
EVID_03950,Database Dump,Forged documents,Cloud provider
EVID_03951,Mobile Phone,Deleted files recovery,Personal device
EVID_03952,Mobile Phone,External USB,Personal device
EVID_03953,Network Logs,Encrypted smartphone,Law enforcement
EVID_03954,Email Logs,Deleted files recovery,Internal audit
EVID_03955,Hard Drive,Forged documents,Office search
EVID_03956,Database Dump,Unauthorized access logs,Office search
EVID_03957,Cloud Storage,Suspect laptop,IT department
EVID_03958,Laptop Image,Malware traces,IT department
EVID_03959,USB Device,Suspicious email chain,IT department
EVID_03960,Account Records,Malware traces,Office search
EVID_03961,Database Dump,Suspicious email chain,Corporate network
EVID_03962,Server Image,Encrypted smartphone,Corporate network
EVID_03963,Hard Drive,Suspect laptop,Law enforcement
EVID_03964,USB Device,Bank transaction logs,Personal device
EVID_03965,Laptop Image,Unauthorized access logs,Internal audit
EVID_03966,Database Dump,Suspect laptop,Personal device
EVID_03967,Database Dump,Financial records,IT department
EVID_03968,Server Image,Unauthorized access logs,Financial institution
EVID_03969,Cloud Storage,Malware traces,Financial institution
EVID_03970,Hard Drive,Malware traces,Financial institution
EVID_03971,Mobile Phone,Encrypted smartphone,Financial institution
EVID_03972,Hard Drive,Malware traces,Internal audit
EVID_03973,Account Records,Bank transaction logs,Internal audit
EVID_03974,Cloud Storage,Deleted files recovery,Financial institution
EVID_03975,Hard Drive,Malware traces,IT department
EVID_03976,Database Dump,Bank transaction logs,IT department
EVID_03977,Hard Drive,Malware traces,Personal device
EVID_03978,Cloud Storage,Unauthorized access logs,Cloud provider
EVID_03979,Cloud Storage,Forged documents,IT department
EVID_03980,Email Logs,External USB,Internal audit
EVID_03981,Email Logs,Deleted files recovery,Internal audit
EVID_03982,Hard Drive,External USB,Internal audit
EVID_03983,Mobile Phone,Encrypted smartphone,IT department
EVID_03984,Network Logs,Unauthorized access logs,Office search
EVID_03985,USB Device,Encrypted smartphone,Corporate network
EVID_03986,Database Dump,Malware traces,Office search
EVID_03987,Cloud Storage,Encrypted smartphone,IT department
EVID_03988,Hard Drive,Bank transaction logs,Office search
EVID_03989,Hard Drive,Forged documents,IT department
EVID_03990,Database Dump,Suspicious email chain,Financial institution
EVID_03991,Account Records,Suspicious email chain,Corporate network
EVID_03992,Mobile Phone,Suspicious email chain,Office search
EVID_03993,Network Logs,External USB,Corporate network
EVID_03994,Email Logs,Malware traces,Internal audit
EVID_03995,Laptop Image,Suspect laptop,Internal audit
EVID_03996,Email Logs,Suspect laptop,Cloud provider
EVID_03997,Cloud Storage,External USB,Cloud provider
EVID_03998,Account Records,External USB,Personal device
EVID_03999,Laptop Image,Forged documents,Cloud provider
EVID_04000,Network Logs,Financial records,Personal device
EVID_04001,USB Device,Forged documents,IT department
EVID_04002,Account Records,Unauthorized access logs,Internal audit
EVID_04003,Server Image,Unauthorized access logs,Office search
EVID_04004,Account Records,Unauthorized access logs,Financial institution
EVID_04005,Account Records,Forged documents,Law enforcement
EVID_04006,Network Logs,Financial records,Personal device
EVID_04007,Network Logs,Suspect laptop,Law enforcement
EVID_04008,Laptop Image,External USB,Personal device
EVID_04009,Account Records,Financial records,Corporate network
EVID_04010,Cloud Storage,Malware traces,Internal audit
EVID_04011,Hard Drive,Encrypted smartphone,Cloud provider
EVID_04012,Network Logs,Suspect laptop,Personal device
EVID_04013,Laptop Image,Encrypted smartphone,Law enforcement
EVID_04014,Database Dump,Malware traces,Financial institution
EVID_04015,Account Records,Suspicious email chain,Office search
EVID_04016,Database Dump,Suspect laptop,Corporate network
EVID_04017,Laptop Image,External USB,Personal device
EVID_04018,Network Logs,Malware traces,IT department
EVID_04019,Laptop Image,Unauthorized access logs,Personal device
EVID_04020,Network Logs,Malware traces,Cloud provider
EVID_04021,Hard Drive,Bank transaction logs,Office search
EVID_04022,Cloud Storage,Deleted files recovery,Internal audit
EVID_04023,Hard Drive,Malware traces,IT department
EVID_04024,Laptop Image,Unauthorized access logs,Corporate network
EVID_04025,Account Records,Financial records,Internal audit
EVID_04026,Hard Drive,Unauthorized access logs,Cloud provider
EVID_04027,Account Records,Deleted files recovery,IT department
EVID_04028,Database Dump,External USB,Cloud provider
EVID_04029,Database Dump,Financial records,Financial institution
EVID_04030,Hard Drive,Suspicious email chain,Law enforcement
EVID_04031,Laptop Image,Financial records,Corporate network
EVID_04032,Mobile Phone,Encrypted smartphone,Law enforcement
EVID_04033,Hard Drive,Suspect laptop,Financial institution
EVID_04034,Account Records,Deleted files recovery,IT department
EVID_04035,Hard Drive,Unauthorized access logs,Law enforcement
EVID_04036,Email Logs,Deleted files recovery,Internal audit
EVID_04037,Hard Drive,External USB,Law enforcement
EVID_04038,Database Dump,External USB,Cloud provider
EVID_04039,Hard Drive,Unauthorized access logs,Financial institution
EVID_04040,Email Logs,Encrypted smartphone,Law enforcement
EVID_04041,Laptop Image,Financial records,Office search
EVID_04042,Database Dump,Deleted files recovery,IT department
EVID_04043,USB Device,Deleted files recovery,Internal audit
EVID_04044,Laptop Image,Suspect laptop,Law enforcement
EVID_04045,Laptop Image,Financial records,Financial institution
EVID_04046,Laptop Image,Unauthorized access logs,Personal device
EVID_04047,Server Image,Suspicious email chain,Financial institution
EVID_04048,Server Image,Financial records,Office search
EVID_04049,Laptop Image,Forged documents,Internal audit
EVID_04050,Network Logs,Encrypted smartphone,Financial institution
EVID_04051,Network Logs,Suspect laptop,Personal device
EVID_04052,Server Image,Deleted files recovery,Office search
EVID_04053,Network Logs,Suspect laptop,Internal audit
EVID_04054,Cloud Storage,Malware traces,Internal audit
EVID_04055,Mobile Phone,Deleted files recovery,Corporate network
EVID_04056,Server Image,Unauthorized access logs,Financial institution
EVID_04057,Server Image,Unauthorized access logs,Financial institution
EVID_04058,Account Records,Unauthorized access logs,Cloud provider
EVID_04059,USB Device,Bank transaction logs,Personal device
EVID_04060,USB Device,Encrypted smartphone,Personal device
EVID_04061,Mobile Phone,Suspect laptop,Office search
EVID_04062,Database Dump,Malware traces,Financial institution
EVID_04063,Server Image,Financial records,Law enforcement
EVID_04064,Laptop Image,Encrypted smartphone,Cloud provider
EVID_04065,Server Image,Deleted files recovery,IT department
EVID_04066,Server Image,External USB,Corporate network
EVID_04067,Cloud Storage,External USB,IT department
EVID_04068,Network Logs,Suspicious email chain,Corporate network
EVID_04069,Mobile Phone,Suspicious email chain,Financial institution
EVID_04070,Network Logs,Bank transaction logs,Office search
EVID_04071,Cloud Storage,Suspect laptop,Law enforcement
EVID_04072,Laptop Image,Unauthorized access logs,Personal device
EVID_04073,Account Records,Encrypted smartphone,Financial institution
EVID_04074,Network Logs,Forged documents,Office search
EVID_04075,Account Records,Financial records,Corporate network
EVID_04076,Hard Drive,Deleted files recovery,IT department
EVID_04077,USB Device,Deleted files recovery,IT department
EVID_04078,Laptop Image,Unauthorized access logs,Law enforcement
EVID_04079,Hard Drive,Financial records,Corporate network
EVID_04080,Mobile Phone,External USB,Financial institution
EVID_04081,Mobile Phone,Suspicious email chain,Law enforcement
EVID_04082,Network Logs,Suspicious email chain,Internal audit
EVID_04083,Laptop Image,Malware traces,Personal device
EVID_04084,Email Logs,Forged documents,Corporate network
EVID_04085,Network Logs,Deleted files recovery,Corporate network
EVID_04086,Hard Drive,Bank transaction logs,IT department
EVID_04087,Hard Drive,Bank transaction logs,Internal audit
EVID_04088,USB Device,Deleted files recovery,Cloud provider
EVID_04089,Hard Drive,Encrypted smartphone,Corporate network
EVID_04090,Server Image,Malware traces,Cloud provider
EVID_04091,Email Logs,Deleted files recovery,IT department
EVID_04092,Database Dump,Bank transaction logs,Financial institution
EVID_04093,Network Logs,Unauthorized access logs,Internal audit
EVID_04094,USB Device,Bank transaction logs,Personal device
EVID_04095,Email Logs,Suspicious email chain,Corporate network
EVID_04096,Account Records,Unauthorized access logs,IT department
EVID_04097,Mobile Phone,Forged documents,Cloud provider
EVID_04098,Email Logs,Deleted files recovery,Cloud provider
EVID_04099,Database Dump,Unauthorized access logs,Corporate network
EVID_04100,Cloud Storage,Bank transaction logs,Internal audit
EVID_04101,Server Image,External USB,Corporate network
EVID_04102,Mobile Phone,Deleted files recovery,Law enforcement
EVID_04103,Account Records,External USB,Corporate network
EVID_04104,Network Logs,Unauthorized access logs,Office search
EVID_04105,Cloud Storage,Forged documents,Personal device
EVID_04106,Laptop Image,Deleted files recovery,Financial institution
EVID_04107,Cloud Storage,Suspicious email chain,Financial institution
EVID_04108,Database Dump,Encrypted smartphone,Corporate network
EVID_04109,USB Device,Forged documents,Cloud provider
EVID_04110,Network Logs,Bank transaction logs,Cloud provider
EVID_04111,Hard Drive,Suspect laptop,Internal audit
EVID_04112,Server Image,Bank transaction logs,Financial institution
EVID_04113,Account Records,Financial records,IT department
EVID_04114,Account Records,Deleted files recovery,Law enforcement
EVID_04115,Mobile Phone,Deleted files recovery,IT department
EVID_04116,USB Device,Encrypted smartphone,Financial institution
EVID_04117,USB Device,Malware traces,Personal device
EVID_04118,Hard Drive,Encrypted smartphone,Financial institution
EVID_04119,USB Device,Deleted files recovery,Law enforcement
EVID_04120,Account Records,Bank transaction logs,Cloud provider
EVID_04121,Network Logs,Suspicious email chain,Office search
EVID_04122,Mobile Phone,Forged documents,Cloud provider
EVID_04123,Server Image,Deleted files recovery,Cloud provider
EVID_04124,Server Image,Suspicious email chain,IT department
EVID_04125,Hard Drive,Bank transaction logs,Financial institution
EVID_04126,Cloud Storage,Deleted files recovery,Internal audit
EVID_04127,USB Device,Forged documents,Internal audit
EVID_04128,Account Records,Suspect laptop,Law enforcement
EVID_04129,Network Logs,Deleted files recovery,Personal device
EVID_04130,Network Logs,Encrypted smartphone,Financial institution
EVID_04131,Network Logs,Malware traces,Personal device
EVID_04132,Email Logs,Forged documents,Financial institution
EVID_04133,Network Logs,Financial records,Office search
EVID_04134,USB Device,Malware traces,Cloud provider
EVID_04135,Laptop Image,Deleted files recovery,Law enforcement
EVID_04136,Laptop Image,External USB,Internal audit
EVID_04137,Mobile Phone,Deleted files recovery,Internal audit
EVID_04138,Email Logs,Bank transaction logs,Corporate network
EVID_04139,USB Device,Forged documents,Internal audit
EVID_04140,Cloud Storage,Bank transaction logs,Personal device
EVID_04141,Email Logs,Malware traces,Corporate network
EVID_04142,Email Logs,Encrypted smartphone,IT department
EVID_04143,Laptop Image,Forged documents,Law enforcement
EVID_04144,Database Dump,Deleted files recovery,Internal audit
EVID_04145,Hard Drive,External USB,Law enforcement
EVID_04146,Email Logs,Deleted files recovery,Corporate network
EVID_04147,Server Image,Bank transaction logs,Cloud provider
EVID_04148,Database Dump,Suspect laptop,Office search
EVID_04149,Email Logs,Forged documents,IT department
EVID_04150,Laptop Image,Malware traces,Cloud provider
EVID_04151,Hard Drive,Suspect laptop,Cloud provider
EVID_04152,Network Logs,Bank transaction logs,IT department
EVID_04153,Laptop Image,Forged documents,IT department
EVID_04154,Hard Drive,Suspect laptop,Financial institution
EVID_04155,Laptop Image,Suspicious email chain,Office search
EVID_04156,Account Records,Malware traces,Law enforcement
EVID_04157,Email Logs,Suspect laptop,Cloud provider
EVID_04158,Laptop Image,Unauthorized access logs,Personal device
EVID_04159,Network Logs,Deleted files recovery,IT department
EVID_04160,Hard Drive,Financial records,Personal device
EVID_04161,Cloud Storage,Financial records,Law enforcement
EVID_04162,USB Device,Suspicious email chain,Personal device
EVID_04163,Cloud Storage,Financial records,Internal audit
EVID_04164,Laptop Image,Financial records,Cloud provider
EVID_04165,Mobile Phone,Deleted files recovery,Corporate network
EVID_04166,Network Logs,External USB,IT department
EVID_04167,Mobile Phone,Deleted files recovery,Internal audit
EVID_04168,Database Dump,Unauthorized access logs,Financial institution
EVID_04169,Email Logs,Suspicious email chain,Office search
EVID_04170,Network Logs,Malware traces,Financial institution
EVID_04171,Laptop Image,Suspect laptop,IT department
EVID_04172,Laptop Image,Unauthorized access logs,Cloud provider
EVID_04173,Cloud Storage,Deleted files recovery,Internal audit
EVID_04174,Database Dump,Suspect laptop,Corporate network
EVID_04175,Account Records,Deleted files recovery,Cloud provider
EVID_04176,Network Logs,Financial records,Office search
EVID_04177,Mobile Phone,External USB,Law enforcement
EVID_04178,Email Logs,Suspicious email chain,Financial institution
EVID_04179,Server Image,Deleted files recovery,Personal device
EVID_04180,Server Image,Malware traces,Law enforcement
EVID_04181,Cloud Storage,External USB,Office search
EVID_04182,Account Records,Bank transaction logs,Law enforcement
EVID_04183,Hard Drive,Deleted files recovery,Corporate network
EVID_04184,Email Logs,Malware traces,Personal device
EVID_04185,Server Image,Unauthorized access logs,Corporate network
EVID_04186,Database Dump,Deleted files recovery,Corporate network
EVID_04187,Email Logs,Suspicious email chain,IT department
EVID_04188,USB Device,Bank transaction logs,Internal audit
EVID_04189,USB Device,Deleted files recovery,IT department
EVID_04190,Cloud Storage,Forged documents,Law enforcement
EVID_04191,Mobile Phone,Financial records,Personal device
EVID_04192,Laptop Image,Bank transaction logs,Corporate network
EVID_04193,Database Dump,Financial records,Financial institution
EVID_04194,Account Records,Encrypted smartphone,Office search
EVID_04195,Email Logs,Suspect laptop,IT department
EVID_04196,Server Image,External USB,Internal audit
EVID_04197,USB Device,Forged documents,Law enforcement
EVID_04198,Network Logs,Bank transaction logs,Corporate network
EVID_04199,Mobile Phone,Unauthorized access logs,Financial institution
EVID_04200,Hard Drive,Forged documents,Cloud provider
EVID_04201,Cloud Storage,Suspicious email chain,IT department
EVID_04202,Account Records,Forged documents,Law enforcement
EVID_04203,Network Logs,Deleted files recovery,Law enforcement
EVID_04204,Laptop Image,Encrypted smartphone,Law enforcement
EVID_04205,Hard Drive,Suspect laptop,Financial institution
EVID_04206,USB Device,Suspicious email chain,Cloud provider
EVID_04207,Email Logs,Encrypted smartphone,Personal device
EVID_04208,USB Device,Encrypted smartphone,Corporate network
EVID_04209,Account Records,Unauthorized access logs,IT department
EVID_04210,Hard Drive,Bank transaction logs,Personal device
EVID_04211,Network Logs,Bank transaction logs,Office search
EVID_04212,Account Records,Bank transaction logs,Office search
EVID_04213,Mobile Phone,Encrypted smartphone,Personal device
EVID_04214,Hard Drive,Suspicious email chain,Internal audit
EVID_04215,Mobile Phone,Unauthorized access logs,Law enforcement
EVID_04216,USB Device,External USB,Internal audit
EVID_04217,Server Image,Encrypted smartphone,Office search
EVID_04218,Email Logs,Unauthorized access logs,IT department
EVID_04219,Database Dump,Encrypted smartphone,Office search
EVID_04220,Laptop Image,Unauthorized access logs,Corporate network
EVID_04221,Email Logs,External USB,Personal device
EVID_04222,Email Logs,Forged documents,Office search
EVID_04223,Laptop Image,Suspect laptop,IT department
EVID_04224,Database Dump,Encrypted smartphone,Financial institution
EVID_04225,Laptop Image,Deleted files recovery,Cloud provider
EVID_04226,USB Device,Suspect laptop,Internal audit
EVID_04227,Laptop Image,Deleted files recovery,Financial institution
EVID_04228,Hard Drive,Deleted files recovery,Internal audit
EVID_04229,Database Dump,Suspect laptop,Office search
EVID_04230,Network Logs,Suspect laptop,Financial institution
EVID_04231,USB Device,Financial records,Corporate network
EVID_04232,USB Device,Bank transaction logs,Office search
EVID_04233,Database Dump,Deleted files recovery,Cloud provider
EVID_04234,Account Records,Forged documents,Office search
EVID_04235,Account Records,Unauthorized access logs,Law enforcement
EVID_04236,Laptop Image,Suspect laptop,Law enforcement
EVID_04237,Account Records,Suspect laptop,Personal device
EVID_04238,Network Logs,External USB,Office search
EVID_04239,Hard Drive,Suspicious email chain,Office search
EVID_04240,Network Logs,Forged documents,Personal device
EVID_04241,Network Logs,Financial records,Personal device
EVID_04242,Server Image,Suspect laptop,Personal device
EVID_04243,Account Records,Suspicious email chain,Corporate network
EVID_04244,Database Dump,Suspect laptop,Personal device
EVID_04245,Email Logs,Deleted files recovery,Law enforcement
EVID_04246,Server Image,Financial records,Corporate network
EVID_04247,Email Logs,Forged documents,Office search
EVID_04248,USB Device,Financial records,Internal audit
EVID_04249,Network Logs,Malware traces,Office search
EVID_04250,Database Dump,Malware traces,Internal audit
EVID_04251,USB Device,Suspect laptop,Corporate network
EVID_04252,Laptop Image,Suspicious email chain,Law enforcement
EVID_04253,Server Image,Financial records,Internal audit
EVID_04254,Network Logs,Bank transaction logs,Corporate network
EVID_04255,Database Dump,Suspect laptop,Internal audit
EVID_04256,Database Dump,Financial records,Personal device
EVID_04257,Server Image,Forged documents,Personal device
EVID_04258,Hard Drive,Forged documents,Cloud provider
EVID_04259,Email Logs,External USB,Internal audit
EVID_04260,Laptop Image,Suspect laptop,Personal device
EVID_04261,Cloud Storage,Malware traces,IT department
EVID_04262,Cloud Storage,Malware traces,IT department
EVID_04263,USB Device,Bank transaction logs,IT department
EVID_04264,Server Image,Deleted files recovery,Personal device
EVID_04265,Cloud Storage,Suspect laptop,Law enforcement
EVID_04266,Account Records,Bank transaction logs,Corporate network
EVID_04267,Network Logs,Bank transaction logs,IT department
EVID_04268,Account Records,Financial records,Corporate network
EVID_04269,USB Device,Encrypted smartphone,Law enforcement
EVID_04270,Mobile Phone,Encrypted smartphone,Personal device
EVID_04271,Email Logs,Malware traces,Corporate network
EVID_04272,Mobile Phone,Suspicious email chain,Office search
EVID_04273,Cloud Storage,External USB,IT department
EVID_04274,Account Records,Financial records,Corporate network
EVID_04275,Account Records,Suspicious email chain,Corporate network
EVID_04276,USB Device,Suspicious email chain,Financial institution
EVID_04277,USB Device,Suspect laptop,Law enforcement
EVID_04278,USB Device,External USB,Law enforcement
EVID_04279,Server Image,External USB,Internal audit
EVID_04280,Email Logs,Unauthorized access logs,Personal device
EVID_04281,Account Records,Bank transaction logs,Corporate network
EVID_04282,Server Image,Forged documents,Corporate network
EVID_04283,Database Dump,Bank transaction logs,Internal audit
EVID_04284,Network Logs,Forged documents,Law enforcement
EVID_04285,USB Device,External USB,Law enforcement
EVID_04286,Network Logs,Forged documents,Personal device
EVID_04287,Cloud Storage,Bank transaction logs,IT department
EVID_04288,Cloud Storage,Encrypted smartphone,Financial institution
EVID_04289,Email Logs,Bank transaction logs,Financial institution
EVID_04290,Email Logs,Unauthorized access logs,Financial institution
EVID_04291,Email Logs,Financial records,Corporate network
EVID_04292,Server Image,Malware traces,Financial institution
EVID_04293,Database Dump,Deleted files recovery,Office search
EVID_04294,Server Image,Suspicious email chain,Internal audit
EVID_04295,Database Dump,Suspicious email chain,Internal audit
EVID_04296,Account Records,Malware traces,Cloud provider
EVID_04297,Cloud Storage,Forged documents,IT department
EVID_04298,Cloud Storage,Forged documents,Internal audit
EVID_04299,Hard Drive,External USB,IT department
EVID_04300,Mobile Phone,Bank transaction logs,Financial institution
EVID_04301,Server Image,Deleted files recovery,Cloud provider
EVID_04302,Account Records,Suspicious email chain,Financial institution
EVID_04303,Hard Drive,Unauthorized access logs,Internal audit
EVID_04304,Cloud Storage,Deleted files recovery,Office search
EVID_04305,Account Records,Malware traces,Financial institution
EVID_04306,Server Image,Malware traces,Corporate network
EVID_04307,Network Logs,Deleted files recovery,Financial institution
EVID_04308,Database Dump,Suspicious email chain,Financial institution
EVID_04309,Server Image,Bank transaction logs,IT department
EVID_04310,Laptop Image,Unauthorized access logs,Internal audit
EVID_04311,USB Device,Encrypted smartphone,Personal device
EVID_04312,Account Records,Suspicious email chain,Internal audit
EVID_04313,Email Logs,Suspect laptop,Cloud provider
EVID_04314,Mobile Phone,Suspicious email chain,Internal audit
EVID_04315,Laptop Image,Suspicious email chain,IT department
EVID_04316,Server Image,Suspect laptop,Corporate network
EVID_04317,Hard Drive,Encrypted smartphone,IT department
EVID_04318,Mobile Phone,Encrypted smartphone,Financial institution
EVID_04319,Email Logs,Financial records,Financial institution
EVID_04320,Server Image,Encrypted smartphone,Corporate network
EVID_04321,Laptop Image,Malware traces,IT department
EVID_04322,Server Image,Financial records,Internal audit
EVID_04323,Mobile Phone,Unauthorized access logs,Internal audit
EVID_04324,Database Dump,External USB,Office search
EVID_04325,Cloud Storage,Unauthorized access logs,Cloud provider
EVID_04326,Mobile Phone,External USB,Personal device
EVID_04327,Network Logs,Malware traces,Law enforcement
EVID_04328,Account Records,Unauthorized access logs,Financial institution
EVID_04329,Database Dump,Financial records,Cloud provider
EVID_04330,Network Logs,Financial records,Personal device
EVID_04331,Network Logs,Deleted files recovery,Law enforcement
EVID_04332,Server Image,Financial records,Personal device
EVID_04333,Account Records,Malware traces,IT department
EVID_04334,Database Dump,Financial records,Financial institution
EVID_04335,Cloud Storage,Bank transaction logs,Corporate network
EVID_04336,Hard Drive,Malware traces,Internal audit
EVID_04337,Cloud Storage,Malware traces,Financial institution
EVID_04338,Email Logs,Deleted files recovery,Corporate network
EVID_04339,Database Dump,Suspect laptop,IT department
EVID_04340,Server Image,Encrypted smartphone,Corporate network
EVID_04341,Hard Drive,Deleted files recovery,Office search
EVID_04342,Cloud Storage,Malware traces,Corporate network
EVID_04343,Hard Drive,Bank transaction logs,Cloud provider
EVID_04344,Database Dump,Financial records,Internal audit
EVID_04345,Hard Drive,External USB,Financial institution
EVID_04346,Server Image,Suspect laptop,Financial institution
EVID_04347,Mobile Phone,Malware traces,Financial institution
EVID_04348,Server Image,Deleted files recovery,Internal audit
EVID_04349,Network Logs,Bank transaction logs,Office search
EVID_04350,Cloud Storage,Suspect laptop,Internal audit
EVID_04351,Network Logs,Forged documents,Law enforcement
EVID_04352,Server Image,Encrypted smartphone,Corporate network
EVID_04353,Email Logs,Suspect laptop,Corporate network
EVID_04354,Account Records,Encrypted smartphone,Cloud provider
EVID_04355,Server Image,Unauthorized access logs,Office search
EVID_04356,Laptop Image,Unauthorized access logs,Corporate network
EVID_04357,Mobile Phone,Forged documents,IT department
EVID_04358,Cloud Storage,Forged documents,Corporate network
EVID_04359,Account Records,Deleted files recovery,Financial institution
EVID_04360,Network Logs,External USB,Corporate network
EVID_04361,Account Records,Suspicious email chain,Personal device
EVID_04362,Laptop Image,Suspect laptop,Corporate network
EVID_04363,Email Logs,Unauthorized access logs,Office search
EVID_04364,Server Image,Suspicious email chain,Personal device
EVID_04365,Hard Drive,Suspect laptop,Office search
EVID_04366,USB Device,External USB,IT department
EVID_04367,Hard Drive,Suspicious email chain,Office search
EVID_04368,Server Image,Unauthorized access logs,IT department
EVID_04369,Email Logs,Unauthorized access logs,Financial institution
EVID_04370,Hard Drive,Forged documents,Personal device
EVID_04371,Hard Drive,Unauthorized access logs,Cloud provider
EVID_04372,Network Logs,Unauthorized access logs,Financial institution
EVID_04373,USB Device,Bank transaction logs,Internal audit
EVID_04374,Server Image,Encrypted smartphone,Law enforcement
EVID_04375,Hard Drive,Suspect laptop,Corporate network
EVID_04376,Network Logs,Suspect laptop,Financial institution
EVID_04377,Hard Drive,Bank transaction logs,Corporate network
EVID_04378,Account Records,Malware traces,Law enforcement
EVID_04379,Server Image,External USB,Cloud provider
EVID_04380,Account Records,Financial records,Personal device
EVID_04381,Server Image,Malware traces,Personal device
EVID_04382,Email Logs,Suspicious email chain,Cloud provider
EVID_04383,USB Device,Bank transaction logs,Office search
EVID_04384,Account Records,Malware traces,Corporate network
EVID_04385,Network Logs,Malware traces,Corporate network
EVID_04386,Hard Drive,Forged documents,Law enforcement
EVID_04387,Account Records,Financial records,IT department
EVID_04388,Laptop Image,Deleted files recovery,Office search
EVID_04389,Account Records,Malware traces,Financial institution
EVID_04390,Cloud Storage,Financial records,Personal device
EVID_04391,Network Logs,Suspect laptop,Office search
EVID_04392,Email Logs,Suspect laptop,Office search
EVID_04393,USB Device,Suspicious email chain,Internal audit
EVID_04394,Server Image,Forged documents,Law enforcement
EVID_04395,Account Records,External USB,Office search
EVID_04396,Hard Drive,External USB,IT department
EVID_04397,Server Image,Bank transaction logs,IT department
EVID_04398,USB Device,Bank transaction logs,Internal audit
EVID_04399,Account Records,External USB,Office search
EVID_04400,Cloud Storage,Suspicious email chain,Internal audit
EVID_04401,Hard Drive,Bank transaction logs,IT department
EVID_04402,Database Dump,Deleted files recovery,Financial institution
EVID_04403,Server Image,Forged documents,Financial institution
EVID_04404,Database Dump,External USB,Corporate network
EVID_04405,Hard Drive,Forged documents,Office search
EVID_04406,Network Logs,External USB,Cloud provider
EVID_04407,Laptop Image,External USB,Financial institution
EVID_04408,Hard Drive,Bank transaction logs,Internal audit
EVID_04409,Database Dump,Malware traces,Cloud provider
EVID_04410,Email Logs,Suspicious email chain,Law enforcement
EVID_04411,Hard Drive,Deleted files recovery,Personal device
EVID_04412,Laptop Image,Unauthorized access logs,Personal device
EVID_04413,Hard Drive,Financial records,Corporate network
EVID_04414,Network Logs,Unauthorized access logs,Cloud provider
EVID_04415,Email Logs,Deleted files recovery,Office search
EVID_04416,Server Image,Encrypted smartphone,Corporate network
EVID_04417,Cloud Storage,External USB,Law enforcement
EVID_04418,Laptop Image,Unauthorized access logs,IT department
EVID_04419,Database Dump,External USB,Cloud provider
EVID_04420,Server Image,Malware traces,Office search
EVID_04421,Server Image,Bank transaction logs,Personal device
EVID_04422,Network Logs,Encrypted smartphone,Internal audit
EVID_04423,Cloud Storage,Financial records,Office search
EVID_04424,Database Dump,Suspicious email chain,Internal audit
EVID_04425,Database Dump,Suspicious email chain,Personal device
EVID_04426,Cloud Storage,Encrypted smartphone,IT department
EVID_04427,Email Logs,Suspicious email chain,IT department
EVID_04428,Cloud Storage,External USB,IT department
EVID_04429,USB Device,Forged documents,Corporate network
EVID_04430,Hard Drive,Deleted files recovery,Internal audit
EVID_04431,Hard Drive,Forged documents,IT department
EVID_04432,Hard Drive,Deleted files recovery,Law enforcement
EVID_04433,Mobile Phone,External USB,Internal audit
EVID_04434,Laptop Image,Encrypted smartphone,IT department
EVID_04435,Hard Drive,Bank transaction logs,Financial institution
EVID_04436,Cloud Storage,Malware traces,Financial institution
EVID_04437,Network Logs,Financial records,Personal device
EVID_04438,Server Image,Bank transaction logs,Office search
EVID_04439,Database Dump,Forged documents,Corporate network
EVID_04440,Laptop Image,Forged documents,Financial institution
EVID_04441,Mobile Phone,External USB,Corporate network
EVID_04442,Mobile Phone,Suspicious email chain,Personal device
EVID_04443,Laptop Image,Forged documents,Law enforcement
EVID_04444,Mobile Phone,Suspicious email chain,Office search
EVID_04445,USB Device,Encrypted smartphone,Personal device
EVID_04446,Network Logs,Unauthorized access logs,Financial institution
EVID_04447,Network Logs,Deleted files recovery,Personal device
EVID_04448,Cloud Storage,Unauthorized access logs,Corporate network
EVID_04449,Email Logs,Suspect laptop,IT department
EVID_04450,Email Logs,Suspicious email chain,Financial institution
EVID_04451,Mobile Phone,Malware traces,Cloud provider
EVID_04452,Cloud Storage,Forged documents,Financial institution
EVID_04453,USB Device,Suspicious email chain,Personal device
EVID_04454,USB Device,External USB,Cloud provider
EVID_04455,Cloud Storage,Forged documents,Internal audit
EVID_04456,Mobile Phone,Suspect laptop,Internal audit
EVID_04457,Server Image,Deleted files recovery,Internal audit
EVID_04458,Network Logs,External USB,IT department
EVID_04459,Account Records,Forged documents,Law enforcement
EVID_04460,Cloud Storage,Suspicious email chain,IT department
EVID_04461,Cloud Storage,Unauthorized access logs,Financial institution
EVID_04462,USB Device,Unauthorized access logs,IT department
EVID_04463,Network Logs,Encrypted smartphone,Cloud provider
EVID_04464,Cloud Storage,External USB,Cloud provider
EVID_04465,Cloud Storage,Bank transaction logs,Corporate network
EVID_04466,Network Logs,Suspect laptop,Personal device
EVID_04467,Laptop Image,Suspect laptop,IT department
EVID_04468,Email Logs,Unauthorized access logs,Corporate network
EVID_04469,USB Device,Bank transaction logs,IT department
EVID_04470,Database Dump,Suspicious email chain,Personal device
EVID_04471,Laptop Image,Encrypted smartphone,Personal device
EVID_04472,Server Image,Forged documents,Internal audit
EVID_04473,Network Logs,Unauthorized access logs,Office search
EVID_04474,Server Image,Forged documents,Financial institution
EVID_04475,Server Image,Bank transaction logs,Cloud provider
EVID_04476,Server Image,Suspect laptop,Law enforcement
EVID_04477,Database Dump,Suspect laptop,Corporate network
EVID_04478,Cloud Storage,Financial records,Cloud provider
EVID_04479,Cloud Storage,External USB,Office search
EVID_04480,Cloud Storage,Financial records,Personal device
EVID_04481,Account Records,External USB,Personal device
EVID_04482,Network Logs,Forged documents,Corporate network
EVID_04483,USB Device,Unauthorized access logs,Corporate network
EVID_04484,USB Device,Suspect laptop,IT department
EVID_04485,Network Logs,Forged documents,Financial institution
EVID_04486,Laptop Image,Encrypted smartphone,Financial institution
EVID_04487,Laptop Image,Financial records,Corporate network
EVID_04488,Laptop Image,Malware traces,IT department
EVID_04489,Database Dump,Deleted files recovery,Internal audit
EVID_04490,Network Logs,Bank transaction logs,IT department
EVID_04491,USB Device,Bank transaction logs,Financial institution
EVID_04492,Mobile Phone,Suspect laptop,Cloud provider
EVID_04493,Account Records,Deleted files recovery,Cloud provider
EVID_04494,Email Logs,Suspect laptop,Office search
EVID_04495,Server Image,Malware traces,Office search
EVID_04496,Mobile Phone,Suspicious email chain,Personal device
EVID_04497,Email Logs,External USB,Cloud provider
EVID_04498,Mobile Phone,Deleted files recovery,Financial institution
EVID_04499,Network Logs,Unauthorized access logs,Corporate network
EVID_04500,Server Image,Encrypted smartphone,Internal audit
EVID_04501,Laptop Image,External USB,Corporate network
EVID_04502,Email Logs,External USB,Corporate network
EVID_04503,Laptop Image,Deleted files recovery,IT department
EVID_04504,Cloud Storage,Malware traces,Cloud provider
EVID_04505,Email Logs,Unauthorized access logs,Internal audit
EVID_04506,Email Logs,Malware traces,Corporate network
EVID_04507,USB Device,External USB,Personal device
EVID_04508,Database Dump,Suspect laptop,Corporate network
EVID_04509,Database Dump,Malware traces,Financial institution
EVID_04510,Hard Drive,Financial records,Office search
EVID_04511,Account Records,Suspect laptop,Cloud provider
EVID_04512,Database Dump,Malware traces,Personal device
EVID_04513,Network Logs,Malware traces,Cloud provider
EVID_04514,Network Logs,Suspicious email chain,Personal device
EVID_04515,Database Dump,Unauthorized access logs,Financial institution
EVID_04516,Database Dump,Bank transaction logs,Personal device
EVID_04517,Account Records,Financial records,Law enforcement
EVID_04518,Laptop Image,Encrypted smartphone,Cloud provider
EVID_04519,Account Records,Suspect laptop,IT department
EVID_04520,USB Device,Suspect laptop,Office search
EVID_04521,Laptop Image,Forged documents,Cloud provider
EVID_04522,Server Image,Suspicious email chain,Financial institution
EVID_04523,Server Image,Suspicious email chain,Corporate network
EVID_04524,Email Logs,External USB,Corporate network
EVID_04525,Cloud Storage,Unauthorized access logs,Office search
EVID_04526,Mobile Phone,Suspect laptop,Internal audit
EVID_04527,Database Dump,Suspicious email chain,Corporate network
EVID_04528,Database Dump,Financial records,Office search
EVID_04529,USB Device,Financial records,Cloud provider
EVID_04530,Server Image,Malware traces,Financial institution
EVID_04531,Network Logs,Encrypted smartphone,Internal audit
EVID_04532,Hard Drive,Encrypted smartphone,Law enforcement
EVID_04533,Server Image,Suspicious email chain,IT department
EVID_04534,Email Logs,Suspect laptop,Internal audit
EVID_04535,Database Dump,Unauthorized access logs,Corporate network
EVID_04536,Database Dump,Bank transaction logs,Law enforcement
EVID_04537,Database Dump,Malware traces,Personal device
EVID_04538,Network Logs,Forged documents,IT department
EVID_04539,Database Dump,Encrypted smartphone,Personal device
EVID_04540,Network Logs,Malware traces,Office search
EVID_04541,Account Records,Malware traces,Financial institution
EVID_04542,Mobile Phone,Suspicious email chain,Cloud provider
EVID_04543,Email Logs,Financial records,Corporate network
EVID_04544,Network Logs,Forged documents,Financial institution
EVID_04545,USB Device,Forged documents,Personal device
EVID_04546,Hard Drive,Encrypted smartphone,Corporate network
EVID_04547,Mobile Phone,Forged documents,Corporate network
EVID_04548,Database Dump,Bank transaction logs,Corporate network
EVID_04549,Hard Drive,Suspicious email chain,Cloud provider
EVID_04550,Network Logs,Suspicious email chain,Personal device
EVID_04551,Mobile Phone,Bank transaction logs,Personal device
EVID_04552,Mobile Phone,Malware traces,Law enforcement
EVID_04553,Email Logs,Suspicious email chain,Personal device
EVID_04554,USB Device,External USB,Corporate network
EVID_04555,Email Logs,External USB,Internal audit
EVID_04556,Mobile Phone,Unauthorized access logs,Financial institution
EVID_04557,USB Device,Bank transaction logs,Financial institution
EVID_04558,Server Image,External USB,Personal device
EVID_04559,Network Logs,Bank transaction logs,Personal device
EVID_04560,Email Logs,Malware traces,Cloud provider
EVID_04561,Account Records,Bank transaction logs,Internal audit
EVID_04562,Server Image,External USB,Corporate network
EVID_04563,Cloud Storage,Encrypted smartphone,Internal audit
EVID_04564,USB Device,Unauthorized access logs,Financial institution
EVID_04565,Database Dump,Bank transaction logs,Office search
EVID_04566,Account Records,External USB,Office search
EVID_04567,Database Dump,Bank transaction logs,Internal audit
EVID_04568,Database Dump,Deleted files recovery,Cloud provider
EVID_04569,USB Device,Forged documents,Cloud provider
EVID_04570,Account Records,Unauthorized access logs,Personal device
EVID_04571,USB Device,Encrypted smartphone,Internal audit
EVID_04572,Database Dump,Bank transaction logs,Law enforcement
EVID_04573,Account Records,External USB,Cloud provider
EVID_04574,Hard Drive,Bank transaction logs,Internal audit
EVID_04575,Mobile Phone,Bank transaction logs,Corporate network
EVID_04576,Database Dump,Malware traces,IT department
EVID_04577,USB Device,External USB,Cloud provider
EVID_04578,Mobile Phone,Encrypted smartphone,Financial institution
EVID_04579,Server Image,Malware traces,Personal device
EVID_04580,Mobile Phone,Deleted files recovery,Personal device
EVID_04581,Account Records,Encrypted smartphone,Personal device
EVID_04582,Network Logs,Suspicious email chain,Cloud provider
EVID_04583,Server Image,Deleted files recovery,Internal audit
EVID_04584,Database Dump,Unauthorized access logs,Corporate network
EVID_04585,Hard Drive,Encrypted smartphone,Internal audit
EVID_04586,Server Image,External USB,Financial institution
EVID_04587,Email Logs,Encrypted smartphone,Cloud provider
EVID_04588,Laptop Image,Deleted files recovery,Corporate network
EVID_04589,Email Logs,Forged documents,IT department
EVID_04590,Laptop Image,External USB,IT department
EVID_04591,Network Logs,External USB,Personal device
EVID_04592,Server Image,Suspect laptop,Cloud provider
EVID_04593,Email Logs,Unauthorized access logs,Internal audit
EVID_04594,Cloud Storage,Suspicious email chain,Office search
EVID_04595,Laptop Image,Bank transaction logs,Internal audit
EVID_04596,Network Logs,Suspect laptop,Internal audit
EVID_04597,USB Device,Bank transaction logs,Internal audit
EVID_04598,Database Dump,External USB,Internal audit
EVID_04599,Mobile Phone,External USB,IT department
EVID_04600,Database Dump,Malware traces,Internal audit
EVID_04601,Cloud Storage,Unauthorized access logs,Internal audit
EVID_04602,Database Dump,Suspect laptop,Financial institution
EVID_04603,Email Logs,Unauthorized access logs,IT department
EVID_04604,Laptop Image,Financial records,Personal device
EVID_04605,Database Dump,Encrypted smartphone,Law enforcement
EVID_04606,Database Dump,Unauthorized access logs,Financial institution
EVID_04607,Hard Drive,Financial records,Corporate network
EVID_04608,Account Records,Encrypted smartphone,Office search
EVID_04609,Cloud Storage,Suspicious email chain,Law enforcement
EVID_04610,Cloud Storage,Deleted files recovery,Law enforcement
EVID_04611,Hard Drive,Unauthorized access logs,Corporate network
EVID_04612,Network Logs,Financial records,Financial institution
EVID_04613,Account Records,Encrypted smartphone,Office search
EVID_04614,Database Dump,External USB,Office search
EVID_04615,Hard Drive,Deleted files recovery,Corporate network
EVID_04616,Cloud Storage,External USB,Personal device
EVID_04617,Account Records,Bank transaction logs,Financial institution
EVID_04618,Email Logs,Encrypted smartphone,Office search
EVID_04619,Cloud Storage,Forged documents,Internal audit
EVID_04620,USB Device,Bank transaction logs,Law enforcement
EVID_04621,Server Image,Suspect laptop,Financial institution
EVID_04622,Mobile Phone,Bank transaction logs,Personal device
EVID_04623,Server Image,Suspicious email chain,Corporate network
EVID_04624,Hard Drive,Suspicious email chain,IT department
EVID_04625,Cloud Storage,Suspect laptop,Financial institution
EVID_04626,Laptop Image,Unauthorized access logs,Corporate network
EVID_04627,Mobile Phone,Deleted files recovery,IT department
EVID_04628,Mobile Phone,Forged documents,Personal device
EVID_04629,Server Image,Deleted files recovery,Office search
EVID_04630,Mobile Phone,Malware traces,Law enforcement
EVID_04631,Mobile Phone,Malware traces,Personal device
EVID_04632,Hard Drive,External USB,Office search
EVID_04633,Database Dump,Malware traces,Personal device
EVID_04634,Network Logs,Financial records,Financial institution
EVID_04635,Email Logs,Encrypted smartphone,Office search
EVID_04636,Database Dump,Deleted files recovery,Office search
EVID_04637,Mobile Phone,Unauthorized access logs,Personal device
EVID_04638,Account Records,Bank transaction logs,Personal device
EVID_04639,Database Dump,Deleted files recovery,Personal device
EVID_04640,Hard Drive,Deleted files recovery,Cloud provider
EVID_04641,Database Dump,Forged documents,Personal device
EVID_04642,Account Records,Bank transaction logs,Cloud provider
EVID_04643,Network Logs,Bank transaction logs,Law enforcement
EVID_04644,Laptop Image,Encrypted smartphone,IT department
EVID_04645,Email Logs,Suspect laptop,Internal audit
EVID_04646,Server Image,Bank transaction logs,Internal audit
EVID_04647,Laptop Image,Financial records,IT department
EVID_04648,Network Logs,Malware traces,Personal device
EVID_04649,Laptop Image,Encrypted smartphone,Law enforcement
EVID_04650,Database Dump,Malware traces,Office search
EVID_04651,Hard Drive,Malware traces,Law enforcement
EVID_04652,Mobile Phone,Encrypted smartphone,Corporate network
EVID_04653,Hard Drive,Unauthorized access logs,Internal audit
EVID_04654,Mobile Phone,Bank transaction logs,IT department
EVID_04655,Email Logs,Financial records,Corporate network
EVID_04656,Email Logs,Unauthorized access logs,Corporate network
EVID_04657,Database Dump,Suspect laptop,Financial institution
EVID_04658,Hard Drive,Forged documents,Corporate network
EVID_04659,Hard Drive,Financial records,Office search
EVID_04660,Laptop Image,Forged documents,Internal audit
EVID_04661,Account Records,Forged documents,Personal device
EVID_04662,USB Device,Bank transaction logs,Personal device
EVID_04663,Server Image,External USB,Corporate network
EVID_04664,Database Dump,Deleted files recovery,Office search
EVID_04665,Database Dump,Deleted files recovery,Corporate network
EVID_04666,Network Logs,External USB,Corporate network
EVID_04667,Email Logs,Forged documents,Law enforcement
EVID_04668,Hard Drive,Financial records,Internal audit
EVID_04669,USB Device,Malware traces,Internal audit
EVID_04670,Database Dump,Bank transaction logs,Cloud provider
EVID_04671,Database Dump,Forged documents,Law enforcement
EVID_04672,Server Image,Deleted files recovery,Financial institution
EVID_04673,Network Logs,Suspicious email chain,Personal device
EVID_04674,Email Logs,Encrypted smartphone,Office search
EVID_04675,Network Logs,External USB,IT department
EVID_04676,Mobile Phone,Encrypted smartphone,IT department
EVID_04677,Network Logs,Suspect laptop,Corporate network
EVID_04678,Mobile Phone,Financial records,Internal audit
EVID_04679,Mobile Phone,Malware traces,Financial institution
EVID_04680,Email Logs,Suspect laptop,Internal audit
EVID_04681,Laptop Image,Suspect laptop,Law enforcement
EVID_04682,Mobile Phone,Bank transaction logs,Financial institution
EVID_04683,Cloud Storage,Deleted files recovery,Financial institution
EVID_04684,Database Dump,Suspicious email chain,Law enforcement
EVID_04685,Database Dump,Suspect laptop,IT department
EVID_04686,USB Device,Deleted files recovery,Corporate network
EVID_04687,Laptop Image,Financial records,IT department
EVID_04688,Email Logs,Bank transaction logs,Corporate network
EVID_04689,USB Device,Financial records,Cloud provider
EVID_04690,Network Logs,Suspicious email chain,Office search
EVID_04691,USB Device,Deleted files recovery,Corporate network
EVID_04692,Laptop Image,Deleted files recovery,Internal audit
EVID_04693,Database Dump,Suspect laptop,Office search
EVID_04694,Email Logs,Suspect laptop,Law enforcement
EVID_04695,Hard Drive,Suspicious email chain,Internal audit
EVID_04696,USB Device,Deleted files recovery,Personal device
EVID_04697,Hard Drive,Financial records,Cloud provider
EVID_04698,Email Logs,Unauthorized access logs,IT department
EVID_04699,Laptop Image,Encrypted smartphone,IT department
EVID_04700,Hard Drive,Financial records,Office search
EVID_04701,Database Dump,Deleted files recovery,Cloud provider
EVID_04702,Database Dump,Suspect laptop,Law enforcement
EVID_04703,Cloud Storage,Suspect laptop,Corporate network
EVID_04704,Email Logs,Unauthorized access logs,Corporate network
EVID_04705,Cloud Storage,Deleted files recovery,Internal audit
EVID_04706,Cloud Storage,Financial records,Corporate network
EVID_04707,Account Records,Suspect laptop,IT department
EVID_04708,Database Dump,Unauthorized access logs,Personal device
EVID_04709,Email Logs,Deleted files recovery,Financial institution
EVID_04710,Mobile Phone,Forged documents,Law enforcement
EVID_04711,Database Dump,Unauthorized access logs,Personal device
EVID_04712,USB Device,Deleted files recovery,Cloud provider
EVID_04713,Cloud Storage,External USB,Personal device
EVID_04714,Database Dump,Suspect laptop,Internal audit
EVID_04715,Database Dump,Financial records,Corporate network
EVID_04716,Mobile Phone,Financial records,Cloud provider
EVID_04717,Mobile Phone,Encrypted smartphone,Law enforcement
EVID_04718,Email Logs,External USB,Corporate network
EVID_04719,Cloud Storage,Forged documents,Personal device
EVID_04720,USB Device,Financial records,Cloud provider
EVID_04721,Cloud Storage,Unauthorized access logs,Internal audit
EVID_04722,Mobile Phone,External USB,Financial institution
EVID_04723,Database Dump,External USB,IT department
EVID_04724,Database Dump,Malware traces,Law enforcement
EVID_04725,Email Logs,Encrypted smartphone,Law enforcement
EVID_04726,Database Dump,Suspect laptop,Financial institution
EVID_04727,Network Logs,Encrypted smartphone,Financial institution
EVID_04728,Cloud Storage,Suspicious email chain,Corporate network
EVID_04729,Database Dump,Deleted files recovery,Financial institution
EVID_04730,Hard Drive,Suspicious email chain,Cloud provider
EVID_04731,Server Image,External USB,Cloud provider
EVID_04732,Server Image,Bank transaction logs,Law enforcement
EVID_04733,Mobile Phone,Suspicious email chain,Cloud provider
EVID_04734,Email Logs,Malware traces,IT department
EVID_04735,Mobile Phone,Suspect laptop,Cloud provider
EVID_04736,Hard Drive,Malware traces,Office search
EVID_04737,Database Dump,Encrypted smartphone,Financial institution
EVID_04738,Server Image,Bank transaction logs,Law enforcement
EVID_04739,Email Logs,Bank transaction logs,Internal audit
EVID_04740,Email Logs,External USB,Personal device
EVID_04741,USB Device,Encrypted smartphone,Internal audit
EVID_04742,Account Records,Suspect laptop,Cloud provider
EVID_04743,Database Dump,Bank transaction logs,Internal audit
EVID_04744,Laptop Image,Unauthorized access logs,IT department
EVID_04745,Laptop Image,Encrypted smartphone,IT department
EVID_04746,Account Records,Malware traces,Internal audit
EVID_04747,Server Image,Bank transaction logs,Cloud provider
EVID_04748,Cloud Storage,Suspect laptop,Financial institution
EVID_04749,Mobile Phone,Malware traces,Cloud provider
EVID_04750,Database Dump,Suspicious email chain,Cloud provider
EVID_04751,Hard Drive,Encrypted smartphone,Financial institution
EVID_04752,Laptop Image,Deleted files recovery,Office search
EVID_04753,USB Device,Malware traces,Personal device
EVID_04754,Server Image,Forged documents,Law enforcement
EVID_04755,Database Dump,Forged documents,Law enforcement
EVID_04756,Email Logs,Deleted files recovery,Internal audit
EVID_04757,Cloud Storage,Unauthorized access logs,Personal device
EVID_04758,Hard Drive,Malware traces,Law enforcement
EVID_04759,USB Device,External USB,Cloud provider
EVID_04760,Hard Drive,Encrypted smartphone,Internal audit
EVID_04761,Network Logs,Bank transaction logs,Financial institution
EVID_04762,Hard Drive,Encrypted smartphone,Personal device
EVID_04763,Laptop Image,Encrypted smartphone,Internal audit
EVID_04764,Server Image,Unauthorized access logs,Internal audit
EVID_04765,Database Dump,External USB,Internal audit
EVID_04766,Mobile Phone,Bank transaction logs,Financial institution
EVID_04767,Account Records,Forged documents,Corporate network
EVID_04768,Laptop Image,Malware traces,Office search
EVID_04769,Email Logs,External USB,Office search
EVID_04770,Mobile Phone,Unauthorized access logs,Law enforcement
EVID_04771,Account Records,Deleted files recovery,Corporate network
EVID_04772,USB Device,Bank transaction logs,Corporate network
EVID_04773,USB Device,Unauthorized access logs,Internal audit
EVID_04774,Email Logs,Unauthorized access logs,Office search
EVID_04775,Laptop Image,Financial records,Office search
EVID_04776,Email Logs,Deleted files recovery,Personal device
EVID_04777,Email Logs,Financial records,Personal device
EVID_04778,Mobile Phone,Encrypted smartphone,Internal audit
EVID_04779,Mobile Phone,External USB,Law enforcement
EVID_04780,Account Records,Suspect laptop,Corporate network
EVID_04781,Email Logs,Malware traces,Financial institution
EVID_04782,Cloud Storage,Deleted files recovery,Internal audit
EVID_04783,Mobile Phone,Bank transaction logs,Internal audit
EVID_04784,Laptop Image,Suspect laptop,Personal device
EVID_04785,Hard Drive,Suspect laptop,Financial institution
EVID_04786,Laptop Image,Forged documents,Law enforcement
EVID_04787,USB Device,Malware traces,Financial institution
EVID_04788,Mobile Phone,Bank transaction logs,Financial institution
EVID_04789,Database Dump,Deleted files recovery,IT department
EVID_04790,Laptop Image,Deleted files recovery,Internal audit
EVID_04791,USB Device,External USB,Corporate network
EVID_04792,Cloud Storage,Forged documents,Law enforcement
EVID_04793,Network Logs,Deleted files recovery,Cloud provider
EVID_04794,Database Dump,Financial records,Personal device
EVID_04795,USB Device,Unauthorized access logs,Internal audit
EVID_04796,Cloud Storage,Encrypted smartphone,IT department
EVID_04797,Database Dump,Unauthorized access logs,Office search
EVID_04798,Network Logs,Deleted files recovery,IT department
EVID_04799,Database Dump,External USB,Office search
EVID_04800,USB Device,Bank transaction logs,Corporate network
EVID_04801,Server Image,Unauthorized access logs,Law enforcement
EVID_04802,Network Logs,Encrypted smartphone,Financial institution
EVID_04803,Server Image,Malware traces,Office search
EVID_04804,Database Dump,Forged documents,Personal device
EVID_04805,Hard Drive,Forged documents,IT department
EVID_04806,Email Logs,Malware traces,Law enforcement
EVID_04807,Account Records,Malware traces,Corporate network
EVID_04808,Laptop Image,Encrypted smartphone,Internal audit
EVID_04809,Mobile Phone,Suspect laptop,Internal audit
EVID_04810,Account Records,Suspect laptop,Financial institution
EVID_04811,Network Logs,Financial records,Financial institution
EVID_04812,USB Device,Financial records,Law enforcement
EVID_04813,Mobile Phone,Suspect laptop,Office search
EVID_04814,USB Device,Bank transaction logs,Cloud provider
EVID_04815,Network Logs,Suspicious email chain,Personal device
EVID_04816,Email Logs,Forged documents,IT department
EVID_04817,Server Image,Suspect laptop,Financial institution
EVID_04818,USB Device,Forged documents,Financial institution
EVID_04819,Account Records,Suspect laptop,IT department
EVID_04820,Network Logs,Financial records,Financial institution
EVID_04821,Network Logs,Malware traces,Law enforcement
EVID_04822,Laptop Image,Financial records,Office search
EVID_04823,Email Logs,Financial records,Law enforcement
EVID_04824,Account Records,Suspect laptop,Internal audit
EVID_04825,USB Device,Bank transaction logs,Office search
EVID_04826,Laptop Image,Unauthorized access logs,Cloud provider
EVID_04827,Cloud Storage,Suspect laptop,Office search
EVID_04828,Laptop Image,Suspect laptop,Law enforcement
EVID_04829,Mobile Phone,Deleted files recovery,Personal device
EVID_04830,Hard Drive,External USB,Law enforcement
EVID_04831,Laptop Image,External USB,Corporate network
EVID_04832,Cloud Storage,Forged documents,Office search
EVID_04833,Email Logs,Financial records,Corporate network
EVID_04834,Mobile Phone,External USB,Cloud provider
EVID_04835,USB Device,Malware traces,Personal device
EVID_04836,Hard Drive,Suspicious email chain,Internal audit
EVID_04837,Email Logs,Forged documents,Cloud provider
EVID_04838,Server Image,External USB,Office search
EVID_04839,Email Logs,Financial records,Office search
EVID_04840,Network Logs,Unauthorized access logs,Financial institution
EVID_04841,Account Records,External USB,Office search
EVID_04842,Account Records,Unauthorized access logs,Office search
EVID_04843,Hard Drive,Malware traces,IT department
EVID_04844,USB Device,Suspect laptop,IT department
EVID_04845,Mobile Phone,Bank transaction logs,Office search
EVID_04846,Network Logs,Malware traces,Office search
EVID_04847,Email Logs,Suspect laptop,Internal audit
EVID_04848,Account Records,Suspicious email chain,Personal device
EVID_04849,Cloud Storage,Suspicious email chain,Internal audit
EVID_04850,Cloud Storage,Malware traces,Law enforcement
EVID_04851,Laptop Image,Unauthorized access logs,Corporate network
EVID_04852,Hard Drive,Financial records,Financial institution
EVID_04853,Hard Drive,Malware traces,Cloud provider
EVID_04854,Account Records,Financial records,Personal device
EVID_04855,Network Logs,Malware traces,Internal audit
EVID_04856,Network Logs,External USB,Cloud provider
EVID_04857,Server Image,External USB,Law enforcement
EVID_04858,Database Dump,Bank transaction logs,Office search
EVID_04859,Network Logs,Encrypted smartphone,Internal audit
EVID_04860,Hard Drive,Bank transaction logs,Personal device
EVID_04861,USB Device,Malware traces,IT department
EVID_04862,Hard Drive,Encrypted smartphone,IT department
EVID_04863,Server Image,Deleted files recovery,Office search
EVID_04864,Server Image,Deleted files recovery,Personal device
EVID_04865,Cloud Storage,Unauthorized access logs,Corporate network
EVID_04866,Account Records,Financial records,Law enforcement
EVID_04867,Email Logs,Encrypted smartphone,Law enforcement
EVID_04868,Cloud Storage,Bank transaction logs,Financial institution
EVID_04869,USB Device,Malware traces,Internal audit
EVID_04870,Network Logs,Suspicious email chain,Personal device
EVID_04871,Laptop Image,Suspicious email chain,Office search
EVID_04872,Server Image,Forged documents,IT department
EVID_04873,Account Records,Encrypted smartphone,Internal audit
EVID_04874,Database Dump,Forged documents,Internal audit
EVID_04875,Account Records,Deleted files recovery,Cloud provider
EVID_04876,Laptop Image,Deleted files recovery,Cloud provider
EVID_04877,Cloud Storage,Bank transaction logs,Cloud provider
EVID_04878,Server Image,Financial records,Financial institution
EVID_04879,Mobile Phone,Forged documents,IT department
EVID_04880,Email Logs,Suspicious email chain,Cloud provider
EVID_04881,USB Device,Deleted files recovery,Internal audit
EVID_04882,Database Dump,External USB,IT department
EVID_04883,Cloud Storage,Bank transaction logs,Office search
EVID_04884,Laptop Image,External USB,Internal audit
EVID_04885,Cloud Storage,Unauthorized access logs,Office search
EVID_04886,Database Dump,Bank transaction logs,Cloud provider
EVID_04887,USB Device,Unauthorized access logs,Law enforcement
EVID_04888,Email Logs,Encrypted smartphone,Law enforcement
EVID_04889,Network Logs,External USB,Financial institution
EVID_04890,Network Logs,Encrypted smartphone,Financial institution
EVID_04891,Cloud Storage,Forged documents,Corporate network
EVID_04892,Network Logs,Deleted files recovery,Personal device
EVID_04893,Server Image,Malware traces,Corporate network
EVID_04894,USB Device,Suspicious email chain,Personal device
EVID_04895,Database Dump,Unauthorized access logs,IT department
EVID_04896,Hard Drive,Financial records,Personal device
EVID_04897,Account Records,Financial records,Corporate network
EVID_04898,Cloud Storage,Financial records,IT department
EVID_04899,Network Logs,Bank transaction logs,Internal audit
EVID_04900,Cloud Storage,Financial records,Internal audit
EVID_04901,Account Records,Malware traces,Personal device
EVID_04902,Network Logs,External USB,Office search
EVID_04903,Database Dump,Suspect laptop,Corporate network
EVID_04904,Server Image,Suspect laptop,Personal device
EVID_04905,Cloud Storage,Unauthorized access logs,Financial institution
EVID_04906,Mobile Phone,Malware traces,Corporate network
EVID_04907,Hard Drive,Encrypted smartphone,Office search
EVID_04908,Cloud Storage,Forged documents,Internal audit
EVID_04909,Email Logs,Suspect laptop,Law enforcement
EVID_04910,Mobile Phone,Bank transaction logs,IT department
EVID_04911,Network Logs,Malware traces,Financial institution
EVID_04912,Server Image,Suspect laptop,Cloud provider
EVID_04913,Mobile Phone,Forged documents,Office search
EVID_04914,Laptop Image,Financial records,Personal device
EVID_04915,USB Device,Unauthorized access logs,Financial institution
EVID_04916,Laptop Image,Bank transaction logs,Corporate network
EVID_04917,Hard Drive,Suspect laptop,Law enforcement
EVID_04918,Email Logs,Forged documents,Internal audit
EVID_04919,Laptop Image,Suspicious email chain,IT department
EVID_04920,Email Logs,Malware traces,Financial institution
EVID_04921,Laptop Image,Financial records,Internal audit
EVID_04922,Laptop Image,Encrypted smartphone,Personal device
EVID_04923,USB Device,Deleted files recovery,Cloud provider
EVID_04924,USB Device,Forged documents,Financial institution
EVID_04925,Server Image,Malware traces,Internal audit
EVID_04926,Email Logs,Bank transaction logs,Office search
EVID_04927,Mobile Phone,Unauthorized access logs,Financial institution
EVID_04928,Laptop Image,External USB,Law enforcement
EVID_04929,Email Logs,Forged documents,Office search
EVID_04930,USB Device,Deleted files recovery,Internal audit
EVID_04931,Server Image,Encrypted smartphone,Law enforcement
EVID_04932,Server Image,Bank transaction logs,Law enforcement
EVID_04933,Account Records,Unauthorized access logs,Cloud provider
EVID_04934,Mobile Phone,Suspicious email chain,Personal device
EVID_04935,Email Logs,Malware traces,IT department
EVID_04936,Network Logs,Suspect laptop,IT department
EVID_04937,Server Image,Suspicious email chain,Internal audit
EVID_04938,Laptop Image,External USB,Cloud provider
EVID_04939,Network Logs,Unauthorized access logs,Office search
EVID_04940,USB Device,Unauthorized access logs,Office search
EVID_04941,Hard Drive,Suspicious email chain,Law enforcement
EVID_04942,Server Image,Deleted files recovery,Financial institution
EVID_04943,Laptop Image,Financial records,IT department
EVID_04944,Mobile Phone,Deleted files recovery,Cloud provider
EVID_04945,Mobile Phone,Deleted files recovery,Office search
EVID_04946,Laptop Image,Malware traces,Financial institution
EVID_04947,Email Logs,Suspicious email chain,Financial institution
EVID_04948,Network Logs,Suspicious email chain,Office search
EVID_04949,Account Records,Financial records,IT department
EVID_04950,Email Logs,Forged documents,Corporate network
EVID_04951,Account Records,External USB,Financial institution
EVID_04952,USB Device,Suspicious email chain,Corporate network
EVID_04953,Mobile Phone,External USB,Personal device
EVID_04954,Database Dump,Forged documents,Corporate network
EVID_04955,Laptop Image,Forged documents,Internal audit
EVID_04956,Network Logs,Suspect laptop,Office search
EVID_04957,Network Logs,Unauthorized access logs,Office search
EVID_04958,USB Device,Encrypted smartphone,Internal audit
EVID_04959,Database Dump,Bank transaction logs,Cloud provider
EVID_04960,Laptop Image,Encrypted smartphone,Corporate network
EVID_04961,Cloud Storage,Deleted files recovery,Cloud provider
EVID_04962,Cloud Storage,Malware traces,Cloud provider
EVID_04963,USB Device,Suspicious email chain,IT department
EVID_04964,USB Device,Unauthorized access logs,Cloud provider
EVID_04965,Hard Drive,Deleted files recovery,Law enforcement
EVID_04966,Email Logs,Encrypted smartphone,Internal audit
EVID_04967,Network Logs,Suspect laptop,Law enforcement
EVID_04968,Cloud Storage,Unauthorized access logs,IT department
EVID_04969,Email Logs,Malware traces,Financial institution
EVID_04970,Laptop Image,Suspect laptop,IT department
EVID_04971,Laptop Image,Encrypted smartphone,IT department
EVID_04972,Mobile Phone,Deleted files recovery,Internal audit
EVID_04973,Hard Drive,Suspect laptop,Personal device
EVID_04974,USB Device,Deleted files recovery,Internal audit
EVID_04975,Hard Drive,Unauthorized access logs,Cloud provider
EVID_04976,Mobile Phone,Deleted files recovery,Personal device
EVID_04977,Cloud Storage,Suspect laptop,Office search
EVID_04978,Server Image,Suspect laptop,Law enforcement
EVID_04979,Cloud Storage,Bank transaction logs,Personal device
EVID_04980,Laptop Image,Suspect laptop,Financial institution
EVID_04981,Network Logs,Financial records,Internal audit
EVID_04982,Account Records,Malware traces,Internal audit
EVID_04983,Server Image,Encrypted smartphone,Cloud provider
EVID_04984,Laptop Image,Forged documents,Corporate network
EVID_04985,Laptop Image,Suspicious email chain,Office search
EVID_04986,USB Device,Bank transaction logs,Financial institution
EVID_04987,Database Dump,Suspect laptop,Personal device
EVID_04988,Database Dump,Bank transaction logs,Office search
EVID_04989,Cloud Storage,Malware traces,Corporate network
EVID_04990,Account Records,Forged documents,Office search
EVID_04991,Server Image,Deleted files recovery,Corporate network
EVID_04992,Email Logs,Financial records,Personal device
EVID_04993,Account Records,Bank transaction logs,Cloud provider
EVID_04994,Server Image,Suspect laptop,Internal audit
EVID_04995,Cloud Storage,Forged documents,Office search
EVID_04996,Server Image,Deleted files recovery,Internal audit
EVID_04997,Cloud Storage,External USB,Office search
EVID_04998,Network Logs,External USB,Financial institution
EVID_04999,Cloud Storage,Bank transaction logs,IT department
EVID_05000,Mobile Phone,Suspicious email chain,Cloud provider
EVID_05001,Laptop Image,Bank transaction logs,Financial institution
EVID_05002,Network Logs,Deleted files recovery,Office search
EVID_05003,Email Logs,Financial records,Personal device
EVID_05004,Network Logs,Forged documents,Law enforcement
EVID_05005,Account Records,Bank transaction logs,Internal audit
EVID_05006,Account Records,Forged documents,Office search
EVID_05007,Email Logs,Unauthorized access logs,Cloud provider
EVID_05008,Hard Drive,External USB,Cloud provider
EVID_05009,Network Logs,Deleted files recovery,Cloud provider
EVID_05010,Account Records,Encrypted smartphone,IT department
EVID_05011,Email Logs,Bank transaction logs,Corporate network
EVID_05012,Email Logs,Bank transaction logs,IT department
EVID_05013,Network Logs,Financial records,Financial institution
EVID_05014,Network Logs,Suspect laptop,Financial institution
EVID_05015,Cloud Storage,Forged documents,IT department
EVID_05016,Database Dump,Suspect laptop,IT department
EVID_05017,Email Logs,Unauthorized access logs,Cloud provider
EVID_05018,Laptop Image,Forged documents,Personal device
EVID_05019,Account Records,Unauthorized access logs,Corporate network
EVID_05020,Laptop Image,Suspect laptop,Law enforcement
EVID_05021,Email Logs,Encrypted smartphone,Corporate network
EVID_05022,Cloud Storage,Suspect laptop,Financial institution
EVID_05023,Email Logs,External USB,Cloud provider
EVID_05024,Server Image,Financial records,Office search
EVID_05025,Email Logs,External USB,Internal audit
EVID_05026,Cloud Storage,Financial records,Cloud provider
EVID_05027,Hard Drive,Encrypted smartphone,Corporate network
EVID_05028,Hard Drive,Bank transaction logs,Corporate network
EVID_05029,Account Records,Unauthorized access logs,Personal device
EVID_05030,Hard Drive,Bank transaction logs,Financial institution
EVID_05031,Mobile Phone,Encrypted smartphone,Corporate network
EVID_05032,Hard Drive,Suspect laptop,Financial institution
EVID_05033,Mobile Phone,Forged documents,Personal device
EVID_05034,Laptop Image,Unauthorized access logs,Office search
EVID_05035,Server Image,Encrypted smartphone,Office search
EVID_05036,Network Logs,External USB,Law enforcement
EVID_05037,Email Logs,Encrypted smartphone,Corporate network
EVID_05038,USB Device,Suspicious email chain,Financial institution
EVID_05039,Network Logs,Malware traces,Personal device
EVID_05040,Mobile Phone,Encrypted smartphone,Law enforcement
EVID_05041,Mobile Phone,Suspect laptop,Personal device
EVID_05042,Database Dump,Financial records,Corporate network
EVID_05043,USB Device,Deleted files recovery,Cloud provider
EVID_05044,Laptop Image,Forged documents,IT department
EVID_05045,Account Records,Financial records,Law enforcement
EVID_05046,Database Dump,Encrypted smartphone,Law enforcement
EVID_05047,USB Device,Suspect laptop,Financial institution
EVID_05048,Email Logs,Suspicious email chain,Personal device
EVID_05049,Server Image,External USB,Corporate network
EVID_05050,Network Logs,Suspect laptop,Office search
EVID_05051,Hard Drive,Suspect laptop,Financial institution
EVID_05052,Email Logs,Suspect laptop,Personal device
EVID_05053,Mobile Phone,Suspect laptop,Internal audit
EVID_05054,Account Records,Malware traces,Internal audit
EVID_05055,Mobile Phone,Malware traces,Law enforcement
EVID_05056,Mobile Phone,Deleted files recovery,Internal audit
EVID_05057,Database Dump,Encrypted smartphone,Internal audit
EVID_05058,Laptop Image,Suspicious email chain,Law enforcement
EVID_05059,Network Logs,Deleted files recovery,Internal audit
EVID_05060,Email Logs,Financial records,Cloud provider
EVID_05061,Cloud Storage,Financial records,IT department
EVID_05062,Server Image,Deleted files recovery,Law enforcement
EVID_05063,Network Logs,Unauthorized access logs,Office search
EVID_05064,USB Device,Suspect laptop,Personal device
EVID_05065,Email Logs,External USB,Internal audit
EVID_05066,Database Dump,Financial records,Personal device
EVID_05067,Database Dump,Forged documents,Office search
EVID_05068,Network Logs,Suspect laptop,Law enforcement
EVID_05069,Network Logs,Financial records,Financial institution
EVID_05070,Mobile Phone,Deleted files recovery,Office search
EVID_05071,Database Dump,Encrypted smartphone,Corporate network
EVID_05072,Network Logs,Suspicious email chain,Corporate network
EVID_05073,USB Device,Financial records,Internal audit
EVID_05074,Account Records,External USB,Financial institution
EVID_05075,Laptop Image,Suspicious email chain,Financial institution
EVID_05076,Server Image,External USB,Law enforcement
EVID_05077,Hard Drive,Suspicious email chain,Office search
EVID_05078,Laptop Image,External USB,Financial institution
EVID_05079,Laptop Image,Suspect laptop,Law enforcement
EVID_05080,Hard Drive,Suspicious email chain,IT department
EVID_05081,Laptop Image,Forged documents,IT department
EVID_05082,Server Image,Encrypted smartphone,Law enforcement
EVID_05083,Cloud Storage,Malware traces,Law enforcement
EVID_05084,USB Device,Financial records,Cloud provider
EVID_05085,Database Dump,Encrypted smartphone,Law enforcement
EVID_05086,USB Device,Suspect laptop,Cloud provider
EVID_05087,Mobile Phone,Financial records,Law enforcement
EVID_05088,Database Dump,Unauthorized access logs,Financial institution
EVID_05089,Account Records,Suspicious email chain,Financial institution
EVID_05090,Database Dump,Bank transaction logs,Cloud provider
EVID_05091,USB Device,Financial records,IT department
EVID_05092,Database Dump,Deleted files recovery,IT department
EVID_05093,Mobile Phone,Unauthorized access logs,Office search
EVID_05094,Server Image,Financial records,Law enforcement
EVID_05095,Cloud Storage,Malware traces,Law enforcement
EVID_05096,Laptop Image,Deleted files recovery,Financial institution
EVID_05097,Cloud Storage,External USB,Office search
EVID_05098,Account Records,Bank transaction logs,Personal device
EVID_05099,USB Device,Unauthorized access logs,Internal audit
EVID_05100,Cloud Storage,Bank transaction logs,Personal device
EVID_05101,Email Logs,External USB,Law enforcement
EVID_05102,Cloud Storage,Unauthorized access logs,Personal device
EVID_05103,Hard Drive,Financial records,Law enforcement
EVID_05104,Cloud Storage,Suspect laptop,Law enforcement
EVID_05105,USB Device,Forged documents,Office search
EVID_05106,Server Image,Encrypted smartphone,Personal device
EVID_05107,Email Logs,Malware traces,IT department
EVID_05108,Mobile Phone,Unauthorized access logs,IT department
EVID_05109,Network Logs,Suspect laptop,Personal device
EVID_05110,Network Logs,Encrypted smartphone,Office search
EVID_05111,USB Device,Malware traces,Personal device
EVID_05112,Cloud Storage,Forged documents,Corporate network
EVID_05113,USB Device,Suspect laptop,Personal device
EVID_05114,Email Logs,Financial records,Corporate network
EVID_05115,USB Device,Unauthorized access logs,Personal device
EVID_05116,Network Logs,Forged documents,Office search
EVID_05117,USB Device,Malware traces,Financial institution
EVID_05118,USB Device,Deleted files recovery,Internal audit
EVID_05119,Hard Drive,Encrypted smartphone,Cloud provider
EVID_05120,Laptop Image,Encrypted smartphone,Financial institution
EVID_05121,Account Records,Deleted files recovery,Internal audit
EVID_05122,Laptop Image,Encrypted smartphone,Law enforcement
EVID_05123,Cloud Storage,Bank transaction logs,Personal device
EVID_05124,Network Logs,Suspect laptop,Office search
EVID_05125,Network Logs,Bank transaction logs,Financial institution
EVID_05126,Laptop Image,Suspect laptop,IT department
EVID_05127,Server Image,Suspect laptop,IT department
EVID_05128,Server Image,Deleted files recovery,Office search
EVID_05129,Server Image,Forged documents,Law enforcement
EVID_05130,Cloud Storage,Bank transaction logs,Cloud provider
EVID_05131,Email Logs,Unauthorized access logs,Law enforcement
EVID_05132,Mobile Phone,External USB,Corporate network
EVID_05133,Mobile Phone,External USB,Law enforcement
EVID_05134,Laptop Image,Suspicious email chain,Internal audit
EVID_05135,Laptop Image,Encrypted smartphone,Internal audit
EVID_05136,Email Logs,Financial records,Law enforcement
EVID_05137,Laptop Image,Deleted files recovery,Personal device
EVID_05138,Mobile Phone,Deleted files recovery,Corporate network
EVID_05139,Email Logs,Bank transaction logs,IT department
EVID_05140,Hard Drive,Suspect laptop,Office search
EVID_05141,Hard Drive,Forged documents,Cloud provider
EVID_05142,Laptop Image,Suspicious email chain,Cloud provider
EVID_05143,Server Image,Deleted files recovery,Law enforcement
EVID_05144,Mobile Phone,Forged documents,Office search
EVID_05145,Email Logs,Suspicious email chain,Internal audit
EVID_05146,Email Logs,Encrypted smartphone,IT department
EVID_05147,Laptop Image,Encrypted smartphone,Internal audit
EVID_05148,USB Device,Suspect laptop,Internal audit
EVID_05149,Cloud Storage,Suspect laptop,Office search
EVID_05150,Mobile Phone,Suspicious email chain,Cloud provider
EVID_05151,Email Logs,Malware traces,Personal device
EVID_05152,Email Logs,Unauthorized access logs,Personal device
EVID_05153,Account Records,Bank transaction logs,Law enforcement
EVID_05154,Network Logs,Bank transaction logs,Personal device
EVID_05155,Network Logs,Bank transaction logs,Cloud provider
EVID_05156,Network Logs,External USB,Office search
EVID_05157,Account Records,Suspect laptop,IT department
EVID_05158,Mobile Phone,Encrypted smartphone,IT department
EVID_05159,Server Image,External USB,Personal device
EVID_05160,Database Dump,Deleted files recovery,Law enforcement
EVID_05161,Account Records,Financial records,Office search
EVID_05162,USB Device,Malware traces,Corporate network
EVID_05163,Mobile Phone,External USB,Internal audit
EVID_05164,Hard Drive,Forged documents,Internal audit
EVID_05165,Mobile Phone,Suspect laptop,Law enforcement
EVID_05166,Server Image,External USB,Financial institution
EVID_05167,Hard Drive,Bank transaction logs,Internal audit
EVID_05168,USB Device,Suspicious email chain,Cloud provider
EVID_05169,Database Dump,Malware traces,Office search
EVID_05170,Server Image,Deleted files recovery,IT department
EVID_05171,Cloud Storage,Financial records,Cloud provider
EVID_05172,Email Logs,Forged documents,Personal device
EVID_05173,Network Logs,Suspicious email chain,Office search
EVID_05174,Mobile Phone,External USB,Internal audit
EVID_05175,Server Image,Deleted files recovery,Office search
EVID_05176,USB Device,Bank transaction logs,Financial institution
EVID_05177,Network Logs,Encrypted smartphone,Corporate network
EVID_05178,Laptop Image,Deleted files recovery,Cloud provider
EVID_05179,Email Logs,Malware traces,Financial institution
EVID_05180,Mobile Phone,Financial records,Corporate network
EVID_05181,Account Records,Malware traces,Personal device
EVID_05182,Database Dump,Financial records,Financial institution
EVID_05183,USB Device,Deleted files recovery,Corporate network
EVID_05184,Email Logs,Suspect laptop,Law enforcement
EVID_05185,Laptop Image,Malware traces,Cloud provider
EVID_05186,Database Dump,Bank transaction logs,Financial institution
EVID_05187,Network Logs,External USB,Office search
EVID_05188,Account Records,Suspicious email chain,IT department
EVID_05189,USB Device,Financial records,Law enforcement
EVID_05190,Server Image,Unauthorized access logs,Cloud provider
EVID_05191,Network Logs,Suspect laptop,Internal audit
EVID_05192,Email Logs,Unauthorized access logs,Corporate network
EVID_05193,Network Logs,Suspicious email chain,Personal device
EVID_05194,Mobile Phone,Deleted files recovery,Financial institution
EVID_05195,Network Logs,External USB,Financial institution
EVID_05196,Database Dump,Forged documents,IT department
EVID_05197,Server Image,Bank transaction logs,Financial institution
EVID_05198,Network Logs,External USB,Cloud provider
EVID_05199,Database Dump,Financial records,Internal audit
EVID_05200,Account Records,Bank transaction logs,Financial institution
EVID_05201,Email Logs,Unauthorized access logs,Personal device
EVID_05202,Laptop Image,Suspicious email chain,Law enforcement
EVID_05203,Network Logs,Malware traces,Internal audit
EVID_05204,Cloud Storage,Deleted files recovery,Internal audit
EVID_05205,Mobile Phone,Suspicious email chain,Personal device
EVID_05206,USB Device,Suspicious email chain,Personal device
EVID_05207,Network Logs,External USB,Personal device
EVID_05208,Mobile Phone,Suspicious email chain,Corporate network
EVID_05209,Hard Drive,Malware traces,IT department
EVID_05210,Email Logs,Deleted files recovery,Internal audit
EVID_05211,Account Records,Deleted files recovery,IT department
EVID_05212,Cloud Storage,External USB,Cloud provider
EVID_05213,Laptop Image,Encrypted smartphone,Office search
EVID_05214,Account Records,Financial records,Cloud provider
EVID_05215,Network Logs,Suspect laptop,Office search
EVID_05216,Network Logs,Suspect laptop,Financial institution
EVID_05217,USB Device,Encrypted smartphone,Financial institution
EVID_05218,Account Records,Bank transaction logs,Corporate network
EVID_05219,Hard Drive,Encrypted smartphone,Internal audit
EVID_05220,Network Logs,Financial records,Personal device
EVID_05221,Laptop Image,Forged documents,Office search
EVID_05222,Mobile Phone,Suspect laptop,Law enforcement
EVID_05223,Laptop Image,Unauthorized access logs,Cloud provider
EVID_05224,Database Dump,External USB,Cloud provider
EVID_05225,Cloud Storage,Bank transaction logs,Financial institution
EVID_05226,Account Records,Suspect laptop,Cloud provider
EVID_05227,Server Image,Suspicious email chain,Internal audit
EVID_05228,Account Records,Malware traces,Financial institution
EVID_05229,Network Logs,Forged documents,Office search
EVID_05230,Hard Drive,Malware traces,Personal device
EVID_05231,USB Device,Financial records,Cloud provider
EVID_05232,Database Dump,Bank transaction logs,Office search
EVID_05233,Cloud Storage,Deleted files recovery,Cloud provider
EVID_05234,Database Dump,Deleted files recovery,Personal device
EVID_05235,Network Logs,External USB,Cloud provider
EVID_05236,Mobile Phone,Forged documents,Internal audit
EVID_05237,Email Logs,Forged documents,Law enforcement
EVID_05238,Server Image,Bank transaction logs,Internal audit
EVID_05239,Cloud Storage,Financial records,Personal device
EVID_05240,Cloud Storage,Unauthorized access logs,Personal device
EVID_05241,Database Dump,Forged documents,Corporate network
EVID_05242,Laptop Image,Financial records,Law enforcement
EVID_05243,Email Logs,Deleted files recovery,Financial institution
EVID_05244,Account Records,Suspect laptop,Internal audit
EVID_05245,USB Device,Malware traces,Personal device
EVID_05246,Database Dump,Deleted files recovery,Internal audit
EVID_05247,Hard Drive,Forged documents,Cloud provider
EVID_05248,Account Records,Suspicious email chain,Internal audit
EVID_05249,Server Image,Forged documents,Financial institution
EVID_05250,Account Records,Malware traces,Corporate network
EVID_05251,Hard Drive,Suspicious email chain,Corporate network
EVID_05252,Laptop Image,Deleted files recovery,Internal audit
EVID_05253,Email Logs,External USB,Personal device
EVID_05254,Hard Drive,Bank transaction logs,Personal device
EVID_05255,Server Image,Malware traces,Office search
EVID_05256,Network Logs,Forged documents,Office search
EVID_05257,USB Device,Deleted files recovery,Corporate network
EVID_05258,Hard Drive,External USB,Financial institution
EVID_05259,Laptop Image,Encrypted smartphone,Corporate network
EVID_05260,Hard Drive,Deleted files recovery,Cloud provider
EVID_05261,Database Dump,Suspicious email chain,Law enforcement
EVID_05262,Cloud Storage,Malware traces,Cloud provider
EVID_05263,Email Logs,Suspect laptop,Cloud provider
EVID_05264,Hard Drive,Unauthorized access logs,Law enforcement
EVID_05265,Laptop Image,Forged documents,Cloud provider
EVID_05266,Cloud Storage,Bank transaction logs,Corporate network
EVID_05267,Cloud Storage,Forged documents,Internal audit
EVID_05268,Account Records,Malware traces,Cloud provider
EVID_05269,Account Records,Malware traces,Corporate network
EVID_05270,Mobile Phone,Unauthorized access logs,Law enforcement
EVID_05271,Mobile Phone,Deleted files recovery,Personal device
EVID_05272,Cloud Storage,Financial records,Internal audit
EVID_05273,Hard Drive,Bank transaction logs,Internal audit
EVID_05274,Hard Drive,Bank transaction logs,Office search
EVID_05275,USB Device,Suspicious email chain,Corporate network
EVID_05276,Email Logs,Deleted files recovery,Law enforcement
EVID_05277,Database Dump,Encrypted smartphone,Internal audit
EVID_05278,USB Device,Suspect laptop,Cloud provider
EVID_05279,Hard Drive,Encrypted smartphone,Personal device
EVID_05280,USB Device,Deleted files recovery,IT department
EVID_05281,Hard Drive,External USB,Office search
EVID_05282,Server Image,Malware traces,Personal device
EVID_05283,Database Dump,Encrypted smartphone,Law enforcement
EVID_05284,Network Logs,External USB,IT department
EVID_05285,Database Dump,Malware traces,Internal audit
EVID_05286,Database Dump,Suspect laptop,Internal audit
EVID_05287,Hard Drive,Forged documents,Cloud provider
EVID_05288,Server Image,Forged documents,Corporate network
EVID_05289,Cloud Storage,Encrypted smartphone,Office search
EVID_05290,Cloud Storage,Encrypted smartphone,IT department
EVID_05291,Network Logs,Bank transaction logs,Cloud provider
EVID_05292,USB Device,External USB,IT department
EVID_05293,USB Device,Forged documents,Corporate network
EVID_05294,Server Image,Deleted files recovery,Corporate network
EVID_05295,USB Device,Suspicious email chain,Personal device
EVID_05296,Network Logs,Bank transaction logs,IT department
EVID_05297,Email Logs,Suspicious email chain,Financial institution
EVID_05298,Mobile Phone,Suspicious email chain,Financial institution
EVID_05299,USB Device,Encrypted smartphone,IT department
EVID_05300,Mobile Phone,Bank transaction logs,Law enforcement
EVID_05301,Network Logs,Unauthorized access logs,Cloud provider
EVID_05302,USB Device,Suspect laptop,Financial institution
EVID_05303,USB Device,Suspect laptop,Financial institution
EVID_05304,Network Logs,Unauthorized access logs,Personal device
EVID_05305,Network Logs,Malware traces,Cloud provider
EVID_05306,Server Image,Suspect laptop,Law enforcement
EVID_05307,Hard Drive,Deleted files recovery,IT department
EVID_05308,Network Logs,Encrypted smartphone,Financial institution
EVID_05309,Mobile Phone,Forged documents,Financial institution
EVID_05310,USB Device,Financial records,Financial institution
EVID_05311,Cloud Storage,Malware traces,Corporate network
EVID_05312,Hard Drive,Unauthorized access logs,Financial institution
EVID_05313,Mobile Phone,Deleted files recovery,IT department
EVID_05314,USB Device,Financial records,IT department
EVID_05315,Network Logs,Malware traces,Personal device
EVID_05316,Hard Drive,Suspicious email chain,Office search
EVID_05317,Mobile Phone,Bank transaction logs,Personal device
EVID_05318,USB Device,External USB,Internal audit
EVID_05319,Cloud Storage,Financial records,Financial institution
EVID_05320,Server Image,External USB,IT department
EVID_05321,Database Dump,Bank transaction logs,Internal audit
EVID_05322,Email Logs,Deleted files recovery,IT department
EVID_05323,Database Dump,Financial records,IT department
EVID_05324,Network Logs,Malware traces,Office search
EVID_05325,Account Records,Suspicious email chain,Financial institution
EVID_05326,Server Image,Unauthorized access logs,Cloud provider
EVID_05327,Laptop Image,Suspicious email chain,Office search
EVID_05328,USB Device,Unauthorized access logs,Personal device
EVID_05329,Server Image,Malware traces,Corporate network
EVID_05330,Cloud Storage,Unauthorized access logs,Law enforcement
EVID_05331,Server Image,Malware traces,Law enforcement
EVID_05332,Cloud Storage,Suspicious email chain,Cloud provider
EVID_05333,Cloud Storage,Deleted files recovery,Cloud provider
EVID_05334,Server Image,Suspicious email chain,Financial institution
EVID_05335,Laptop Image,Unauthorized access logs,Financial institution
EVID_05336,Server Image,Bank transaction logs,Office search
EVID_05337,Hard Drive,Suspect laptop,IT department
EVID_05338,Server Image,Suspicious email chain,Cloud provider
EVID_05339,Hard Drive,Deleted files recovery,Internal audit
EVID_05340,Hard Drive,External USB,IT department
EVID_05341,Mobile Phone,Encrypted smartphone,Financial institution
EVID_05342,USB Device,Unauthorized access logs,Internal audit
EVID_05343,Network Logs,Deleted files recovery,IT department
EVID_05344,Hard Drive,Unauthorized access logs,Law enforcement
EVID_05345,Network Logs,Malware traces,Personal device
EVID_05346,Cloud Storage,Unauthorized access logs,Corporate network
EVID_05347,Cloud Storage,Bank transaction logs,Law enforcement
EVID_05348,USB Device,Deleted files recovery,Financial institution
EVID_05349,Network Logs,Bank transaction logs,Cloud provider
EVID_05350,Cloud Storage,Suspect laptop,Personal device
EVID_05351,USB Device,External USB,Corporate network
EVID_05352,Network Logs,Bank transaction logs,Law enforcement
EVID_05353,Network Logs,Encrypted smartphone,Law enforcement
EVID_05354,Database Dump,Bank transaction logs,Corporate network
EVID_05355,Server Image,Deleted files recovery,Financial institution
EVID_05356,Laptop Image,Deleted files recovery,Corporate network
EVID_05357,Server Image,Forged documents,Financial institution
EVID_05358,Database Dump,Unauthorized access logs,Office search
EVID_05359,Server Image,Bank transaction logs,Internal audit
EVID_05360,USB Device,Encrypted smartphone,Personal device
EVID_05361,USB Device,Deleted files recovery,Personal device
EVID_05362,Network Logs,Suspect laptop,Personal device
EVID_05363,Cloud Storage,Encrypted smartphone,Law enforcement
EVID_05364,Network Logs,Suspect laptop,Law enforcement
EVID_05365,Server Image,Malware traces,Financial institution
EVID_05366,Cloud Storage,Encrypted smartphone,Internal audit
EVID_05367,Database Dump,Bank transaction logs,Cloud provider
EVID_05368,Account Records,Suspicious email chain,Internal audit
EVID_05369,Email Logs,Bank transaction logs,Personal device
EVID_05370,Database Dump,External USB,Personal device
EVID_05371,Server Image,Suspect laptop,Office search
EVID_05372,Email Logs,External USB,Internal audit
EVID_05373,Account Records,Suspicious email chain,Corporate network
EVID_05374,Laptop Image,External USB,Internal audit
EVID_05375,USB Device,External USB,Law enforcement
EVID_05376,Database Dump,Encrypted smartphone,IT department
EVID_05377,Network Logs,Suspicious email chain,Office search
EVID_05378,Laptop Image,External USB,Corporate network
EVID_05379,Database Dump,Deleted files recovery,Office search
EVID_05380,Account Records,Bank transaction logs,Law enforcement
EVID_05381,Account Records,Deleted files recovery,Internal audit
EVID_05382,Mobile Phone,Forged documents,Financial institution
EVID_05383,USB Device,Unauthorized access logs,Internal audit
EVID_05384,Email Logs,Unauthorized access logs,Corporate network
EVID_05385,Server Image,External USB,Office search
EVID_05386,Hard Drive,Bank transaction logs,Law enforcement
EVID_05387,Account Records,Encrypted smartphone,IT department
EVID_05388,Email Logs,Suspicious email chain,Office search
EVID_05389,Account Records,External USB,Personal device
EVID_05390,USB Device,Encrypted smartphone,Personal device
EVID_05391,Network Logs,Forged documents,IT department
EVID_05392,Database Dump,Bank transaction logs,Corporate network
EVID_05393,USB Device,Encrypted smartphone,Internal audit
EVID_05394,Server Image,Forged documents,Law enforcement
EVID_05395,Laptop Image,Encrypted smartphone,Corporate network
EVID_05396,Laptop Image,Unauthorized access logs,Personal device
EVID_05397,Cloud Storage,Malware traces,IT department
EVID_05398,Network Logs,Malware traces,Law enforcement
EVID_05399,USB Device,Bank transaction logs,IT department
EVID_05400,Server Image,Bank transaction logs,Financial institution
EVID_05401,Email Logs,External USB,Law enforcement
EVID_05402,Email Logs,Unauthorized access logs,Corporate network
EVID_05403,USB Device,Suspicious email chain,Law enforcement
EVID_05404,Email Logs,Suspicious email chain,Personal device
EVID_05405,Email Logs,External USB,IT department
EVID_05406,USB Device,Bank transaction logs,Cloud provider
EVID_05407,Account Records,External USB,IT department
EVID_05408,Server Image,Bank transaction logs,Internal audit
EVID_05409,Server Image,Suspect laptop,Office search
EVID_05410,USB Device,Financial records,Personal device
EVID_05411,Database Dump,Suspicious email chain,Office search
EVID_05412,Hard Drive,Unauthorized access logs,Office search
EVID_05413,Mobile Phone,Bank transaction logs,IT department
EVID_05414,Laptop Image,Financial records,Financial institution
EVID_05415,Cloud Storage,Malware traces,Cloud provider
EVID_05416,Hard Drive,Bank transaction logs,Personal device
EVID_05417,USB Device,Suspicious email chain,Financial institution
EVID_05418,Email Logs,Suspicious email chain,Internal audit
EVID_05419,Server Image,Financial records,Law enforcement
EVID_05420,Server Image,Unauthorized access logs,Corporate network
EVID_05421,Network Logs,Financial records,Personal device
EVID_05422,Laptop Image,Bank transaction logs,IT department
EVID_05423,Cloud Storage,Financial records,Internal audit
EVID_05424,Laptop Image,Suspicious email chain,Internal audit
EVID_05425,Database Dump,Deleted files recovery,Corporate network
EVID_05426,Laptop Image,Encrypted smartphone,Corporate network
EVID_05427,Hard Drive,Unauthorized access logs,Personal device
EVID_05428,Account Records,Bank transaction logs,Financial institution
EVID_05429,Database Dump,Encrypted smartphone,Office search
EVID_05430,Laptop Image,Suspect laptop,Cloud provider
EVID_05431,Cloud Storage,External USB,Law enforcement
EVID_05432,Hard Drive,Suspicious email chain,Personal device
EVID_05433,Cloud Storage,Malware traces,Financial institution
EVID_05434,Laptop Image,Suspect laptop,Cloud provider
EVID_05435,USB Device,Malware traces,Office search
EVID_05436,Cloud Storage,Encrypted smartphone,Office search
EVID_05437,Server Image,Unauthorized access logs,Personal device
EVID_05438,Laptop Image,Suspect laptop,Personal device
EVID_05439,Cloud Storage,Forged documents,Financial institution
EVID_05440,Cloud Storage,Deleted files recovery,IT department
EVID_05441,Network Logs,Deleted files recovery,Law enforcement
EVID_05442,Account Records,Financial records,Personal device
EVID_05443,Server Image,Deleted files recovery,Personal device
EVID_05444,Server Image,External USB,Cloud provider
EVID_05445,Database Dump,Bank transaction logs,Personal device
EVID_05446,Cloud Storage,Unauthorized access logs,Internal audit
EVID_05447,USB Device,Deleted files recovery,Financial institution
EVID_05448,Network Logs,Encrypted smartphone,Law enforcement
EVID_05449,Account Records,Forged documents,IT department
EVID_05450,Account Records,External USB,IT department
EVID_05451,Database Dump,Suspect laptop,Personal device
EVID_05452,Mobile Phone,Financial records,Personal device
EVID_05453,Server Image,Deleted files recovery,Corporate network
EVID_05454,Network Logs,Unauthorized access logs,Personal device
EVID_05455,Account Records,Encrypted smartphone,Internal audit
EVID_05456,Laptop Image,Suspicious email chain,IT department
EVID_05457,Email Logs,Forged documents,Personal device
EVID_05458,USB Device,Unauthorized access logs,Corporate network
EVID_05459,Account Records,Suspect laptop,Cloud provider
EVID_05460,USB Device,Suspicious email chain,Internal audit
EVID_05461,Laptop Image,Encrypted smartphone,IT department
EVID_05462,Account Records,Bank transaction logs,Law enforcement
EVID_05463,Laptop Image,External USB,Office search
EVID_05464,Laptop Image,Suspect laptop,Financial institution
EVID_05465,Laptop Image,Unauthorized access logs,Internal audit
EVID_05466,USB Device,External USB,Cloud provider
EVID_05467,Email Logs,Encrypted smartphone,Law enforcement
EVID_05468,Laptop Image,Forged documents,Corporate network
EVID_05469,Laptop Image,Bank transaction logs,Corporate network
EVID_05470,Mobile Phone,Unauthorized access logs,Financial institution
EVID_05471,Mobile Phone,Unauthorized access logs,Internal audit
EVID_05472,Network Logs,Unauthorized access logs,Law enforcement
EVID_05473,USB Device,Unauthorized access logs,Financial institution
EVID_05474,Server Image,Deleted files recovery,Law enforcement
EVID_05475,Mobile Phone,Forged documents,Law enforcement
EVID_05476,Network Logs,Bank transaction logs,Personal device
EVID_05477,Server Image,Suspicious email chain,Financial institution
EVID_05478,Mobile Phone,Deleted files recovery,Cloud provider
EVID_05479,Hard Drive,Encrypted smartphone,Internal audit
EVID_05480,Email Logs,External USB,Internal audit
EVID_05481,Account Records,Encrypted smartphone,Personal device
EVID_05482,Hard Drive,Financial records,Office search
EVID_05483,Database Dump,Forged documents,Cloud provider
EVID_05484,Database Dump,Forged documents,Corporate network
EVID_05485,Server Image,Encrypted smartphone,Corporate network
EVID_05486,Mobile Phone,Malware traces,Law enforcement
EVID_05487,Cloud Storage,Bank transaction logs,IT department
EVID_05488,Cloud Storage,Unauthorized access logs,Office search
EVID_05489,Hard Drive,Unauthorized access logs,Office search
EVID_05490,Cloud Storage,Bank transaction logs,Cloud provider
EVID_05491,Hard Drive,Malware traces,IT department
EVID_05492,USB Device,Forged documents,Financial institution
EVID_05493,Email Logs,Financial records,Corporate network
EVID_05494,Laptop Image,Suspect laptop,Law enforcement
EVID_05495,Laptop Image,Suspicious email chain,Corporate network
EVID_05496,Laptop Image,Forged documents,Financial institution
EVID_05497,Hard Drive,Deleted files recovery,Internal audit
EVID_05498,Account Records,Bank transaction logs,IT department
EVID_05499,USB Device,Financial records,Corporate network
EVID_05500,Cloud Storage,Forged documents,IT department
EVID_05501,Account Records,Encrypted smartphone,Cloud provider
EVID_05502,Server Image,Malware traces,IT department
EVID_05503,Email Logs,Encrypted smartphone,Law enforcement
EVID_05504,Email Logs,External USB,Office search
EVID_05505,USB Device,Bank transaction logs,Internal audit
EVID_05506,Server Image,Encrypted smartphone,IT department
EVID_05507,Mobile Phone,Deleted files recovery,Office search
EVID_05508,Account Records,Suspect laptop,Cloud provider
EVID_05509,Network Logs,Suspect laptop,Personal device
EVID_05510,Account Records,Suspicious email chain,Corporate network
EVID_05511,Laptop Image,Unauthorized access logs,Corporate network
EVID_05512,Laptop Image,Malware traces,IT department
EVID_05513,Email Logs,Bank transaction logs,Corporate network
EVID_05514,Mobile Phone,Bank transaction logs,Corporate network
EVID_05515,Email Logs,Suspect laptop,Personal device
EVID_05516,Cloud Storage,Deleted files recovery,IT department
EVID_05517,Account Records,Suspect laptop,Cloud provider
EVID_05518,USB Device,Financial records,Financial institution
EVID_05519,Database Dump,Financial records,Corporate network
EVID_05520,Server Image,External USB,Law enforcement
EVID_05521,Cloud Storage,Encrypted smartphone,Financial institution
EVID_05522,Network Logs,Suspicious email chain,Office search
EVID_05523,Server Image,Unauthorized access logs,Internal audit
EVID_05524,Account Records,Forged documents,Law enforcement
EVID_05525,Email Logs,Deleted files recovery,Personal device
EVID_05526,Mobile Phone,Deleted files recovery,Law enforcement
EVID_05527,Cloud Storage,Malware traces,IT department
EVID_05528,Mobile Phone,Suspect laptop,IT department
EVID_05529,Email Logs,Malware traces,Law enforcement
EVID_05530,Hard Drive,Malware traces,Corporate network
EVID_05531,Hard Drive,Malware traces,Financial institution
EVID_05532,Account Records,Financial records,Financial institution
EVID_05533,Database Dump,Financial records,Internal audit
EVID_05534,Server Image,Unauthorized access logs,Financial institution
EVID_05535,Database Dump,Bank transaction logs,Law enforcement
EVID_05536,Hard Drive,Bank transaction logs,Personal device
EVID_05537,Hard Drive,Unauthorized access logs,IT department
EVID_05538,Database Dump,Unauthorized access logs,Internal audit
EVID_05539,Network Logs,Financial records,Cloud provider
EVID_05540,Email Logs,Deleted files recovery,Corporate network
EVID_05541,Database Dump,Financial records,IT department
EVID_05542,Mobile Phone,Malware traces,Cloud provider
EVID_05543,Hard Drive,Bank transaction logs,IT department
EVID_05544,USB Device,Unauthorized access logs,Law enforcement
EVID_05545,Account Records,Suspicious email chain,Office search
EVID_05546,Cloud Storage,Bank transaction logs,Internal audit
EVID_05547,Account Records,Deleted files recovery,Personal device
EVID_05548,Network Logs,Suspicious email chain,Cloud provider
EVID_05549,Laptop Image,Bank transaction logs,Internal audit
EVID_05550,USB Device,Suspect laptop,Corporate network
EVID_05551,Network Logs,Forged documents,Internal audit
EVID_05552,Hard Drive,External USB,Law enforcement
EVID_05553,Cloud Storage,Financial records,IT department
EVID_05554,Email Logs,Malware traces,Cloud provider
EVID_05555,USB Device,Financial records,Corporate network
EVID_05556,Cloud Storage,External USB,Office search
EVID_05557,Email Logs,Encrypted smartphone,Financial institution
EVID_05558,USB Device,Suspicious email chain,Financial institution
EVID_05559,Server Image,Unauthorized access logs,Corporate network
EVID_05560,USB Device,Financial records,Corporate network
EVID_05561,Email Logs,Encrypted smartphone,Internal audit
EVID_05562,Cloud Storage,Malware traces,Cloud provider
EVID_05563,Laptop Image,Unauthorized access logs,Cloud provider
EVID_05564,Hard Drive,Malware traces,Law enforcement
EVID_05565,Mobile Phone,Encrypted smartphone,Financial institution
EVID_05566,Mobile Phone,Suspect laptop,Office search
EVID_05567,Email Logs,Unauthorized access logs,IT department
EVID_05568,Mobile Phone,Encrypted smartphone,Internal audit
EVID_05569,Laptop Image,Unauthorized access logs,Cloud provider
EVID_05570,Network Logs,Unauthorized access logs,IT department
EVID_05571,Network Logs,Suspicious email chain,Cloud provider
EVID_05572,USB Device,External USB,Internal audit
EVID_05573,Database Dump,Malware traces,IT department
EVID_05574,Email Logs,Unauthorized access logs,Office search
EVID_05575,Laptop Image,Forged documents,Corporate network
EVID_05576,Mobile Phone,Forged documents,Financial institution
EVID_05577,USB Device,Bank transaction logs,Personal device
EVID_05578,USB Device,Deleted files recovery,Internal audit
EVID_05579,Mobile Phone,Suspicious email chain,Internal audit
EVID_05580,Laptop Image,Financial records,Law enforcement
EVID_05581,Mobile Phone,Forged documents,Financial institution
EVID_05582,Server Image,Malware traces,Financial institution
EVID_05583,Mobile Phone,Suspect laptop,Financial institution
EVID_05584,Email Logs,External USB,IT department
EVID_05585,Hard Drive,Forged documents,Personal device
EVID_05586,Account Records,Suspect laptop,Financial institution
EVID_05587,USB Device,Forged documents,Corporate network
EVID_05588,Mobile Phone,Suspicious email chain,Internal audit
EVID_05589,Hard Drive,Suspicious email chain,Internal audit
EVID_05590,Server Image,Malware traces,Office search
EVID_05591,Laptop Image,Unauthorized access logs,Internal audit
EVID_05592,USB Device,Bank transaction logs,IT department
EVID_05593,Cloud Storage,External USB,Corporate network
EVID_05594,Account Records,Deleted files recovery,Personal device
EVID_05595,Laptop Image,Unauthorized access logs,Corporate network
EVID_05596,Server Image,Suspicious email chain,Cloud provider
EVID_05597,Network Logs,Encrypted smartphone,Personal device
EVID_05598,Database Dump,Encrypted smartphone,Law enforcement
EVID_05599,USB Device,External USB,Office search
EVID_05600,Mobile Phone,Deleted files recovery,Personal device
EVID_05601,Hard Drive,Financial records,Corporate network
EVID_05602,Email Logs,Financial records,Office search
EVID_05603,USB Device,Forged documents,Personal device
EVID_05604,Mobile Phone,External USB,IT department
EVID_05605,Server Image,Forged documents,Corporate network
EVID_05606,Mobile Phone,Bank transaction logs,Internal audit
EVID_05607,Laptop Image,Suspect laptop,Financial institution
EVID_05608,Mobile Phone,Malware traces,Law enforcement
EVID_05609,Laptop Image,Suspect laptop,Office search
EVID_05610,Cloud Storage,Deleted files recovery,Internal audit
EVID_05611,Laptop Image,Encrypted smartphone,Financial institution
EVID_05612,Network Logs,Suspect laptop,Law enforcement
EVID_05613,Network Logs,External USB,Financial institution
EVID_05614,Cloud Storage,Deleted files recovery,Cloud provider
EVID_05615,Server Image,Encrypted smartphone,Cloud provider
EVID_05616,Email Logs,Financial records,Law enforcement
EVID_05617,Laptop Image,Suspect laptop,Personal device
EVID_05618,Account Records,Forged documents,Office search
EVID_05619,Cloud Storage,Forged documents,IT department
EVID_05620,Mobile Phone,Malware traces,Cloud provider
EVID_05621,USB Device,Suspect laptop,IT department
EVID_05622,Database Dump,Encrypted smartphone,IT department
EVID_05623,USB Device,Malware traces,Office search
EVID_05624,Hard Drive,Bank transaction logs,Financial institution
EVID_05625,Hard Drive,Malware traces,Financial institution
EVID_05626,Mobile Phone,Bank transaction logs,IT department
EVID_05627,Account Records,Deleted files recovery,Financial institution
EVID_05628,Network Logs,Unauthorized access logs,Law enforcement
EVID_05629,Cloud Storage,Suspect laptop,Personal device
EVID_05630,Database Dump,Bank transaction logs,Financial institution
EVID_05631,Cloud Storage,Suspect laptop,Personal device
EVID_05632,Database Dump,Financial records,IT department
EVID_05633,Email Logs,Suspect laptop,Corporate network
EVID_05634,Mobile Phone,Deleted files recovery,Cloud provider
EVID_05635,Hard Drive,Encrypted smartphone,Cloud provider
EVID_05636,Server Image,Financial records,Office search
EVID_05637,Database Dump,Suspicious email chain,Office search
EVID_05638,Email Logs,Suspect laptop,Internal audit
EVID_05639,Email Logs,Financial records,Cloud provider
EVID_05640,Database Dump,Unauthorized access logs,Financial institution
EVID_05641,USB Device,Forged documents,Financial institution
EVID_05642,Email Logs,Suspect laptop,Office search
EVID_05643,Hard Drive,Malware traces,Office search
EVID_05644,Email Logs,Malware traces,Financial institution
EVID_05645,Database Dump,Encrypted smartphone,Corporate network
EVID_05646,Database Dump,Deleted files recovery,Corporate network
EVID_05647,Email Logs,Suspicious email chain,IT department
EVID_05648,Server Image,Encrypted smartphone,Personal device
EVID_05649,Email Logs,Financial records,Office search
EVID_05650,Network Logs,Unauthorized access logs,Financial institution
EVID_05651,Cloud Storage,Suspect laptop,Cloud provider
EVID_05652,Account Records,Encrypted smartphone,Law enforcement
EVID_05653,Hard Drive,Unauthorized access logs,Cloud provider
EVID_05654,Laptop Image,Forged documents,Internal audit
EVID_05655,Hard Drive,Malware traces,Personal device
EVID_05656,Email Logs,Unauthorized access logs,Law enforcement
EVID_05657,Email Logs,Deleted files recovery,Cloud provider
EVID_05658,Network Logs,Unauthorized access logs,Personal device
EVID_05659,Email Logs,Suspect laptop,Personal device
EVID_05660,Account Records,Forged documents,Corporate network
EVID_05661,Network Logs,Suspect laptop,Personal device
EVID_05662,Email Logs,Deleted files recovery,Corporate network
EVID_05663,Network Logs,Deleted files recovery,Cloud provider
EVID_05664,Account Records,Deleted files recovery,Internal audit
EVID_05665,Account Records,Suspicious email chain,Law enforcement
EVID_05666,Network Logs,Unauthorized access logs,Office search
EVID_05667,Laptop Image,Malware traces,Cloud provider
EVID_05668,Network Logs,Encrypted smartphone,Corporate network
EVID_05669,Server Image,Financial records,IT department
EVID_05670,Account Records,Unauthorized access logs,IT department
EVID_05671,Account Records,Unauthorized access logs,Internal audit
EVID_05672,Account Records,External USB,Internal audit
EVID_05673,Mobile Phone,Suspicious email chain,Law enforcement
EVID_05674,Account Records,Deleted files recovery,Financial institution
EVID_05675,Mobile Phone,Malware traces,Personal device
EVID_05676,Cloud Storage,Deleted files recovery,Personal device
EVID_05677,Database Dump,Financial records,Corporate network
EVID_05678,USB Device,Bank transaction logs,Financial institution
EVID_05679,Email Logs,Bank transaction logs,Law enforcement
EVID_05680,Account Records,Financial records,Personal device
EVID_05681,Server Image,Unauthorized access logs,Cloud provider
EVID_05682,Server Image,Suspicious email chain,Personal device
EVID_05683,Server Image,Suspicious email chain,Law enforcement
EVID_05684,Database Dump,Suspicious email chain,IT department
EVID_05685,Email Logs,Malware traces,Corporate network
EVID_05686,USB Device,Deleted files recovery,Law enforcement
EVID_05687,Laptop Image,Bank transaction logs,Personal device
EVID_05688,Account Records,Unauthorized access logs,Internal audit
EVID_05689,Mobile Phone,Financial records,Personal device
EVID_05690,Database Dump,Deleted files recovery,Cloud provider
EVID_05691,Email Logs,Malware traces,IT department
EVID_05692,Account Records,Encrypted smartphone,Corporate network
EVID_05693,Database Dump,Unauthorized access logs,Financial institution
EVID_05694,Database Dump,Suspect laptop,Personal device
EVID_05695,Server Image,Forged documents,Cloud provider
EVID_05696,Email Logs,Encrypted smartphone,Law enforcement
EVID_05697,Laptop Image,Encrypted smartphone,Office search
EVID_05698,Email Logs,Malware traces,Law enforcement
EVID_05699,Mobile Phone,Bank transaction logs,Internal audit
EVID_05700,Cloud Storage,Unauthorized access logs,Corporate network
EVID_05701,Mobile Phone,Bank transaction logs,Personal device
EVID_05702,Cloud Storage,Suspicious email chain,Cloud provider
EVID_05703,Email Logs,Forged documents,Cloud provider
EVID_05704,USB Device,Unauthorized access logs,Law enforcement
EVID_05705,Laptop Image,External USB,Corporate network
EVID_05706,Database Dump,Financial records,Law enforcement
EVID_05707,Database Dump,Financial records,Law enforcement
EVID_05708,Database Dump,Suspicious email chain,Law enforcement
EVID_05709,Hard Drive,Malware traces,Financial institution
EVID_05710,Email Logs,Suspicious email chain,Corporate network
EVID_05711,Server Image,External USB,Internal audit
EVID_05712,Email Logs,Malware traces,Cloud provider
EVID_05713,Server Image,Suspicious email chain,Personal device
EVID_05714,Cloud Storage,Bank transaction logs,Office search
EVID_05715,Mobile Phone,External USB,Law enforcement
EVID_05716,Database Dump,Suspicious email chain,Internal audit
EVID_05717,Database Dump,Deleted files recovery,Cloud provider
EVID_05718,Cloud Storage,Suspect laptop,Cloud provider
EVID_05719,Cloud Storage,Suspect laptop,Financial institution
EVID_05720,Laptop Image,Malware traces,Cloud provider
EVID_05721,Account Records,Bank transaction logs,Cloud provider
EVID_05722,Laptop Image,Encrypted smartphone,Personal device
EVID_05723,Hard Drive,Forged documents,Financial institution
EVID_05724,Database Dump,Malware traces,Office search
EVID_05725,Mobile Phone,Malware traces,Office search
EVID_05726,USB Device,Malware traces,Financial institution
EVID_05727,Hard Drive,Unauthorized access logs,IT department
EVID_05728,Account Records,Forged documents,Office search
EVID_05729,Server Image,Deleted files recovery,Office search
EVID_05730,Server Image,Suspicious email chain,Personal device
EVID_05731,Mobile Phone,Financial records,Cloud provider
EVID_05732,Cloud Storage,External USB,Corporate network
EVID_05733,Network Logs,Malware traces,Internal audit
EVID_05734,Laptop Image,Deleted files recovery,Personal device
EVID_05735,Database Dump,Suspicious email chain,Office search
EVID_05736,Mobile Phone,Forged documents,Internal audit
EVID_05737,Hard Drive,Financial records,Personal device
EVID_05738,Cloud Storage,Encrypted smartphone,IT department
EVID_05739,Laptop Image,Bank transaction logs,Personal device
EVID_05740,Cloud Storage,Encrypted smartphone,Cloud provider
EVID_05741,USB Device,Bank transaction logs,Law enforcement
EVID_05742,Mobile Phone,Bank transaction logs,Financial institution
EVID_05743,Server Image,Deleted files recovery,Personal device
EVID_05744,USB Device,Deleted files recovery,Office search
EVID_05745,Hard Drive,Suspect laptop,Financial institution
EVID_05746,Email Logs,Suspect laptop,Personal device
EVID_05747,Account Records,Financial records,Internal audit
EVID_05748,Account Records,Forged documents,Office search
EVID_05749,Network Logs,Suspicious email chain,Financial institution
EVID_05750,Email Logs,External USB,Cloud provider
EVID_05751,Account Records,Encrypted smartphone,Office search
EVID_05752,Database Dump,Suspicious email chain,Office search
EVID_05753,Cloud Storage,External USB,IT department
EVID_05754,USB Device,Bank transaction logs,Cloud provider
EVID_05755,Network Logs,Financial records,Internal audit
EVID_05756,Database Dump,Encrypted smartphone,Office search
EVID_05757,Hard Drive,Deleted files recovery,Office search
EVID_05758,Database Dump,Bank transaction logs,Office search
EVID_05759,Database Dump,Suspicious email chain,Personal device
EVID_05760,Network Logs,Suspect laptop,Personal device
EVID_05761,Mobile Phone,Encrypted smartphone,Internal audit
EVID_05762,Account Records,Encrypted smartphone,Financial institution
EVID_05763,Mobile Phone,Malware traces,Internal audit
EVID_05764,Laptop Image,Suspicious email chain,Corporate network
EVID_05765,Server Image,Malware traces,Financial institution
EVID_05766,Database Dump,External USB,Cloud provider
EVID_05767,Email Logs,Financial records,Personal device
EVID_05768,Email Logs,Unauthorized access logs,Cloud provider
EVID_05769,Server Image,Unauthorized access logs,Office search
EVID_05770,USB Device,Deleted files recovery,Corporate network
EVID_05771,Mobile Phone,Bank transaction logs,Personal device
EVID_05772,Cloud Storage,Suspect laptop,Personal device
EVID_05773,Mobile Phone,Forged documents,Financial institution
EVID_05774,Cloud Storage,Malware traces,Cloud provider
EVID_05775,Network Logs,External USB,Financial institution
EVID_05776,Account Records,Malware traces,Financial institution
EVID_05777,Database Dump,Bank transaction logs,Personal device
EVID_05778,Network Logs,Forged documents,Corporate network
EVID_05779,USB Device,Unauthorized access logs,Cloud provider
EVID_05780,Network Logs,Bank transaction logs,IT department
EVID_05781,Laptop Image,Forged documents,Personal device
EVID_05782,Network Logs,Encrypted smartphone,IT department
EVID_05783,Cloud Storage,Suspicious email chain,Law enforcement
EVID_05784,Mobile Phone,External USB,Personal device
EVID_05785,Mobile Phone,Financial records,Corporate network
EVID_05786,Mobile Phone,Unauthorized access logs,Cloud provider
EVID_05787,Email Logs,Bank transaction logs,Office search
EVID_05788,Server Image,Bank transaction logs,IT department
EVID_05789,Cloud Storage,External USB,Cloud provider
EVID_05790,Server Image,External USB,IT department
EVID_05791,Server Image,Unauthorized access logs,Personal device
EVID_05792,Cloud Storage,Bank transaction logs,IT department
EVID_05793,Mobile Phone,Suspicious email chain,IT department
EVID_05794,Hard Drive,Malware traces,Cloud provider
EVID_05795,Cloud Storage,Suspect laptop,Law enforcement
EVID_05796,USB Device,Suspicious email chain,IT department
EVID_05797,Hard Drive,Encrypted smartphone,Financial institution
EVID_05798,Laptop Image,Unauthorized access logs,Internal audit
EVID_05799,Network Logs,Malware traces,Financial institution
EVID_05800,USB Device,Encrypted smartphone,Cloud provider
EVID_05801,Mobile Phone,Suspect laptop,Financial institution
EVID_05802,Server Image,Suspect laptop,Internal audit
EVID_05803,USB Device,Suspicious email chain,Internal audit
EVID_05804,Cloud Storage,Financial records,Corporate network
EVID_05805,Account Records,Bank transaction logs,Office search
EVID_05806,Laptop Image,External USB,IT department
EVID_05807,Network Logs,Financial records,Corporate network
EVID_05808,USB Device,Bank transaction logs,IT department
EVID_05809,USB Device,Malware traces,Cloud provider
EVID_05810,Hard Drive,Suspect laptop,Internal audit
EVID_05811,USB Device,Bank transaction logs,Office search
EVID_05812,Email Logs,Suspicious email chain,Financial institution
EVID_05813,Server Image,Suspicious email chain,Cloud provider
EVID_05814,Account Records,Suspect laptop,Law enforcement
EVID_05815,Server Image,Malware traces,Personal device
EVID_05816,Account Records,Malware traces,Internal audit
EVID_05817,Mobile Phone,Suspicious email chain,Corporate network
EVID_05818,Account Records,Financial records,Financial institution
EVID_05819,Network Logs,Financial records,Corporate network
EVID_05820,Email Logs,Malware traces,IT department
EVID_05821,Cloud Storage,Forged documents,Corporate network
EVID_05822,Network Logs,Unauthorized access logs,IT department
EVID_05823,Database Dump,Forged documents,IT department
EVID_05824,USB Device,Financial records,Financial institution
EVID_05825,Server Image,External USB,Corporate network
EVID_05826,USB Device,Suspicious email chain,Internal audit
EVID_05827,Account Records,Unauthorized access logs,Personal device
EVID_05828,Hard Drive,Forged documents,IT department
EVID_05829,Account Records,Encrypted smartphone,Corporate network
EVID_05830,Network Logs,Encrypted smartphone,Financial institution
EVID_05831,Hard Drive,Suspicious email chain,Corporate network
EVID_05832,Database Dump,External USB,IT department
EVID_05833,Cloud Storage,Suspicious email chain,Cloud provider
EVID_05834,Database Dump,Suspicious email chain,Corporate network
EVID_05835,Email Logs,Financial records,Cloud provider
EVID_05836,Laptop Image,Bank transaction logs,Personal device
EVID_05837,Database Dump,Deleted files recovery,Financial institution
EVID_05838,Email Logs,Financial records,Financial institution
EVID_05839,Hard Drive,External USB,Financial institution
EVID_05840,Account Records,Suspect laptop,Law enforcement
EVID_05841,Hard Drive,Encrypted smartphone,IT department
EVID_05842,Email Logs,Deleted files recovery,Office search
EVID_05843,Hard Drive,Suspicious email chain,Financial institution
EVID_05844,USB Device,Deleted files recovery,Financial institution
EVID_05845,USB Device,Malware traces,Personal device
EVID_05846,Mobile Phone,Forged documents,Law enforcement
EVID_05847,Email Logs,Suspicious email chain,IT department
EVID_05848,Hard Drive,Encrypted smartphone,Law enforcement
EVID_05849,Mobile Phone,Suspect laptop,Internal audit
EVID_05850,Cloud Storage,Malware traces,Internal audit
EVID_05851,Account Records,Encrypted smartphone,Cloud provider
EVID_05852,Laptop Image,Suspect laptop,Internal audit
EVID_05853,Server Image,Encrypted smartphone,Cloud provider
EVID_05854,Hard Drive,Suspect laptop,IT department
EVID_05855,Account Records,Deleted files recovery,Law enforcement
EVID_05856,Hard Drive,Malware traces,Office search
EVID_05857,Laptop Image,Financial records,Cloud provider
EVID_05858,Database Dump,Forged documents,Cloud provider
EVID_05859,Email Logs,Bank transaction logs,Office search
EVID_05860,Server Image,External USB,Office search
EVID_05861,Server Image,Unauthorized access logs,Financial institution
EVID_05862,Account Records,Suspect laptop,Law enforcement
EVID_05863,Email Logs,Malware traces,Cloud provider
EVID_05864,Email Logs,Financial records,Cloud provider
EVID_05865,Laptop Image,Forged documents,Cloud provider
EVID_05866,Email Logs,Unauthorized access logs,Personal device
EVID_05867,Mobile Phone,Suspicious email chain,Law enforcement
EVID_05868,Cloud Storage,Financial records,IT department
EVID_05869,Server Image,Suspicious email chain,Internal audit
EVID_05870,Mobile Phone,Financial records,Internal audit
EVID_05871,Laptop Image,Suspicious email chain,Internal audit
EVID_05872,Cloud Storage,Unauthorized access logs,IT department
EVID_05873,Mobile Phone,Deleted files recovery,Personal device
EVID_05874,USB Device,External USB,Internal audit
EVID_05875,Laptop Image,Malware traces,Corporate network
EVID_05876,Laptop Image,Malware traces,Internal audit
EVID_05877,Hard Drive,Bank transaction logs,Law enforcement
EVID_05878,Server Image,External USB,Law enforcement
EVID_05879,USB Device,Suspicious email chain,Law enforcement
EVID_05880,USB Device,Unauthorized access logs,IT department
EVID_05881,Network Logs,Malware traces,IT department
EVID_05882,Server Image,Deleted files recovery,Internal audit
EVID_05883,Email Logs,Bank transaction logs,IT department
EVID_05884,Server Image,Encrypted smartphone,IT department
EVID_05885,Server Image,Bank transaction logs,Personal device
EVID_05886,Mobile Phone,Suspect laptop,Office search
EVID_05887,Database Dump,Financial records,Corporate network
EVID_05888,Server Image,Bank transaction logs,IT department
EVID_05889,Network Logs,Suspicious email chain,Internal audit
EVID_05890,USB Device,Deleted files recovery,Law enforcement
EVID_05891,Account Records,Suspect laptop,Financial institution
EVID_05892,Hard Drive,Malware traces,Office search
EVID_05893,Account Records,Deleted files recovery,IT department
EVID_05894,Network Logs,Malware traces,Corporate network
EVID_05895,Laptop Image,Malware traces,Cloud provider
EVID_05896,Account Records,Bank transaction logs,Personal device
EVID_05897,Cloud Storage,Bank transaction logs,Internal audit
EVID_05898,Mobile Phone,Bank transaction logs,Personal device
EVID_05899,Database Dump,Unauthorized access logs,Internal audit
EVID_05900,Server Image,Bank transaction logs,Personal device
EVID_05901,Server Image,Encrypted smartphone,Corporate network
EVID_05902,Email Logs,Financial records,Financial institution
EVID_05903,Server Image,Suspicious email chain,IT department
EVID_05904,Account Records,Financial records,Cloud provider
EVID_05905,Network Logs,Bank transaction logs,Personal device
EVID_05906,Laptop Image,Bank transaction logs,Corporate network
EVID_05907,Laptop Image,Suspicious email chain,Personal device
EVID_05908,Network Logs,Deleted files recovery,Law enforcement
EVID_05909,Network Logs,Suspect laptop,IT department
EVID_05910,Laptop Image,Financial records,Internal audit
EVID_05911,USB Device,Suspicious email chain,Cloud provider
EVID_05912,Mobile Phone,Deleted files recovery,Internal audit
EVID_05913,USB Device,Deleted files recovery,Financial institution
EVID_05914,Hard Drive,External USB,Financial institution
EVID_05915,Database Dump,Forged documents,Internal audit
EVID_05916,Laptop Image,Bank transaction logs,IT department
EVID_05917,USB Device,Encrypted smartphone,Corporate network
EVID_05918,Email Logs,Encrypted smartphone,IT department
EVID_05919,Hard Drive,External USB,Cloud provider
EVID_05920,Server Image,Unauthorized access logs,Cloud provider
EVID_05921,Network Logs,Bank transaction logs,Cloud provider
EVID_05922,Mobile Phone,Encrypted smartphone,Internal audit
EVID_05923,Database Dump,Suspect laptop,Cloud provider
EVID_05924,Email Logs,Malware traces,Corporate network
EVID_05925,Database Dump,Unauthorized access logs,Law enforcement
EVID_05926,Network Logs,Encrypted smartphone,Financial institution
EVID_05927,Server Image,Bank transaction logs,IT department
EVID_05928,Server Image,Financial records,Corporate network
EVID_05929,USB Device,Forged documents,Office search
EVID_05930,Account Records,Suspect laptop,Financial institution
EVID_05931,Email Logs,Malware traces,Cloud provider
EVID_05932,Hard Drive,Malware traces,IT department
EVID_05933,Network Logs,Unauthorized access logs,Law enforcement
EVID_05934,Network Logs,Forged documents,Law enforcement
EVID_05935,Account Records,Suspect laptop,Personal device
EVID_05936,USB Device,Deleted files recovery,Cloud provider
EVID_05937,Account Records,Malware traces,Personal device
EVID_05938,Server Image,External USB,Personal device
EVID_05939,Database Dump,External USB,IT department
EVID_05940,Hard Drive,Deleted files recovery,IT department
EVID_05941,Database Dump,Unauthorized access logs,Personal device
EVID_05942,Email Logs,Forged documents,Financial institution
EVID_05943,Hard Drive,Unauthorized access logs,Law enforcement
EVID_05944,USB Device,External USB,Cloud provider
EVID_05945,Laptop Image,Suspect laptop,IT department
EVID_05946,Network Logs,Bank transaction logs,Internal audit
EVID_05947,Mobile Phone,Forged documents,Internal audit
EVID_05948,Mobile Phone,Bank transaction logs,Law enforcement
EVID_05949,Server Image,Suspect laptop,IT department
EVID_05950,Mobile Phone,External USB,Internal audit
EVID_05951,Mobile Phone,Encrypted smartphone,Law enforcement
EVID_05952,Mobile Phone,Deleted files recovery,Financial institution
EVID_05953,Database Dump,Unauthorized access logs,Cloud provider
EVID_05954,USB Device,Encrypted smartphone,Internal audit
EVID_05955,Cloud Storage,Financial records,IT department
EVID_05956,Mobile Phone,Financial records,Financial institution
EVID_05957,Server Image,Bank transaction logs,Personal device
EVID_05958,Cloud Storage,Unauthorized access logs,Law enforcement
EVID_05959,Laptop Image,Suspect laptop,Financial institution
EVID_05960,Database Dump,Unauthorized access logs,Cloud provider
EVID_05961,USB Device,Bank transaction logs,Financial institution
EVID_05962,Cloud Storage,Malware traces,Office search
EVID_05963,Server Image,Encrypted smartphone,IT department
EVID_05964,Laptop Image,Deleted files recovery,Personal device
EVID_05965,Database Dump,Suspect laptop,Personal device
EVID_05966,Laptop Image,Financial records,Cloud provider
EVID_05967,USB Device,Encrypted smartphone,Financial institution
EVID_05968,USB Device,Encrypted smartphone,Office search
EVID_05969,USB Device,Encrypted smartphone,Personal device
EVID_05970,Account Records,Suspicious email chain,Personal device
EVID_05971,Mobile Phone,External USB,IT department
EVID_05972,Account Records,Forged documents,IT department
EVID_05973,Hard Drive,Suspect laptop,Corporate network
EVID_05974,Network Logs,Forged documents,Financial institution
EVID_05975,Server Image,Financial records,Office search
EVID_05976,Network Logs,Forged documents,Personal device
EVID_05977,Account Records,Financial records,Cloud provider
EVID_05978,USB Device,Encrypted smartphone,Internal audit
EVID_05979,Cloud Storage,Bank transaction logs,Cloud provider
EVID_05980,Hard Drive,Bank transaction logs,Financial institution
EVID_05981,USB Device,Deleted files recovery,Cloud provider
EVID_05982,Mobile Phone,Deleted files recovery,Office search
EVID_05983,Hard Drive,Financial records,IT department
EVID_05984,Server Image,Financial records,Cloud provider
EVID_05985,Cloud Storage,Forged documents,Personal device
EVID_05986,Account Records,Bank transaction logs,Internal audit
EVID_05987,Hard Drive,Bank transaction logs,Office search
EVID_05988,Email Logs,Suspicious email chain,Financial institution
EVID_05989,USB Device,Suspect laptop,IT department
EVID_05990,Account Records,Financial records,Internal audit
EVID_05991,USB Device,Suspect laptop,Law enforcement
EVID_05992,Cloud Storage,Financial records,Law enforcement
EVID_05993,Hard Drive,Suspect laptop,Financial institution
EVID_05994,USB Device,External USB,Office search
EVID_05995,Server Image,Financial records,Internal audit
EVID_05996,Mobile Phone,Unauthorized access logs,Office search
EVID_05997,Hard Drive,Suspect laptop,Cloud provider
EVID_05998,Network Logs,Suspect laptop,Law enforcement
EVID_05999,Hard Drive,External USB,Personal device
EVID_06000,Network Logs,Forged documents,Corporate network
EVID_06001,Hard Drive,Bank transaction logs,Personal device
EVID_06002,Mobile Phone,Encrypted smartphone,Financial institution
EVID_06003,Mobile Phone,External USB,Law enforcement
EVID_06004,USB Device,Deleted files recovery,Cloud provider
EVID_06005,USB Device,Unauthorized access logs,Personal device
EVID_06006,USB Device,Financial records,IT department
EVID_06007,Database Dump,Bank transaction logs,Personal device
EVID_06008,Cloud Storage,Encrypted smartphone,Cloud provider
EVID_06009,Email Logs,Suspect laptop,Law enforcement
EVID_06010,Network Logs,Deleted files recovery,Corporate network
EVID_06011,Database Dump,Financial records,Internal audit
EVID_06012,Laptop Image,Unauthorized access logs,Internal audit
EVID_06013,Email Logs,Financial records,Internal audit
EVID_06014,Network Logs,Bank transaction logs,Law enforcement
EVID_06015,Account Records,Forged documents,Personal device
EVID_06016,Cloud Storage,Suspect laptop,Financial institution
EVID_06017,Server Image,Malware traces,Financial institution
EVID_06018,USB Device,Forged documents,Personal device
EVID_06019,Laptop Image,Deleted files recovery,IT department
EVID_06020,Server Image,Unauthorized access logs,Financial institution
EVID_06021,Laptop Image,Unauthorized access logs,Financial institution
EVID_06022,Laptop Image,Bank transaction logs,Personal device
EVID_06023,Network Logs,External USB,Internal audit
EVID_06024,Laptop Image,Suspicious email chain,Office search
EVID_06025,Hard Drive,Suspicious email chain,Law enforcement
EVID_06026,USB Device,Unauthorized access logs,Cloud provider
EVID_06027,Database Dump,Forged documents,Financial institution
EVID_06028,Laptop Image,Financial records,Cloud provider
EVID_06029,Network Logs,Deleted files recovery,Financial institution
EVID_06030,Hard Drive,Suspicious email chain,Law enforcement
EVID_06031,USB Device,Encrypted smartphone,Office search
EVID_06032,Email Logs,Encrypted smartphone,Personal device
EVID_06033,Account Records,Forged documents,Cloud provider
EVID_06034,Email Logs,Encrypted smartphone,Office search
EVID_06035,Hard Drive,Unauthorized access logs,Personal device
EVID_06036,Network Logs,Financial records,Office search
EVID_06037,Network Logs,Deleted files recovery,Law enforcement
EVID_06038,Email Logs,Malware traces,Financial institution
EVID_06039,Hard Drive,Suspicious email chain,Corporate network
EVID_06040,Account Records,Suspicious email chain,Internal audit
EVID_06041,Cloud Storage,Financial records,Corporate network
EVID_06042,USB Device,Suspicious email chain,Corporate network
EVID_06043,Database Dump,Deleted files recovery,Financial institution
EVID_06044,Email Logs,Deleted files recovery,Office search
EVID_06045,Account Records,Bank transaction logs,Internal audit
EVID_06046,Mobile Phone,Financial records,Financial institution
EVID_06047,Network Logs,Forged documents,Cloud provider
EVID_06048,Hard Drive,Forged documents,Cloud provider
EVID_06049,USB Device,Unauthorized access logs,Corporate network
EVID_06050,Email Logs,Suspicious email chain,Office search
EVID_06051,Mobile Phone,Suspicious email chain,Cloud provider
EVID_06052,Account Records,Malware traces,Corporate network
EVID_06053,Email Logs,Suspicious email chain,Financial institution
EVID_06054,Laptop Image,Suspicious email chain,Cloud provider
EVID_06055,Laptop Image,Malware traces,Financial institution
EVID_06056,USB Device,Unauthorized access logs,Corporate network
EVID_06057,USB Device,Bank transaction logs,Office search
EVID_06058,Cloud Storage,Suspect laptop,Corporate network
EVID_06059,Hard Drive,Encrypted smartphone,Law enforcement
EVID_06060,Database Dump,Encrypted smartphone,IT department
EVID_06061,Mobile Phone,Suspicious email chain,IT department
EVID_06062,Cloud Storage,Bank transaction logs,Office search
EVID_06063,Database Dump,Financial records,Office search
EVID_06064,Network Logs,Encrypted smartphone,Cloud provider
EVID_06065,Mobile Phone,Suspicious email chain,Personal device
EVID_06066,Hard Drive,Unauthorized access logs,IT department
EVID_06067,Laptop Image,Deleted files recovery,Financial institution
EVID_06068,Hard Drive,Financial records,Internal audit
EVID_06069,Mobile Phone,Suspicious email chain,Internal audit
EVID_06070,Hard Drive,Financial records,Office search
EVID_06071,Database Dump,Bank transaction logs,Corporate network
EVID_06072,Network Logs,Unauthorized access logs,Internal audit
EVID_06073,Mobile Phone,Deleted files recovery,Law enforcement
EVID_06074,USB Device,External USB,Office search
EVID_06075,Mobile Phone,Malware traces,IT department
EVID_06076,USB Device,Suspicious email chain,Cloud provider
EVID_06077,Cloud Storage,Bank transaction logs,Office search
EVID_06078,USB Device,Encrypted smartphone,IT department
EVID_06079,Email Logs,Financial records,Law enforcement
EVID_06080,USB Device,Deleted files recovery,Personal device
EVID_06081,USB Device,Unauthorized access logs,Internal audit
EVID_06082,Network Logs,Malware traces,Office search
EVID_06083,Network Logs,Unauthorized access logs,Financial institution
EVID_06084,Laptop Image,Malware traces,IT department
EVID_06085,Cloud Storage,Encrypted smartphone,Office search
EVID_06086,Hard Drive,Suspect laptop,Internal audit
EVID_06087,Email Logs,Suspicious email chain,Personal device
EVID_06088,Laptop Image,Suspect laptop,Cloud provider
EVID_06089,Database Dump,Suspect laptop,Internal audit
EVID_06090,Server Image,Deleted files recovery,Internal audit
EVID_06091,Mobile Phone,Bank transaction logs,Personal device
EVID_06092,Server Image,Bank transaction logs,Financial institution
EVID_06093,Email Logs,Deleted files recovery,Corporate network
EVID_06094,Network Logs,Bank transaction logs,Corporate network
EVID_06095,Email Logs,Bank transaction logs,Internal audit
EVID_06096,Network Logs,External USB,Financial institution
EVID_06097,Email Logs,Forged documents,Internal audit
EVID_06098,Database Dump,Malware traces,Financial institution
EVID_06099,Email Logs,Malware traces,Corporate network
EVID_06100,Mobile Phone,Financial records,Cloud provider
EVID_06101,Mobile Phone,Forged documents,Personal device
EVID_06102,Mobile Phone,Deleted files recovery,Financial institution
EVID_06103,Hard Drive,External USB,Financial institution
EVID_06104,Network Logs,Deleted files recovery,Internal audit
EVID_06105,USB Device,External USB,IT department
EVID_06106,Email Logs,Bank transaction logs,Personal device
EVID_06107,Network Logs,Malware traces,Personal device
EVID_06108,Mobile Phone,Deleted files recovery,Corporate network
EVID_06109,Network Logs,Deleted files recovery,Law enforcement
EVID_06110,Server Image,Financial records,Internal audit
EVID_06111,Hard Drive,Malware traces,Office search
EVID_06112,Hard Drive,Suspect laptop,Cloud provider
EVID_06113,Email Logs,Bank transaction logs,IT department
EVID_06114,Laptop Image,Financial records,Financial institution
EVID_06115,Server Image,External USB,Personal device
EVID_06116,Network Logs,Financial records,Internal audit
EVID_06117,Server Image,Unauthorized access logs,Office search
EVID_06118,USB Device,Suspect laptop,Personal device
EVID_06119,Network Logs,Suspect laptop,Internal audit
EVID_06120,Hard Drive,Deleted files recovery,Personal device
EVID_06121,Network Logs,Forged documents,Internal audit
EVID_06122,Hard Drive,Deleted files recovery,Law enforcement
EVID_06123,Network Logs,Forged documents,Law enforcement
EVID_06124,Account Records,External USB,Law enforcement
EVID_06125,Mobile Phone,Bank transaction logs,Office search
EVID_06126,Server Image,Bank transaction logs,IT department
EVID_06127,Email Logs,Encrypted smartphone,Office search
EVID_06128,Hard Drive,Financial records,Office search
EVID_06129,Email Logs,Unauthorized access logs,Internal audit
EVID_06130,Server Image,Suspicious email chain,Law enforcement
EVID_06131,Laptop Image,Bank transaction logs,Office search
EVID_06132,Hard Drive,Deleted files recovery,Cloud provider
EVID_06133,Network Logs,Encrypted smartphone,Financial institution
EVID_06134,Network Logs,Encrypted smartphone,Cloud provider
EVID_06135,Database Dump,Deleted files recovery,Cloud provider
EVID_06136,Account Records,Deleted files recovery,Internal audit
EVID_06137,Mobile Phone,Malware traces,Personal device
EVID_06138,Account Records,Suspect laptop,Office search
EVID_06139,USB Device,Deleted files recovery,Cloud provider
EVID_06140,Laptop Image,Suspicious email chain,IT department
EVID_06141,Cloud Storage,Suspicious email chain,Cloud provider
EVID_06142,Hard Drive,Forged documents,Personal device
EVID_06143,Cloud Storage,Malware traces,Law enforcement
EVID_06144,Hard Drive,Unauthorized access logs,Financial institution
EVID_06145,Database Dump,Forged documents,Financial institution
EVID_06146,Network Logs,External USB,IT department
EVID_06147,Cloud Storage,Deleted files recovery,Financial institution
EVID_06148,Hard Drive,Encrypted smartphone,Internal audit
EVID_06149,Hard Drive,Unauthorized access logs,Law enforcement
EVID_06150,Database Dump,External USB,Personal device
EVID_06151,Cloud Storage,Unauthorized access logs,IT department
EVID_06152,Server Image,Suspicious email chain,Financial institution
EVID_06153,Mobile Phone,Deleted files recovery,Cloud provider
EVID_06154,Mobile Phone,Deleted files recovery,Internal audit
EVID_06155,Hard Drive,Malware traces,Internal audit
EVID_06156,Account Records,Bank transaction logs,Corporate network
EVID_06157,Hard Drive,Deleted files recovery,Office search
EVID_06158,Database Dump,Deleted files recovery,Financial institution
EVID_06159,Hard Drive,Bank transaction logs,Corporate network
EVID_06160,Email Logs,Suspect laptop,Cloud provider
EVID_06161,Network Logs,External USB,Financial institution
EVID_06162,Email Logs,Bank transaction logs,Internal audit
EVID_06163,Email Logs,Deleted files recovery,Financial institution
EVID_06164,USB Device,Financial records,Cloud provider
EVID_06165,Laptop Image,Suspicious email chain,Office search
EVID_06166,Account Records,Deleted files recovery,IT department
EVID_06167,Hard Drive,Encrypted smartphone,Internal audit
EVID_06168,Laptop Image,External USB,Office search
EVID_06169,Email Logs,Suspicious email chain,Personal device
EVID_06170,Server Image,Forged documents,Cloud provider
EVID_06171,Cloud Storage,Deleted files recovery,Internal audit
EVID_06172,Hard Drive,Suspicious email chain,Personal device
EVID_06173,Laptop Image,Financial records,Office search
EVID_06174,Account Records,External USB,Corporate network
EVID_06175,Hard Drive,Forged documents,Financial institution
EVID_06176,Email Logs,Forged documents,Law enforcement
EVID_06177,Network Logs,Suspicious email chain,Law enforcement
EVID_06178,Laptop Image,Suspicious email chain,Office search
EVID_06179,Database Dump,Suspect laptop,IT department
EVID_06180,Database Dump,Encrypted smartphone,Law enforcement
EVID_06181,Account Records,Unauthorized access logs,Office search
EVID_06182,Mobile Phone,Unauthorized access logs,Cloud provider
EVID_06183,Mobile Phone,Unauthorized access logs,Financial institution
EVID_06184,Email Logs,Suspect laptop,Financial institution
EVID_06185,Account Records,Suspect laptop,Financial institution
EVID_06186,Mobile Phone,External USB,Cloud provider
EVID_06187,USB Device,Unauthorized access logs,Law enforcement
EVID_06188,Laptop Image,Financial records,Law enforcement
EVID_06189,Database Dump,Bank transaction logs,Office search
EVID_06190,Email Logs,Financial records,Personal device
EVID_06191,USB Device,Malware traces,Financial institution
EVID_06192,Server Image,Malware traces,Corporate network
EVID_06193,Email Logs,Financial records,Law enforcement
EVID_06194,USB Device,Financial records,IT department
EVID_06195,Cloud Storage,Encrypted smartphone,Internal audit
EVID_06196,Laptop Image,Bank transaction logs,Office search
EVID_06197,Mobile Phone,Forged documents,IT department
EVID_06198,Hard Drive,Forged documents,Personal device
EVID_06199,Cloud Storage,Encrypted smartphone,Personal device
EVID_06200,Hard Drive,Encrypted smartphone,Financial institution
EVID_06201,Database Dump,Deleted files recovery,Personal device
EVID_06202,Hard Drive,External USB,Law enforcement
EVID_06203,USB Device,Suspect laptop,IT department
EVID_06204,Laptop Image,Forged documents,Cloud provider
EVID_06205,Email Logs,Financial records,Personal device
EVID_06206,Network Logs,Forged documents,IT department
EVID_06207,Network Logs,Financial records,Financial institution
EVID_06208,Email Logs,Unauthorized access logs,Office search
EVID_06209,Hard Drive,External USB,Office search
EVID_06210,USB Device,Malware traces,IT department
EVID_06211,USB Device,Bank transaction logs,Personal device
EVID_06212,Cloud Storage,Bank transaction logs,Personal device
EVID_06213,USB Device,Malware traces,Corporate network
EVID_06214,USB Device,Suspicious email chain,Personal device
EVID_06215,Laptop Image,Suspect laptop,Financial institution
EVID_06216,Account Records,Deleted files recovery,Cloud provider
EVID_06217,Mobile Phone,Unauthorized access logs,Office search
EVID_06218,USB Device,Suspect laptop,Corporate network
EVID_06219,USB Device,Suspect laptop,Personal device
EVID_06220,Email Logs,Deleted files recovery,Corporate network
EVID_06221,Email Logs,Unauthorized access logs,Internal audit
EVID_06222,Hard Drive,Suspect laptop,Office search
EVID_06223,Database Dump,Bank transaction logs,Financial institution
EVID_06224,Laptop Image,Financial records,Financial institution
EVID_06225,Network Logs,Deleted files recovery,Law enforcement
EVID_06226,Account Records,Forged documents,Cloud provider
EVID_06227,Mobile Phone,Forged documents,Corporate network
EVID_06228,Database Dump,External USB,IT department
EVID_06229,Account Records,Unauthorized access logs,Cloud provider
EVID_06230,Cloud Storage,External USB,IT department
EVID_06231,Hard Drive,Bank transaction logs,Personal device
EVID_06232,Network Logs,Malware traces,Financial institution
EVID_06233,Hard Drive,External USB,Cloud provider
EVID_06234,Account Records,Forged documents,Personal device
EVID_06235,Network Logs,Forged documents,Corporate network
EVID_06236,Database Dump,Unauthorized access logs,Cloud provider
EVID_06237,Cloud Storage,Unauthorized access logs,Internal audit
EVID_06238,Database Dump,Financial records,Cloud provider
EVID_06239,USB Device,Malware traces,Internal audit
EVID_06240,Network Logs,Forged documents,Personal device
EVID_06241,Email Logs,Suspect laptop,Internal audit
EVID_06242,USB Device,Malware traces,Law enforcement
EVID_06243,Cloud Storage,External USB,Law enforcement
EVID_06244,Database Dump,Deleted files recovery,Office search
EVID_06245,Cloud Storage,External USB,Cloud provider
EVID_06246,Cloud Storage,Unauthorized access logs,Office search
EVID_06247,Server Image,Suspect laptop,Internal audit
EVID_06248,Network Logs,Bank transaction logs,Internal audit
EVID_06249,USB Device,Deleted files recovery,Law enforcement
EVID_06250,Server Image,Encrypted smartphone,Office search
EVID_06251,Hard Drive,External USB,Office search
EVID_06252,Hard Drive,Bank transaction logs,Internal audit
EVID_06253,Email Logs,Financial records,Cloud provider
EVID_06254,Database Dump,External USB,Personal device
EVID_06255,Laptop Image,Malware traces,Cloud provider
EVID_06256,Mobile Phone,Malware traces,Internal audit
EVID_06257,USB Device,Suspect laptop,Financial institution
EVID_06258,Hard Drive,Bank transaction logs,IT department
EVID_06259,Laptop Image,External USB,Law enforcement
EVID_06260,Database Dump,Unauthorized access logs,Law enforcement
EVID_06261,Mobile Phone,Malware traces,IT department
EVID_06262,Laptop Image,Suspect laptop,Cloud provider
EVID_06263,Mobile Phone,Suspicious email chain,Law enforcement
EVID_06264,Hard Drive,Financial records,Personal device
EVID_06265,Server Image,Suspect laptop,Personal device
EVID_06266,Email Logs,Suspect laptop,Cloud provider
EVID_06267,Database Dump,Bank transaction logs,IT department
EVID_06268,Server Image,Encrypted smartphone,Cloud provider
EVID_06269,Hard Drive,Bank transaction logs,Financial institution
EVID_06270,Cloud Storage,Unauthorized access logs,IT department
EVID_06271,Hard Drive,Deleted files recovery,Law enforcement
EVID_06272,Hard Drive,Suspicious email chain,Law enforcement
EVID_06273,USB Device,Forged documents,Personal device
EVID_06274,USB Device,Forged documents,Corporate network
EVID_06275,Cloud Storage,Suspicious email chain,Office search
EVID_06276,Network Logs,Unauthorized access logs,Cloud provider
EVID_06277,Account Records,Deleted files recovery,Cloud provider
EVID_06278,Hard Drive,Unauthorized access logs,Law enforcement
EVID_06279,Mobile Phone,Financial records,Corporate network
EVID_06280,Mobile Phone,Deleted files recovery,IT department
EVID_06281,Email Logs,Forged documents,Office search
EVID_06282,USB Device,Forged documents,Internal audit
EVID_06283,Hard Drive,Unauthorized access logs,Corporate network
EVID_06284,Network Logs,Deleted files recovery,Personal device
EVID_06285,Cloud Storage,Unauthorized access logs,Office search
EVID_06286,USB Device,Encrypted smartphone,Office search
EVID_06287,Network Logs,Suspicious email chain,Cloud provider
EVID_06288,Mobile Phone,Deleted files recovery,IT department
EVID_06289,Laptop Image,Forged documents,Office search
EVID_06290,Email Logs,Bank transaction logs,Office search
EVID_06291,Server Image,Bank transaction logs,Cloud provider
EVID_06292,Hard Drive,Forged documents,Financial institution
EVID_06293,Laptop Image,Malware traces,Internal audit
EVID_06294,Mobile Phone,Suspect laptop,Office search
EVID_06295,Email Logs,Encrypted smartphone,Corporate network
EVID_06296,Hard Drive,External USB,Cloud provider
EVID_06297,USB Device,Suspect laptop,Corporate network
EVID_06298,Hard Drive,Unauthorized access logs,Personal device
EVID_06299,USB Device,Deleted files recovery,Financial institution
EVID_06300,Database Dump,Suspect laptop,Law enforcement
EVID_06301,Laptop Image,Encrypted smartphone,Cloud provider
EVID_06302,Database Dump,External USB,Cloud provider
EVID_06303,Account Records,Unauthorized access logs,Internal audit
EVID_06304,Network Logs,Unauthorized access logs,Law enforcement
EVID_06305,Network Logs,Bank transaction logs,IT department
EVID_06306,Laptop Image,Suspicious email chain,Corporate network
EVID_06307,Laptop Image,External USB,IT department
EVID_06308,Server Image,Deleted files recovery,Personal device
EVID_06309,Database Dump,Suspect laptop,Cloud provider
EVID_06310,Database Dump,Bank transaction logs,Internal audit
EVID_06311,Mobile Phone,Bank transaction logs,Law enforcement
EVID_06312,USB Device,Forged documents,Internal audit
EVID_06313,Server Image,Deleted files recovery,Personal device
EVID_06314,Account Records,Unauthorized access logs,Cloud provider
EVID_06315,Cloud Storage,Bank transaction logs,Internal audit
EVID_06316,Laptop Image,External USB,Cloud provider
EVID_06317,USB Device,Malware traces,IT department
EVID_06318,Server Image,Suspicious email chain,Internal audit
EVID_06319,Server Image,External USB,Personal device
EVID_06320,USB Device,Bank transaction logs,Financial institution
EVID_06321,Database Dump,Malware traces,Law enforcement
EVID_06322,Mobile Phone,Forged documents,Law enforcement
EVID_06323,Mobile Phone,Unauthorized access logs,Corporate network
EVID_06324,USB Device,Suspect laptop,IT department
EVID_06325,Laptop Image,Forged documents,Office search
EVID_06326,Account Records,Deleted files recovery,IT department
EVID_06327,Hard Drive,Deleted files recovery,Personal device
EVID_06328,Account Records,Suspect laptop,Cloud provider
EVID_06329,Account Records,Deleted files recovery,Personal device
EVID_06330,Email Logs,Malware traces,Financial institution
EVID_06331,Email Logs,Deleted files recovery,Personal device
EVID_06332,USB Device,Suspect laptop,IT department
EVID_06333,Account Records,Forged documents,Personal device
EVID_06334,Mobile Phone,Bank transaction logs,Law enforcement
EVID_06335,Database Dump,Suspect laptop,Cloud provider
EVID_06336,Laptop Image,Malware traces,Personal device
EVID_06337,Cloud Storage,Forged documents,Cloud provider
EVID_06338,Hard Drive,Financial records,Internal audit
EVID_06339,Mobile Phone,Financial records,Cloud provider
EVID_06340,Email Logs,Encrypted smartphone,Personal device
EVID_06341,Account Records,Deleted files recovery,Financial institution
EVID_06342,Hard Drive,Financial records,Law enforcement
EVID_06343,Email Logs,Bank transaction logs,Personal device
EVID_06344,Hard Drive,Encrypted smartphone,Law enforcement
EVID_06345,Cloud Storage,Suspicious email chain,Personal device
EVID_06346,Hard Drive,Encrypted smartphone,IT department
EVID_06347,Account Records,Forged documents,Cloud provider
EVID_06348,Database Dump,Malware traces,IT department
EVID_06349,Email Logs,Suspect laptop,Financial institution
EVID_06350,Cloud Storage,Suspect laptop,Office search
EVID_06351,Account Records,Suspect laptop,Cloud provider
EVID_06352,Network Logs,External USB,Personal device
EVID_06353,Email Logs,Suspicious email chain,Personal device
EVID_06354,Cloud Storage,Forged documents,Financial institution
EVID_06355,USB Device,Malware traces,Financial institution
EVID_06356,Email Logs,Suspicious email chain,Corporate network
EVID_06357,Email Logs,Bank transaction logs,Corporate network
EVID_06358,Email Logs,Financial records,Law enforcement
EVID_06359,Mobile Phone,Financial records,Personal device
EVID_06360,Cloud Storage,Suspicious email chain,Personal device
EVID_06361,Mobile Phone,Suspect laptop,Office search
EVID_06362,Email Logs,Suspicious email chain,Office search
EVID_06363,Email Logs,Deleted files recovery,Internal audit
EVID_06364,Account Records,External USB,Cloud provider
EVID_06365,Database Dump,Encrypted smartphone,Financial institution
EVID_06366,Server Image,Forged documents,Financial institution
EVID_06367,Account Records,Encrypted smartphone,Personal device
EVID_06368,Mobile Phone,Deleted files recovery,Personal device
EVID_06369,Email Logs,Suspicious email chain,Personal device
EVID_06370,USB Device,Forged documents,Internal audit
EVID_06371,Cloud Storage,Bank transaction logs,Internal audit
EVID_06372,Network Logs,Unauthorized access logs,Financial institution
EVID_06373,Email Logs,Forged documents,Corporate network
EVID_06374,Laptop Image,Forged documents,Corporate network
EVID_06375,Network Logs,Deleted files recovery,Cloud provider
EVID_06376,Server Image,Suspect laptop,Cloud provider
EVID_06377,USB Device,Suspicious email chain,Cloud provider
EVID_06378,Mobile Phone,External USB,Law enforcement
EVID_06379,Email Logs,Financial records,Office search
EVID_06380,Network Logs,Malware traces,Internal audit
EVID_06381,Network Logs,Forged documents,Corporate network
EVID_06382,Cloud Storage,Deleted files recovery,IT department
EVID_06383,Hard Drive,Malware traces,IT department
EVID_06384,Laptop Image,Unauthorized access logs,Law enforcement
EVID_06385,Cloud Storage,Deleted files recovery,Internal audit
EVID_06386,Mobile Phone,Deleted files recovery,IT department
EVID_06387,Hard Drive,External USB,Financial institution
EVID_06388,Network Logs,Bank transaction logs,Office search
EVID_06389,Network Logs,Unauthorized access logs,Law enforcement
EVID_06390,Laptop Image,Financial records,Personal device
EVID_06391,Hard Drive,Bank transaction logs,Personal device
EVID_06392,Email Logs,External USB,Financial institution
EVID_06393,Database Dump,Forged documents,IT department
EVID_06394,Network Logs,Unauthorized access logs,IT department
EVID_06395,Cloud Storage,Bank transaction logs,Cloud provider
EVID_06396,Mobile Phone,Suspect laptop,IT department
EVID_06397,Account Records,Suspect laptop,Personal device
EVID_06398,Mobile Phone,External USB,Personal device
EVID_06399,Server Image,External USB,Financial institution
EVID_06400,USB Device,Financial records,Cloud provider
EVID_06401,Account Records,Unauthorized access logs,Personal device
EVID_06402,Cloud Storage,Deleted files recovery,Internal audit
EVID_06403,Account Records,Financial records,Corporate network
EVID_06404,Server Image,Encrypted smartphone,Internal audit
EVID_06405,Cloud Storage,Unauthorized access logs,IT department
EVID_06406,Account Records,Financial records,IT department
EVID_06407,USB Device,Suspect laptop,IT department
EVID_06408,USB Device,Suspect laptop,Personal device
EVID_06409,Laptop Image,Bank transaction logs,Corporate network
EVID_06410,Email Logs,Forged documents,Law enforcement
EVID_06411,Cloud Storage,Bank transaction logs,Corporate network
EVID_06412,Hard Drive,Malware traces,Office search
EVID_06413,Cloud Storage,Encrypted smartphone,Law enforcement
EVID_06414,Network Logs,Malware traces,Financial institution
EVID_06415,Account Records,Suspect laptop,Financial institution
EVID_06416,Database Dump,Suspect laptop,Internal audit
EVID_06417,Account Records,Financial records,Personal device
EVID_06418,Cloud Storage,Encrypted smartphone,Office search
EVID_06419,Email Logs,Deleted files recovery,Internal audit
EVID_06420,Cloud Storage,Encrypted smartphone,Cloud provider
EVID_06421,Cloud Storage,Forged documents,Law enforcement
EVID_06422,Email Logs,Forged documents,Personal device
EVID_06423,USB Device,External USB,Personal device
EVID_06424,Mobile Phone,Malware traces,Office search
EVID_06425,Account Records,Malware traces,Cloud provider
EVID_06426,Hard Drive,Bank transaction logs,Internal audit
EVID_06427,Hard Drive,Unauthorized access logs,Internal audit
EVID_06428,Hard Drive,Bank transaction logs,Financial institution
EVID_06429,Network Logs,Encrypted smartphone,Internal audit
EVID_06430,Laptop Image,External USB,Personal device
EVID_06431,Network Logs,Forged documents,Corporate network
EVID_06432,Laptop Image,External USB,Corporate network
EVID_06433,Mobile Phone,Unauthorized access logs,Cloud provider
EVID_06434,Network Logs,External USB,IT department
EVID_06435,Server Image,External USB,Cloud provider
EVID_06436,Mobile Phone,Encrypted smartphone,Personal device
EVID_06437,Server Image,Deleted files recovery,Law enforcement
EVID_06438,Laptop Image,Deleted files recovery,Cloud provider
EVID_06439,Hard Drive,Suspicious email chain,Office search
EVID_06440,Laptop Image,Malware traces,Personal device
EVID_06441,Account Records,Deleted files recovery,Personal device
EVID_06442,Email Logs,Malware traces,Financial institution
EVID_06443,USB Device,Suspect laptop,Internal audit
EVID_06444,Database Dump,Suspect laptop,Law enforcement
EVID_06445,Network Logs,Encrypted smartphone,Personal device
EVID_06446,Cloud Storage,Encrypted smartphone,Cloud provider
EVID_06447,Server Image,Unauthorized access logs,Internal audit
EVID_06448,Server Image,External USB,Office search
EVID_06449,Account Records,Suspicious email chain,Office search
EVID_06450,Hard Drive,Bank transaction logs,Cloud provider
EVID_06451,USB Device,Encrypted smartphone,IT department
EVID_06452,Server Image,Suspicious email chain,Law enforcement
EVID_06453,Server Image,Deleted files recovery,Law enforcement
EVID_06454,Cloud Storage,Suspicious email chain,Cloud provider
EVID_06455,Email Logs,Malware traces,Office search
EVID_06456,Server Image,Suspicious email chain,Personal device
EVID_06457,Laptop Image,Suspect laptop,Cloud provider
EVID_06458,Mobile Phone,Unauthorized access logs,Personal device
EVID_06459,Network Logs,Financial records,IT department
EVID_06460,Laptop Image,Unauthorized access logs,Internal audit
EVID_06461,USB Device,Suspect laptop,Office search
EVID_06462,Server Image,Financial records,IT department
EVID_06463,Network Logs,Encrypted smartphone,Cloud provider
EVID_06464,Email Logs,Forged documents,Personal device
EVID_06465,Laptop Image,Deleted files recovery,Corporate network
EVID_06466,Cloud Storage,Encrypted smartphone,Personal device
EVID_06467,Cloud Storage,Financial records,Law enforcement
EVID_06468,Account Records,Financial records,Cloud provider
EVID_06469,Hard Drive,Financial records,Financial institution
EVID_06470,Account Records,Encrypted smartphone,Cloud provider
EVID_06471,USB Device,Suspicious email chain,Cloud provider
EVID_06472,Hard Drive,External USB,Law enforcement
EVID_06473,Network Logs,Suspect laptop,Personal device
EVID_06474,Database Dump,Unauthorized access logs,Corporate network
EVID_06475,Cloud Storage,Deleted files recovery,Personal device
EVID_06476,Account Records,Suspicious email chain,Financial institution
EVID_06477,Server Image,Encrypted smartphone,IT department
EVID_06478,Hard Drive,Deleted files recovery,Law enforcement
EVID_06479,Network Logs,Deleted files recovery,Internal audit
EVID_06480,Cloud Storage,Unauthorized access logs,Corporate network
EVID_06481,Hard Drive,Suspect laptop,Personal device
EVID_06482,Email Logs,Suspect laptop,Law enforcement
EVID_06483,Cloud Storage,External USB,Office search
EVID_06484,Cloud Storage,Deleted files recovery,Corporate network
EVID_06485,Laptop Image,Forged documents,IT department
EVID_06486,Laptop Image,Deleted files recovery,Internal audit
EVID_06487,Email Logs,Encrypted smartphone,Corporate network
EVID_06488,USB Device,Unauthorized access logs,Corporate network
EVID_06489,Mobile Phone,Bank transaction logs,Financial institution
EVID_06490,Cloud Storage,Financial records,Law enforcement
EVID_06491,Database Dump,Unauthorized access logs,Financial institution
EVID_06492,Mobile Phone,Bank transaction logs,Personal device
EVID_06493,Account Records,Forged documents,Law enforcement
EVID_06494,Mobile Phone,Suspect laptop,Law enforcement
EVID_06495,Laptop Image,Suspicious email chain,Cloud provider
EVID_06496,Laptop Image,Suspicious email chain,Internal audit
EVID_06497,Network Logs,Suspect laptop,IT department
EVID_06498,Email Logs,Encrypted smartphone,Cloud provider
EVID_06499,Account Records,Suspect laptop,IT department
EVID_06500,Database Dump,Malware traces,Corporate network
EVID_06501,Laptop Image,Financial records,Office search
EVID_06502,Laptop Image,Unauthorized access logs,Internal audit
EVID_06503,Cloud Storage,Malware traces,Financial institution
EVID_06504,Mobile Phone,Financial records,Office search
EVID_06505,Laptop Image,Bank transaction logs,Internal audit
EVID_06506,Account Records,Financial records,Financial institution
EVID_06507,Email Logs,Suspect laptop,Office search
EVID_06508,Laptop Image,Forged documents,Cloud provider
EVID_06509,Email Logs,Encrypted smartphone,Cloud provider
EVID_06510,Server Image,Encrypted smartphone,Financial institution
EVID_06511,Hard Drive,External USB,Corporate network
EVID_06512,Server Image,Bank transaction logs,Corporate network
EVID_06513,Hard Drive,Forged documents,IT department
EVID_06514,Database Dump,Financial records,Internal audit
EVID_06515,Hard Drive,Suspect laptop,Financial institution
EVID_06516,Network Logs,Bank transaction logs,Office search
EVID_06517,Network Logs,Bank transaction logs,IT department
EVID_06518,Mobile Phone,Deleted files recovery,IT department
EVID_06519,USB Device,Deleted files recovery,Corporate network
EVID_06520,Email Logs,Deleted files recovery,Corporate network
EVID_06521,Cloud Storage,Deleted files recovery,Law enforcement
EVID_06522,Mobile Phone,Deleted files recovery,Corporate network
EVID_06523,Hard Drive,Malware traces,IT department
EVID_06524,Laptop Image,Financial records,Law enforcement
EVID_06525,Mobile Phone,Encrypted smartphone,Internal audit
EVID_06526,USB Device,Forged documents,IT department
EVID_06527,Server Image,External USB,Law enforcement
EVID_06528,Mobile Phone,External USB,Cloud provider
EVID_06529,Cloud Storage,Encrypted smartphone,Financial institution
EVID_06530,Cloud Storage,External USB,Personal device
EVID_06531,Database Dump,Deleted files recovery,Law enforcement
EVID_06532,Server Image,Unauthorized access logs,Cloud provider
EVID_06533,Mobile Phone,Unauthorized access logs,Personal device
EVID_06534,Network Logs,Bank transaction logs,IT department
EVID_06535,Mobile Phone,Suspicious email chain,Internal audit
EVID_06536,USB Device,Encrypted smartphone,Law enforcement
EVID_06537,Laptop Image,Deleted files recovery,Personal device
EVID_06538,Network Logs,Financial records,Law enforcement
EVID_06539,Network Logs,Suspect laptop,Law enforcement
EVID_06540,Hard Drive,Encrypted smartphone,IT department
EVID_06541,Email Logs,Deleted files recovery,Personal device
EVID_06542,Mobile Phone,Financial records,Corporate network
EVID_06543,Network Logs,Malware traces,Personal device
EVID_06544,Database Dump,Bank transaction logs,Financial institution
EVID_06545,Mobile Phone,Suspect laptop,IT department
EVID_06546,Hard Drive,Encrypted smartphone,Personal device
EVID_06547,Server Image,Unauthorized access logs,Cloud provider
EVID_06548,Account Records,External USB,Cloud provider
EVID_06549,Database Dump,External USB,Cloud provider
EVID_06550,Hard Drive,Suspect laptop,Law enforcement
EVID_06551,Server Image,Unauthorized access logs,Internal audit
EVID_06552,Database Dump,Suspicious email chain,IT department
EVID_06553,Account Records,Unauthorized access logs,Cloud provider
EVID_06554,Account Records,Suspicious email chain,Personal device
EVID_06555,Cloud Storage,Forged documents,Personal device
EVID_06556,USB Device,Suspect laptop,IT department
EVID_06557,Mobile Phone,External USB,Personal device
EVID_06558,Network Logs,Forged documents,Office search
EVID_06559,Cloud Storage,Suspect laptop,Law enforcement
EVID_06560,Mobile Phone,External USB,Financial institution
EVID_06561,Account Records,Financial records,Law enforcement
EVID_06562,USB Device,Bank transaction logs,Office search
EVID_06563,Cloud Storage,Suspicious email chain,Office search
EVID_06564,Email Logs,Encrypted smartphone,Law enforcement
EVID_06565,Server Image,Forged documents,Corporate network
EVID_06566,Server Image,External USB,IT department
EVID_06567,Mobile Phone,Unauthorized access logs,Law enforcement
EVID_06568,Network Logs,Deleted files recovery,Financial institution
EVID_06569,Mobile Phone,Suspect laptop,Office search
EVID_06570,Network Logs,Forged documents,Corporate network
EVID_06571,Hard Drive,Suspect laptop,IT department
EVID_06572,Cloud Storage,Suspect laptop,Internal audit
EVID_06573,Database Dump,External USB,IT department
EVID_06574,Network Logs,External USB,Corporate network
EVID_06575,Cloud Storage,External USB,Law enforcement
EVID_06576,Mobile Phone,Financial records,Personal device
EVID_06577,Hard Drive,Financial records,Financial institution
EVID_06578,Laptop Image,Forged documents,Corporate network
EVID_06579,Account Records,Malware traces,Corporate network
EVID_06580,Laptop Image,Deleted files recovery,Cloud provider
EVID_06581,Database Dump,Suspicious email chain,Personal device
EVID_06582,Laptop Image,Malware traces,Law enforcement
EVID_06583,Server Image,Financial records,Cloud provider
EVID_06584,Email Logs,Financial records,Corporate network
EVID_06585,Server Image,Financial records,Cloud provider
EVID_06586,Cloud Storage,Suspect laptop,Financial institution
EVID_06587,Mobile Phone,Encrypted smartphone,Office search
EVID_06588,USB Device,Financial records,Office search
EVID_06589,Mobile Phone,Suspect laptop,Law enforcement
EVID_06590,USB Device,Suspect laptop,Internal audit
EVID_06591,Email Logs,Financial records,Corporate network
EVID_06592,USB Device,External USB,Cloud provider
EVID_06593,Mobile Phone,Deleted files recovery,Personal device
EVID_06594,Network Logs,Forged documents,Law enforcement
EVID_06595,Account Records,Suspicious email chain,Law enforcement
EVID_06596,Account Records,Suspect laptop,Internal audit
EVID_06597,Network Logs,Encrypted smartphone,Corporate network
EVID_06598,Laptop Image,Bank transaction logs,Cloud provider
EVID_06599,Laptop Image,Suspicious email chain,Internal audit
EVID_06600,Laptop Image,Suspicious email chain,IT department
EVID_06601,Cloud Storage,Malware traces,Law enforcement
EVID_06602,Hard Drive,Malware traces,Personal device
EVID_06603,Hard Drive,Malware traces,IT department
EVID_06604,USB Device,Financial records,Financial institution
EVID_06605,Network Logs,Suspect laptop,Internal audit
EVID_06606,Laptop Image,Deleted files recovery,Internal audit
EVID_06607,Mobile Phone,Encrypted smartphone,IT department
EVID_06608,Laptop Image,Financial records,Corporate network
EVID_06609,Database Dump,Unauthorized access logs,Financial institution
EVID_06610,Hard Drive,Deleted files recovery,Office search
EVID_06611,Mobile Phone,Unauthorized access logs,Corporate network
EVID_06612,Cloud Storage,Forged documents,Personal device
EVID_06613,Cloud Storage,Financial records,Internal audit
EVID_06614,Laptop Image,Suspect laptop,Office search
EVID_06615,Mobile Phone,Suspicious email chain,Law enforcement
EVID_06616,Account Records,Encrypted smartphone,Personal device
EVID_06617,Network Logs,Malware traces,IT department
EVID_06618,Hard Drive,Forged documents,Office search
EVID_06619,Email Logs,Forged documents,Financial institution
EVID_06620,Server Image,Unauthorized access logs,Law enforcement
EVID_06621,Account Records,Financial records,Cloud provider
EVID_06622,Mobile Phone,Forged documents,Financial institution
EVID_06623,Mobile Phone,Bank transaction logs,Cloud provider
EVID_06624,Database Dump,Financial records,Office search
EVID_06625,USB Device,Suspicious email chain,Internal audit
EVID_06626,USB Device,Unauthorized access logs,Personal device
EVID_06627,Server Image,Financial records,Office search
EVID_06628,Cloud Storage,Forged documents,Law enforcement
EVID_06629,Hard Drive,Suspect laptop,Office search
EVID_06630,Laptop Image,Malware traces,Cloud provider
EVID_06631,Network Logs,Suspicious email chain,Internal audit
EVID_06632,Server Image,Malware traces,Office search
EVID_06633,Account Records,Unauthorized access logs,Personal device
EVID_06634,Database Dump,Deleted files recovery,Financial institution
EVID_06635,USB Device,Encrypted smartphone,Personal device
EVID_06636,Laptop Image,Deleted files recovery,Corporate network
EVID_06637,Mobile Phone,Bank transaction logs,Law enforcement
EVID_06638,Account Records,Financial records,IT department
EVID_06639,Email Logs,Financial records,Personal device
EVID_06640,Hard Drive,Suspicious email chain,Personal device
EVID_06641,Email Logs,Suspicious email chain,Corporate network
EVID_06642,Server Image,External USB,Personal device
EVID_06643,Network Logs,External USB,IT department
EVID_06644,USB Device,Suspect laptop,Internal audit
EVID_06645,Account Records,Encrypted smartphone,Law enforcement
EVID_06646,Cloud Storage,Deleted files recovery,Personal device
EVID_06647,Database Dump,Financial records,Internal audit
EVID_06648,Network Logs,Encrypted smartphone,Law enforcement
EVID_06649,Server Image,Bank transaction logs,Financial institution
EVID_06650,Hard Drive,Deleted files recovery,Personal device
EVID_06651,USB Device,Financial records,Internal audit
EVID_06652,Server Image,Encrypted smartphone,Personal device
EVID_06653,Cloud Storage,External USB,Internal audit
EVID_06654,Laptop Image,Suspicious email chain,Personal device
EVID_06655,Database Dump,Bank transaction logs,Law enforcement
EVID_06656,Database Dump,Forged documents,Financial institution
EVID_06657,Hard Drive,Suspicious email chain,Internal audit
EVID_06658,USB Device,Deleted files recovery,Cloud provider
EVID_06659,Hard Drive,Bank transaction logs,Financial institution
EVID_06660,Database Dump,Unauthorized access logs,Office search
EVID_06661,Email Logs,Unauthorized access logs,Financial institution
EVID_06662,Cloud Storage,Bank transaction logs,Personal device
EVID_06663,Network Logs,Malware traces,IT department
EVID_06664,Email Logs,Suspect laptop,Financial institution
EVID_06665,Network Logs,Encrypted smartphone,Office search
EVID_06666,Database Dump,Suspicious email chain,IT department
EVID_06667,Email Logs,Suspicious email chain,Cloud provider
EVID_06668,Mobile Phone,Malware traces,Law enforcement
EVID_06669,Network Logs,Forged documents,Personal device
EVID_06670,Account Records,Bank transaction logs,Internal audit
EVID_06671,Laptop Image,Bank transaction logs,Cloud provider
EVID_06672,Server Image,External USB,Personal device
EVID_06673,Account Records,Encrypted smartphone,Internal audit
EVID_06674,Server Image,Deleted files recovery,IT department
EVID_06675,Account Records,Suspect laptop,Internal audit
EVID_06676,Network Logs,Encrypted smartphone,Personal device
EVID_06677,Network Logs,Deleted files recovery,Internal audit
EVID_06678,Database Dump,External USB,Corporate network
EVID_06679,USB Device,Malware traces,IT department
EVID_06680,Email Logs,External USB,IT department
EVID_06681,Cloud Storage,Deleted files recovery,IT department
EVID_06682,USB Device,Suspicious email chain,Cloud provider
EVID_06683,USB Device,Forged documents,Personal device
EVID_06684,Email Logs,Bank transaction logs,IT department
EVID_06685,Email Logs,Financial records,Corporate network
EVID_06686,Account Records,Encrypted smartphone,Financial institution
EVID_06687,Cloud Storage,Suspect laptop,Cloud provider
EVID_06688,Account Records,Encrypted smartphone,Financial institution
EVID_06689,Account Records,Financial records,Office search
EVID_06690,Database Dump,Encrypted smartphone,Corporate network
EVID_06691,Email Logs,Malware traces,IT department
EVID_06692,Server Image,Malware traces,Personal device
EVID_06693,Account Records,Bank transaction logs,Personal device
EVID_06694,Database Dump,Suspect laptop,Law enforcement
EVID_06695,Network Logs,Malware traces,Law enforcement
EVID_06696,Hard Drive,Financial records,Financial institution
EVID_06697,Hard Drive,Encrypted smartphone,Financial institution
EVID_06698,Laptop Image,Financial records,Financial institution
EVID_06699,Cloud Storage,Financial records,Law enforcement
EVID_06700,Account Records,Encrypted smartphone,Corporate network
EVID_06701,Cloud Storage,Financial records,Personal device
EVID_06702,Laptop Image,Malware traces,Financial institution
EVID_06703,Server Image,Bank transaction logs,Corporate network
EVID_06704,USB Device,Encrypted smartphone,IT department
EVID_06705,Laptop Image,Malware traces,Law enforcement
EVID_06706,Cloud Storage,External USB,IT department
EVID_06707,Network Logs,Unauthorized access logs,Law enforcement
EVID_06708,Network Logs,Unauthorized access logs,Office search
EVID_06709,Hard Drive,Malware traces,Financial institution
EVID_06710,Account Records,Forged documents,IT department
EVID_06711,Account Records,Financial records,IT department
EVID_06712,Hard Drive,Unauthorized access logs,Financial institution
EVID_06713,Server Image,Deleted files recovery,Corporate network
EVID_06714,Mobile Phone,Forged documents,Financial institution
EVID_06715,Laptop Image,Malware traces,Corporate network
EVID_06716,Hard Drive,Financial records,Cloud provider
EVID_06717,Email Logs,Suspicious email chain,Financial institution
EVID_06718,Cloud Storage,Suspect laptop,Financial institution
EVID_06719,Cloud Storage,External USB,Personal device
EVID_06720,Server Image,Financial records,Financial institution
EVID_06721,Laptop Image,External USB,Financial institution
EVID_06722,Cloud Storage,Suspicious email chain,Corporate network
EVID_06723,Cloud Storage,Encrypted smartphone,Internal audit
EVID_06724,Server Image,Encrypted smartphone,Corporate network
EVID_06725,Laptop Image,External USB,Law enforcement
EVID_06726,Laptop Image,Malware traces,Personal device
EVID_06727,Hard Drive,Unauthorized access logs,Corporate network
EVID_06728,Cloud Storage,Encrypted smartphone,IT department
EVID_06729,Network Logs,Forged documents,Internal audit
EVID_06730,Hard Drive,Suspicious email chain,IT department
EVID_06731,Hard Drive,Malware traces,Cloud provider
EVID_06732,Cloud Storage,Suspect laptop,Corporate network
EVID_06733,Email Logs,External USB,Law enforcement
EVID_06734,Hard Drive,Forged documents,Law enforcement
EVID_06735,Hard Drive,Bank transaction logs,Corporate network
EVID_06736,Hard Drive,Suspicious email chain,Cloud provider
EVID_06737,Server Image,Suspicious email chain,Cloud provider
EVID_06738,Account Records,Forged documents,Internal audit
EVID_06739,Database Dump,Financial records,Personal device
EVID_06740,USB Device,Suspect laptop,Cloud provider
EVID_06741,Email Logs,Deleted files recovery,Internal audit
EVID_06742,Server Image,Financial records,IT department
EVID_06743,Laptop Image,Unauthorized access logs,Office search
EVID_06744,Laptop Image,Bank transaction logs,Corporate network
EVID_06745,Cloud Storage,Deleted files recovery,Financial institution
EVID_06746,Hard Drive,Encrypted smartphone,IT department
EVID_06747,Email Logs,Malware traces,Financial institution
EVID_06748,Account Records,Encrypted smartphone,Personal device
EVID_06749,Cloud Storage,External USB,Corporate network
EVID_06750,Cloud Storage,External USB,Personal device
EVID_06751,Network Logs,Forged documents,Law enforcement
EVID_06752,Cloud Storage,Suspect laptop,Corporate network
EVID_06753,Hard Drive,Forged documents,Law enforcement
EVID_06754,Cloud Storage,External USB,Cloud provider
EVID_06755,Email Logs,Deleted files recovery,Personal device
EVID_06756,Network Logs,Malware traces,Cloud provider
EVID_06757,Database Dump,Suspect laptop,Law enforcement
EVID_06758,Email Logs,Suspect laptop,Cloud provider
EVID_06759,Network Logs,Suspect laptop,Office search
EVID_06760,Email Logs,Deleted files recovery,Corporate network
EVID_06761,Database Dump,External USB,Office search
EVID_06762,Mobile Phone,Deleted files recovery,Office search
EVID_06763,Account Records,External USB,Personal device
EVID_06764,Mobile Phone,Suspect laptop,Internal audit
EVID_06765,Cloud Storage,Encrypted smartphone,IT department
EVID_06766,Database Dump,Forged documents,Corporate network
EVID_06767,Network Logs,Financial records,IT department
EVID_06768,Database Dump,Unauthorized access logs,Internal audit
EVID_06769,Cloud Storage,Deleted files recovery,Office search
EVID_06770,Hard Drive,Unauthorized access logs,Cloud provider
EVID_06771,Email Logs,Encrypted smartphone,Personal device
EVID_06772,Email Logs,Forged documents,IT department
EVID_06773,Account Records,Financial records,Personal device
EVID_06774,Network Logs,Unauthorized access logs,Personal device
EVID_06775,Email Logs,Deleted files recovery,Internal audit
EVID_06776,Email Logs,Bank transaction logs,Personal device
EVID_06777,USB Device,Bank transaction logs,Office search
EVID_06778,Database Dump,Suspicious email chain,Office search
EVID_06779,Cloud Storage,Suspect laptop,Financial institution
EVID_06780,Email Logs,External USB,Corporate network
EVID_06781,Account Records,External USB,Office search
EVID_06782,Mobile Phone,Forged documents,Office search
EVID_06783,Network Logs,Unauthorized access logs,Corporate network
EVID_06784,Hard Drive,Suspicious email chain,Internal audit
EVID_06785,USB Device,Financial records,Cloud provider
EVID_06786,Email Logs,Forged documents,Financial institution
EVID_06787,Cloud Storage,Financial records,Corporate network
EVID_06788,Hard Drive,Deleted files recovery,Law enforcement
EVID_06789,USB Device,Encrypted smartphone,Personal device
EVID_06790,Hard Drive,Unauthorized access logs,Law enforcement
EVID_06791,Hard Drive,Deleted files recovery,IT department
EVID_06792,USB Device,Financial records,Cloud provider
EVID_06793,Email Logs,Bank transaction logs,Law enforcement
EVID_06794,Email Logs,Encrypted smartphone,IT department
EVID_06795,Network Logs,Unauthorized access logs,Financial institution
EVID_06796,Account Records,External USB,Cloud provider
EVID_06797,Network Logs,Deleted files recovery,IT department
EVID_06798,Database Dump,Suspect laptop,IT department
EVID_06799,Laptop Image,Forged documents,IT department
EVID_06800,Cloud Storage,Suspicious email chain,Personal device
EVID_06801,Account Records,Suspicious email chain,Corporate network
EVID_06802,Hard Drive,Suspect laptop,Internal audit
EVID_06803,Hard Drive,Deleted files recovery,Financial institution
EVID_06804,Server Image,Forged documents,Law enforcement
EVID_06805,Network Logs,Forged documents,Corporate network
EVID_06806,Network Logs,Suspect laptop,Office search
EVID_06807,Server Image,Suspicious email chain,Office search
EVID_06808,Laptop Image,Suspicious email chain,Office search
EVID_06809,Network Logs,Unauthorized access logs,Personal device
EVID_06810,Database Dump,Unauthorized access logs,Internal audit
EVID_06811,Hard Drive,Forged documents,Corporate network
EVID_06812,Database Dump,Suspect laptop,Office search
EVID_06813,Mobile Phone,External USB,Cloud provider
EVID_06814,Hard Drive,External USB,Corporate network
EVID_06815,Email Logs,Unauthorized access logs,Financial institution
EVID_06816,Database Dump,Financial records,Office search
EVID_06817,Network Logs,Unauthorized access logs,Cloud provider
EVID_06818,Account Records,Encrypted smartphone,Cloud provider
EVID_06819,Database Dump,Financial records,Personal device
EVID_06820,Server Image,Unauthorized access logs,Internal audit
EVID_06821,Cloud Storage,Suspect laptop,Internal audit
EVID_06822,Account Records,Unauthorized access logs,IT department
EVID_06823,USB Device,Bank transaction logs,Internal audit
EVID_06824,Database Dump,Suspicious email chain,Internal audit
EVID_06825,Mobile Phone,Encrypted smartphone,Office search
EVID_06826,Network Logs,Forged documents,Financial institution
EVID_06827,Account Records,Bank transaction logs,Personal device
EVID_06828,Laptop Image,Deleted files recovery,Office search
EVID_06829,Network Logs,Deleted files recovery,Financial institution
EVID_06830,Database Dump,Forged documents,Cloud provider
EVID_06831,USB Device,Deleted files recovery,Cloud provider
EVID_06832,Cloud Storage,Malware traces,Internal audit
EVID_06833,USB Device,Bank transaction logs,Corporate network
EVID_06834,Hard Drive,Financial records,Corporate network
EVID_06835,Laptop Image,Deleted files recovery,Cloud provider
EVID_06836,Hard Drive,Encrypted smartphone,Internal audit
EVID_06837,Laptop Image,Financial records,Law enforcement
EVID_06838,Account Records,Bank transaction logs,Personal device
EVID_06839,Mobile Phone,Forged documents,Corporate network
EVID_06840,USB Device,Bank transaction logs,Personal device
EVID_06841,Account Records,Encrypted smartphone,Personal device
EVID_06842,Server Image,Suspect laptop,Internal audit
EVID_06843,Network Logs,Encrypted smartphone,Internal audit
EVID_06844,Laptop Image,External USB,Personal device
EVID_06845,Network Logs,Malware traces,Law enforcement
EVID_06846,Mobile Phone,Malware traces,Law enforcement
EVID_06847,USB Device,Bank transaction logs,Office search
EVID_06848,Cloud Storage,Malware traces,Personal device
EVID_06849,Cloud Storage,Suspicious email chain,Personal device
EVID_06850,Email Logs,Suspicious email chain,Office search
EVID_06851,Laptop Image,Suspect laptop,Cloud provider
EVID_06852,Mobile Phone,Deleted files recovery,Corporate network
EVID_06853,Account Records,Deleted files recovery,IT department
EVID_06854,Email Logs,External USB,Corporate network
EVID_06855,Email Logs,Suspect laptop,IT department
EVID_06856,Network Logs,Financial records,Law enforcement
EVID_06857,Laptop Image,Encrypted smartphone,Personal device
EVID_06858,Cloud Storage,Suspect laptop,Internal audit
EVID_06859,Laptop Image,Encrypted smartphone,Cloud provider
EVID_06860,Network Logs,Bank transaction logs,Internal audit
EVID_06861,Hard Drive,Bank transaction logs,Internal audit
EVID_06862,Server Image,Encrypted smartphone,Financial institution
EVID_06863,Mobile Phone,Encrypted smartphone,Cloud provider
EVID_06864,Email Logs,Suspect laptop,Personal device
EVID_06865,Hard Drive,Unauthorized access logs,Law enforcement
EVID_06866,Mobile Phone,Encrypted smartphone,Financial institution
EVID_06867,Server Image,Unauthorized access logs,IT department
EVID_06868,Database Dump,Unauthorized access logs,Office search
EVID_06869,Cloud Storage,Suspicious email chain,Office search
EVID_06870,USB Device,Financial records,Corporate network
EVID_06871,Database Dump,Forged documents,IT department
EVID_06872,Network Logs,External USB,Personal device
EVID_06873,Email Logs,Suspect laptop,Law enforcement
EVID_06874,USB Device,Forged documents,Personal device
EVID_06875,Laptop Image,Suspicious email chain,Cloud provider
EVID_06876,Server Image,Bank transaction logs,Office search
EVID_06877,Network Logs,Suspect laptop,Internal audit
EVID_06878,Email Logs,Suspect laptop,Law enforcement
EVID_06879,Mobile Phone,Suspect laptop,Financial institution
EVID_06880,Network Logs,Financial records,Corporate network
EVID_06881,Email Logs,Malware traces,IT department
EVID_06882,Account Records,Deleted files recovery,Cloud provider
EVID_06883,Server Image,Unauthorized access logs,Office search
EVID_06884,Network Logs,Suspicious email chain,Law enforcement
EVID_06885,Email Logs,Suspicious email chain,Internal audit
EVID_06886,Laptop Image,Malware traces,Internal audit
EVID_06887,Laptop Image,Financial records,IT department
EVID_06888,USB Device,Malware traces,IT department
EVID_06889,USB Device,Unauthorized access logs,Law enforcement
EVID_06890,Email Logs,External USB,Law enforcement
EVID_06891,Cloud Storage,Unauthorized access logs,IT department
EVID_06892,Network Logs,Unauthorized access logs,Office search
EVID_06893,Server Image,Suspicious email chain,Corporate network
EVID_06894,Server Image,Deleted files recovery,Financial institution
EVID_06895,Cloud Storage,Deleted files recovery,Corporate network
EVID_06896,Email Logs,Suspect laptop,Internal audit
EVID_06897,Database Dump,Encrypted smartphone,IT department
EVID_06898,Server Image,Financial records,Corporate network
EVID_06899,Cloud Storage,Suspect laptop,Office search
EVID_06900,Cloud Storage,Malware traces,Personal device
EVID_06901,Mobile Phone,Financial records,Cloud provider
EVID_06902,Network Logs,Financial records,Corporate network
EVID_06903,Account Records,Suspect laptop,Law enforcement
EVID_06904,Hard Drive,Suspicious email chain,IT department
EVID_06905,Network Logs,External USB,Law enforcement
EVID_06906,Laptop Image,Bank transaction logs,Cloud provider
EVID_06907,Mobile Phone,Encrypted smartphone,IT department
EVID_06908,Email Logs,Forged documents,Financial institution
EVID_06909,USB Device,Malware traces,Personal device
EVID_06910,Cloud Storage,Malware traces,Corporate network
EVID_06911,Mobile Phone,Forged documents,Internal audit
EVID_06912,Account Records,Unauthorized access logs,Financial institution
EVID_06913,Laptop Image,External USB,Internal audit
EVID_06914,Laptop Image,Unauthorized access logs,Office search
EVID_06915,Server Image,Malware traces,Office search
EVID_06916,Database Dump,Unauthorized access logs,Financial institution
EVID_06917,Server Image,Suspicious email chain,Law enforcement
EVID_06918,Server Image,External USB,Personal device
EVID_06919,Laptop Image,Encrypted smartphone,Internal audit
EVID_06920,Laptop Image,Deleted files recovery,Personal device
EVID_06921,Network Logs,Malware traces,Office search
EVID_06922,Email Logs,Forged documents,Internal audit
EVID_06923,Email Logs,Suspicious email chain,Internal audit
EVID_06924,Server Image,Financial records,Office search
EVID_06925,Mobile Phone,External USB,IT department
EVID_06926,Email Logs,Bank transaction logs,Cloud provider
EVID_06927,Cloud Storage,Suspect laptop,IT department
EVID_06928,USB Device,Deleted files recovery,Cloud provider
EVID_06929,Cloud Storage,Financial records,Financial institution
EVID_06930,Email Logs,Suspect laptop,Financial institution
EVID_06931,Network Logs,Unauthorized access logs,Internal audit
EVID_06932,Mobile Phone,Suspect laptop,Law enforcement
EVID_06933,Hard Drive,Financial records,Cloud provider
EVID_06934,Account Records,Forged documents,IT department
EVID_06935,USB Device,Financial records,Law enforcement
EVID_06936,Network Logs,Deleted files recovery,Office search
EVID_06937,Email Logs,External USB,Law enforcement
EVID_06938,Server Image,External USB,Cloud provider
EVID_06939,USB Device,Malware traces,Cloud provider
EVID_06940,Mobile Phone,Deleted files recovery,Office search
EVID_06941,Account Records,Suspect laptop,Law enforcement
EVID_06942,Network Logs,External USB,Personal device
EVID_06943,Database Dump,Forged documents,Office search
EVID_06944,USB Device,Encrypted smartphone,Financial institution
EVID_06945,Network Logs,Encrypted smartphone,Cloud provider
EVID_06946,Laptop Image,Financial records,IT department
EVID_06947,Server Image,External USB,Office search
EVID_06948,Mobile Phone,Deleted files recovery,Internal audit
EVID_06949,Mobile Phone,Suspicious email chain,Internal audit
EVID_06950,USB Device,Deleted files recovery,Law enforcement
EVID_06951,Hard Drive,Malware traces,Internal audit
EVID_06952,Server Image,Bank transaction logs,IT department
EVID_06953,Account Records,Bank transaction logs,IT department
EVID_06954,Account Records,Bank transaction logs,Office search
EVID_06955,Cloud Storage,Financial records,Cloud provider
EVID_06956,Account Records,Financial records,Financial institution
EVID_06957,Network Logs,Suspect laptop,Personal device
EVID_06958,Email Logs,Deleted files recovery,IT department
EVID_06959,Laptop Image,Financial records,IT department
EVID_06960,Database Dump,Bank transaction logs,Office search
EVID_06961,Email Logs,Unauthorized access logs,Corporate network
EVID_06962,Hard Drive,Financial records,Financial institution
EVID_06963,Hard Drive,Deleted files recovery,Financial institution
EVID_06964,Email Logs,Unauthorized access logs,Personal device
EVID_06965,Hard Drive,Suspicious email chain,IT department
EVID_06966,Laptop Image,Deleted files recovery,Personal device
EVID_06967,USB Device,Bank transaction logs,Corporate network
EVID_06968,Cloud Storage,Malware traces,Law enforcement
EVID_06969,Server Image,Financial records,Office search
EVID_06970,USB Device,Encrypted smartphone,Office search
EVID_06971,Cloud Storage,Deleted files recovery,Office search
EVID_06972,Database Dump,Malware traces,Personal device
EVID_06973,Laptop Image,External USB,Personal device
EVID_06974,USB Device,Suspect laptop,IT department
EVID_06975,Network Logs,Financial records,Corporate network
EVID_06976,Network Logs,Encrypted smartphone,Law enforcement
EVID_06977,Server Image,Suspect laptop,IT department
EVID_06978,Network Logs,Deleted files recovery,Financial institution
EVID_06979,Server Image,Forged documents,Financial institution
EVID_06980,Hard Drive,Suspect laptop,Office search
EVID_06981,USB Device,Deleted files recovery,Financial institution
EVID_06982,Hard Drive,Forged documents,Financial institution
EVID_06983,Laptop Image,Unauthorized access logs,Corporate network
EVID_06984,Account Records,Suspect laptop,Cloud provider
EVID_06985,Database Dump,External USB,Office search
EVID_06986,Mobile Phone,Suspect laptop,Cloud provider
EVID_06987,USB Device,Financial records,Internal audit
EVID_06988,Hard Drive,Unauthorized access logs,Internal audit
EVID_06989,Cloud Storage,Forged documents,Law enforcement
EVID_06990,Hard Drive,Financial records,Cloud provider
EVID_06991,Email Logs,Malware traces,Corporate network
EVID_06992,Cloud Storage,Financial records,Office search
EVID_06993,Network Logs,Encrypted smartphone,Financial institution
EVID_06994,Mobile Phone,External USB,Internal audit
EVID_06995,Account Records,Deleted files recovery,Corporate network
EVID_06996,Account Records,Financial records,Office search
EVID_06997,Email Logs,Financial records,Cloud provider
EVID_06998,Cloud Storage,Suspicious email chain,Corporate network
EVID_06999,Network Logs,Encrypted smartphone,IT department
EVID_07000,Network Logs,Bank transaction logs,Personal device
EVID_07001,Email Logs,Forged documents,Office search
EVID_07002,USB Device,External USB,IT department
EVID_07003,Database Dump,Bank transaction logs,Personal device
EVID_07004,Laptop Image,Suspect laptop,Personal device
EVID_07005,Account Records,Suspicious email chain,Internal audit
EVID_07006,Network Logs,Bank transaction logs,Corporate network
EVID_07007,Network Logs,External USB,Law enforcement
EVID_07008,Network Logs,External USB,Financial institution
EVID_07009,USB Device,Forged documents,Corporate network
EVID_07010,Hard Drive,Suspicious email chain,Office search
EVID_07011,Account Records,Financial records,Corporate network
EVID_07012,Account Records,Bank transaction logs,Cloud provider
EVID_07013,Server Image,Unauthorized access logs,Financial institution
EVID_07014,Server Image,Suspect laptop,Corporate network
EVID_07015,Database Dump,Financial records,Cloud provider
EVID_07016,Server Image,Suspicious email chain,IT department
EVID_07017,Account Records,Suspicious email chain,Personal device
EVID_07018,Server Image,Suspicious email chain,Cloud provider
EVID_07019,Hard Drive,Bank transaction logs,IT department
EVID_07020,Email Logs,Unauthorized access logs,Cloud provider
EVID_07021,Network Logs,Bank transaction logs,Office search
EVID_07022,Account Records,Forged documents,Internal audit
EVID_07023,Network Logs,Suspicious email chain,Internal audit
EVID_07024,Email Logs,Suspicious email chain,IT department
EVID_07025,Account Records,Financial records,Personal device
EVID_07026,USB Device,Suspicious email chain,Office search
EVID_07027,Hard Drive,Unauthorized access logs,Internal audit
EVID_07028,Mobile Phone,Suspicious email chain,Financial institution
EVID_07029,Server Image,Bank transaction logs,IT department
EVID_07030,Hard Drive,Forged documents,Law enforcement
EVID_07031,Email Logs,Suspect laptop,Office search
EVID_07032,Account Records,Bank transaction logs,Law enforcement
EVID_07033,Account Records,Deleted files recovery,Internal audit
EVID_07034,USB Device,External USB,Corporate network
EVID_07035,Cloud Storage,Forged documents,Cloud provider
EVID_07036,Mobile Phone,Suspect laptop,Internal audit
EVID_07037,Laptop Image,Bank transaction logs,Personal device
EVID_07038,Mobile Phone,Unauthorized access logs,Corporate network
EVID_07039,Network Logs,Malware traces,IT department
EVID_07040,Laptop Image,External USB,Internal audit
EVID_07041,Hard Drive,Suspect laptop,Internal audit
EVID_07042,Account Records,Financial records,Financial institution
EVID_07043,Database Dump,Financial records,Financial institution
EVID_07044,Network Logs,Financial records,Personal device
EVID_07045,Cloud Storage,Unauthorized access logs,Personal device
EVID_07046,Cloud Storage,Forged documents,IT department
EVID_07047,Cloud Storage,Financial records,IT department
EVID_07048,Hard Drive,Encrypted smartphone,Financial institution
EVID_07049,Email Logs,Forged documents,Law enforcement
EVID_07050,Cloud Storage,Suspect laptop,Personal device
EVID_07051,Database Dump,Bank transaction logs,Corporate network
EVID_07052,Database Dump,Unauthorized access logs,Internal audit
EVID_07053,USB Device,Forged documents,Internal audit
EVID_07054,Cloud Storage,Encrypted smartphone,IT department
EVID_07055,Cloud Storage,Forged documents,Cloud provider
EVID_07056,Account Records,Encrypted smartphone,Financial institution
EVID_07057,Cloud Storage,Malware traces,Cloud provider
EVID_07058,USB Device,Forged documents,Cloud provider
EVID_07059,Laptop Image,External USB,Cloud provider
EVID_07060,Cloud Storage,Encrypted smartphone,Corporate network
EVID_07061,Database Dump,Suspect laptop,IT department
EVID_07062,Cloud Storage,Unauthorized access logs,IT department
EVID_07063,Laptop Image,Financial records,Corporate network
EVID_07064,Database Dump,Suspect laptop,IT department
EVID_07065,USB Device,Encrypted smartphone,Internal audit
EVID_07066,Mobile Phone,Encrypted smartphone,Corporate network
EVID_07067,Hard Drive,Suspect laptop,Cloud provider
EVID_07068,Cloud Storage,Bank transaction logs,Law enforcement
EVID_07069,Email Logs,Suspect laptop,Personal device
EVID_07070,Hard Drive,Encrypted smartphone,Office search
EVID_07071,Hard Drive,Deleted files recovery,IT department
EVID_07072,Server Image,Forged documents,Law enforcement
EVID_07073,Database Dump,Suspect laptop,Corporate network
EVID_07074,Account Records,Suspicious email chain,Internal audit
EVID_07075,Database Dump,Deleted files recovery,Personal device
EVID_07076,Cloud Storage,Malware traces,Personal device
EVID_07077,USB Device,Unauthorized access logs,Corporate network
EVID_07078,Account Records,Unauthorized access logs,Corporate network
EVID_07079,USB Device,Bank transaction logs,Corporate network
EVID_07080,Account Records,Encrypted smartphone,Cloud provider
EVID_07081,Account Records,Suspect laptop,Internal audit
EVID_07082,Database Dump,Encrypted smartphone,Cloud provider
EVID_07083,Cloud Storage,Forged documents,Financial institution
EVID_07084,Server Image,Malware traces,Law enforcement
EVID_07085,Mobile Phone,Financial records,Law enforcement
EVID_07086,Hard Drive,Forged documents,Financial institution
EVID_07087,Hard Drive,Encrypted smartphone,Personal device
EVID_07088,Database Dump,Bank transaction logs,Cloud provider
EVID_07089,Mobile Phone,External USB,Corporate network
EVID_07090,Database Dump,External USB,Law enforcement
EVID_07091,Server Image,Deleted files recovery,Cloud provider
EVID_07092,Mobile Phone,Suspect laptop,Personal device
EVID_07093,Cloud Storage,Suspicious email chain,Cloud provider
EVID_07094,Hard Drive,Suspect laptop,Corporate network
EVID_07095,Server Image,Financial records,Law enforcement
EVID_07096,Mobile Phone,Suspect laptop,Cloud provider
EVID_07097,USB Device,Suspicious email chain,Financial institution
EVID_07098,Network Logs,External USB,IT department
EVID_07099,Cloud Storage,External USB,IT department
EVID_07100,Mobile Phone,Malware traces,Corporate network
EVID_07101,Email Logs,Suspect laptop,Corporate network
EVID_07102,Email Logs,Financial records,Office search
EVID_07103,Database Dump,Unauthorized access logs,Cloud provider
EVID_07104,Mobile Phone,Deleted files recovery,IT department
EVID_07105,Network Logs,Financial records,Law enforcement
EVID_07106,Hard Drive,Suspect laptop,Personal device
EVID_07107,Database Dump,Financial records,Law enforcement
EVID_07108,Hard Drive,Bank transaction logs,Office search
EVID_07109,Network Logs,Suspect laptop,Cloud provider
EVID_07110,Database Dump,Forged documents,Law enforcement
EVID_07111,Mobile Phone,Deleted files recovery,Internal audit
EVID_07112,Hard Drive,Unauthorized access logs,Internal audit
EVID_07113,Account Records,Deleted files recovery,Corporate network
EVID_07114,Mobile Phone,Unauthorized access logs,IT department
EVID_07115,USB Device,Financial records,Financial institution
EVID_07116,Cloud Storage,Financial records,Financial institution
EVID_07117,USB Device,Financial records,Financial institution
EVID_07118,Server Image,External USB,Corporate network
EVID_07119,Cloud Storage,Malware traces,Office search
EVID_07120,Database Dump,Malware traces,Internal audit
EVID_07121,Cloud Storage,External USB,Office search
EVID_07122,USB Device,Forged documents,Cloud provider
EVID_07123,Database Dump,Bank transaction logs,Law enforcement
EVID_07124,Network Logs,Unauthorized access logs,Office search
EVID_07125,Server Image,Bank transaction logs,Office search
EVID_07126,Laptop Image,Financial records,IT department
EVID_07127,Network Logs,Malware traces,Internal audit
EVID_07128,Network Logs,Malware traces,IT department
EVID_07129,Mobile Phone,Suspicious email chain,Financial institution
EVID_07130,Cloud Storage,Bank transaction logs,Personal device
EVID_07131,Database Dump,Deleted files recovery,Personal device
EVID_07132,Email Logs,Suspicious email chain,Law enforcement
EVID_07133,Account Records,External USB,IT department
EVID_07134,Mobile Phone,Malware traces,IT department
EVID_07135,Network Logs,Bank transaction logs,Law enforcement
EVID_07136,USB Device,Suspicious email chain,Personal device
EVID_07137,Laptop Image,External USB,Corporate network
EVID_07138,Mobile Phone,Forged documents,Personal device
EVID_07139,Laptop Image,External USB,Personal device
EVID_07140,Laptop Image,Unauthorized access logs,Office search
EVID_07141,Server Image,Malware traces,IT department
EVID_07142,Email Logs,Malware traces,Law enforcement
EVID_07143,Hard Drive,Suspect laptop,Personal device
EVID_07144,Laptop Image,Encrypted smartphone,IT department
EVID_07145,Hard Drive,Financial records,Financial institution
EVID_07146,Laptop Image,Forged documents,Financial institution
EVID_07147,Email Logs,Suspect laptop,Internal audit
EVID_07148,Network Logs,Encrypted smartphone,Personal device
EVID_07149,Account Records,Suspect laptop,Corporate network
EVID_07150,Mobile Phone,Unauthorized access logs,Internal audit
EVID_07151,USB Device,Suspect laptop,Corporate network
EVID_07152,USB Device,Suspicious email chain,Corporate network
EVID_07153,Cloud Storage,Deleted files recovery,Personal device
EVID_07154,Cloud Storage,Forged documents,Law enforcement
EVID_07155,USB Device,External USB,Personal device
EVID_07156,Email Logs,Malware traces,IT department
EVID_07157,Mobile Phone,Bank transaction logs,Cloud provider
EVID_07158,USB Device,Bank transaction logs,Corporate network
EVID_07159,Cloud Storage,Suspect laptop,IT department
EVID_07160,Account Records,Financial records,Law enforcement
EVID_07161,Server Image,Encrypted smartphone,Cloud provider
EVID_07162,Email Logs,Unauthorized access logs,Office search
EVID_07163,USB Device,Forged documents,Personal device
EVID_07164,Mobile Phone,Encrypted smartphone,Office search
EVID_07165,USB Device,Forged documents,Law enforcement
EVID_07166,Account Records,External USB,Personal device
EVID_07167,Laptop Image,Malware traces,IT department
EVID_07168,Laptop Image,Deleted files recovery,Personal device
EVID_07169,Mobile Phone,Financial records,IT department
EVID_07170,Database Dump,Forged documents,Office search
EVID_07171,Cloud Storage,Forged documents,Cloud provider
EVID_07172,Account Records,Unauthorized access logs,Cloud provider
EVID_07173,Cloud Storage,Suspect laptop,Internal audit
EVID_07174,Server Image,Financial records,Personal device
EVID_07175,Laptop Image,Financial records,Cloud provider
EVID_07176,Hard Drive,Unauthorized access logs,Law enforcement
EVID_07177,Account Records,External USB,Personal device
EVID_07178,Account Records,Suspect laptop,Cloud provider
EVID_07179,Server Image,Bank transaction logs,Corporate network
EVID_07180,Laptop Image,External USB,Cloud provider
EVID_07181,Laptop Image,Unauthorized access logs,Personal device
EVID_07182,Network Logs,Encrypted smartphone,Office search
EVID_07183,Hard Drive,Suspect laptop,Law enforcement
EVID_07184,Hard Drive,Suspect laptop,Law enforcement
EVID_07185,Account Records,Suspect laptop,Corporate network
EVID_07186,Cloud Storage,Encrypted smartphone,Personal device
EVID_07187,Hard Drive,Deleted files recovery,Financial institution
EVID_07188,Cloud Storage,Bank transaction logs,Personal device
EVID_07189,USB Device,Malware traces,Office search
EVID_07190,Cloud Storage,Suspect laptop,Internal audit
EVID_07191,Account Records,Financial records,IT department
EVID_07192,Server Image,Unauthorized access logs,Financial institution
EVID_07193,Cloud Storage,Forged documents,Personal device
EVID_07194,Email Logs,Bank transaction logs,Cloud provider
EVID_07195,USB Device,Suspicious email chain,Personal device
EVID_07196,Network Logs,Unauthorized access logs,Office search
EVID_07197,USB Device,Encrypted smartphone,Cloud provider
EVID_07198,Cloud Storage,Encrypted smartphone,Personal device
EVID_07199,Email Logs,Deleted files recovery,Internal audit
EVID_07200,Server Image,Deleted files recovery,Internal audit
EVID_07201,Network Logs,Forged documents,Cloud provider
EVID_07202,Mobile Phone,Malware traces,Financial institution
EVID_07203,Cloud Storage,Unauthorized access logs,Corporate network
EVID_07204,Laptop Image,Malware traces,Corporate network
EVID_07205,Database Dump,Suspicious email chain,Law enforcement
EVID_07206,Server Image,Suspect laptop,Personal device
EVID_07207,Account Records,Suspicious email chain,Corporate network
EVID_07208,USB Device,External USB,Cloud provider
EVID_07209,Laptop Image,External USB,Cloud provider
EVID_07210,Hard Drive,Forged documents,Law enforcement
EVID_07211,Hard Drive,Unauthorized access logs,Law enforcement
EVID_07212,Account Records,Financial records,Law enforcement
EVID_07213,Hard Drive,Bank transaction logs,Cloud provider
EVID_07214,Hard Drive,Suspect laptop,Corporate network
EVID_07215,Mobile Phone,Unauthorized access logs,Cloud provider
EVID_07216,Hard Drive,Suspect laptop,Law enforcement
EVID_07217,Hard Drive,Encrypted smartphone,Internal audit
EVID_07218,USB Device,Forged documents,Internal audit
EVID_07219,Network Logs,External USB,Internal audit
EVID_07220,Account Records,Deleted files recovery,Office search
EVID_07221,Laptop Image,Forged documents,IT department
EVID_07222,Email Logs,External USB,Personal device
EVID_07223,Network Logs,Suspect laptop,Corporate network
EVID_07224,Mobile Phone,Bank transaction logs,Corporate network
EVID_07225,Laptop Image,Deleted files recovery,Financial institution
EVID_07226,USB Device,External USB,Financial institution
EVID_07227,Cloud Storage,Bank transaction logs,Cloud provider
EVID_07228,Hard Drive,Bank transaction logs,Law enforcement
EVID_07229,Mobile Phone,Unauthorized access logs,Financial institution
EVID_07230,Laptop Image,Suspicious email chain,IT department
EVID_07231,Hard Drive,Suspect laptop,IT department
EVID_07232,Email Logs,Malware traces,Personal device
EVID_07233,Mobile Phone,Malware traces,Office search
EVID_07234,USB Device,Forged documents,Corporate network
EVID_07235,Account Records,Malware traces,Cloud provider
EVID_07236,Mobile Phone,Malware traces,Law enforcement
EVID_07237,Laptop Image,Unauthorized access logs,IT department
EVID_07238,Mobile Phone,Deleted files recovery,Corporate network
EVID_07239,Email Logs,Suspect laptop,Corporate network
EVID_07240,Email Logs,Unauthorized access logs,Office search
EVID_07241,Server Image,Bank transaction logs,Corporate network
EVID_07242,Mobile Phone,Suspect laptop,IT department
EVID_07243,Server Image,Bank transaction logs,IT department
EVID_07244,Cloud Storage,Encrypted smartphone,IT department
EVID_07245,Server Image,External USB,Corporate network
EVID_07246,Database Dump,Financial records,Law enforcement
EVID_07247,Mobile Phone,External USB,Cloud provider
EVID_07248,Mobile Phone,Forged documents,Law enforcement
EVID_07249,Hard Drive,Encrypted smartphone,IT department
EVID_07250,Database Dump,Forged documents,Office search
EVID_07251,Server Image,External USB,Financial institution
EVID_07252,USB Device,Encrypted smartphone,Internal audit
EVID_07253,USB Device,Unauthorized access logs,IT department
EVID_07254,USB Device,Suspect laptop,Cloud provider
EVID_07255,Mobile Phone,Forged documents,Law enforcement
EVID_07256,USB Device,Encrypted smartphone,Financial institution
EVID_07257,Cloud Storage,External USB,IT department
EVID_07258,Mobile Phone,Encrypted smartphone,Law enforcement
EVID_07259,Account Records,Suspicious email chain,Personal device
EVID_07260,Account Records,Deleted files recovery,Office search
EVID_07261,Hard Drive,Unauthorized access logs,Personal device
EVID_07262,Hard Drive,Suspicious email chain,Law enforcement
EVID_07263,Mobile Phone,External USB,IT department
EVID_07264,Hard Drive,Financial records,Personal device
EVID_07265,Mobile Phone,Suspicious email chain,Financial institution
EVID_07266,Account Records,Malware traces,Internal audit
EVID_07267,Network Logs,Suspect laptop,Cloud provider
EVID_07268,Account Records,Suspicious email chain,Law enforcement
EVID_07269,Account Records,Malware traces,Financial institution
EVID_07270,Network Logs,Deleted files recovery,Law enforcement
EVID_07271,Hard Drive,Forged documents,Personal device
EVID_07272,Hard Drive,Forged documents,Corporate network
EVID_07273,Network Logs,Forged documents,IT department
EVID_07274,Mobile Phone,Deleted files recovery,Cloud provider
EVID_07275,Mobile Phone,Malware traces,Cloud provider
EVID_07276,Hard Drive,External USB,Law enforcement
EVID_07277,Hard Drive,Forged documents,Office search
EVID_07278,Database Dump,External USB,Corporate network
EVID_07279,Laptop Image,Bank transaction logs,Office search
EVID_07280,Database Dump,Malware traces,Office search
EVID_07281,Database Dump,Financial records,Office search
EVID_07282,Database Dump,Bank transaction logs,Cloud provider
EVID_07283,Mobile Phone,Unauthorized access logs,Office search
EVID_07284,Hard Drive,Suspicious email chain,Financial institution
EVID_07285,Hard Drive,Deleted files recovery,Corporate network
EVID_07286,Email Logs,Forged documents,Internal audit
EVID_07287,Account Records,Suspect laptop,Law enforcement
EVID_07288,Server Image,Malware traces,IT department
EVID_07289,USB Device,Encrypted smartphone,Corporate network
EVID_07290,Cloud Storage,Financial records,Internal audit
EVID_07291,Server Image,Malware traces,Law enforcement
EVID_07292,Cloud Storage,Deleted files recovery,Office search
EVID_07293,Account Records,Suspect laptop,Law enforcement
EVID_07294,Network Logs,Malware traces,Personal device
EVID_07295,Email Logs,External USB,Office search
EVID_07296,Database Dump,Bank transaction logs,Law enforcement
EVID_07297,USB Device,Malware traces,IT department
EVID_07298,Hard Drive,Suspect laptop,Corporate network
EVID_07299,Cloud Storage,Forged documents,Office search
EVID_07300,Network Logs,Forged documents,Office search
EVID_07301,Cloud Storage,Malware traces,IT department
EVID_07302,USB Device,Encrypted smartphone,IT department
EVID_07303,USB Device,Suspect laptop,Corporate network
EVID_07304,Cloud Storage,Encrypted smartphone,Office search
EVID_07305,Email Logs,Financial records,Personal device
EVID_07306,Hard Drive,Unauthorized access logs,Internal audit
EVID_07307,Hard Drive,Forged documents,Cloud provider
EVID_07308,Network Logs,Financial records,Cloud provider
EVID_07309,Mobile Phone,Encrypted smartphone,Corporate network
EVID_07310,Hard Drive,Suspect laptop,Internal audit
EVID_07311,Cloud Storage,Deleted files recovery,IT department
EVID_07312,Email Logs,External USB,IT department
EVID_07313,Network Logs,External USB,Law enforcement
EVID_07314,Account Records,Bank transaction logs,IT department
EVID_07315,Mobile Phone,Unauthorized access logs,Financial institution
EVID_07316,Email Logs,Forged documents,Cloud provider
EVID_07317,Account Records,Bank transaction logs,Office search
EVID_07318,Account Records,Suspicious email chain,Corporate network
EVID_07319,Database Dump,Encrypted smartphone,IT department
EVID_07320,USB Device,Financial records,Personal device
EVID_07321,Server Image,Forged documents,Personal device
EVID_07322,Account Records,Forged documents,Personal device
EVID_07323,Hard Drive,Deleted files recovery,Internal audit
EVID_07324,Database Dump,Malware traces,Law enforcement
EVID_07325,Mobile Phone,Bank transaction logs,Office search
EVID_07326,Account Records,Bank transaction logs,Financial institution
EVID_07327,Account Records,Bank transaction logs,Cloud provider
EVID_07328,USB Device,External USB,Financial institution
EVID_07329,Database Dump,Bank transaction logs,Internal audit
EVID_07330,Cloud Storage,Malware traces,Cloud provider
EVID_07331,USB Device,Bank transaction logs,IT department
EVID_07332,Cloud Storage,Financial records,Personal device
EVID_07333,Database Dump,Deleted files recovery,Financial institution
EVID_07334,Database Dump,Forged documents,Office search
EVID_07335,Database Dump,Unauthorized access logs,IT department
EVID_07336,Mobile Phone,Financial records,IT department
EVID_07337,Server Image,Encrypted smartphone,Cloud provider
EVID_07338,Cloud Storage,Deleted files recovery,Corporate network
EVID_07339,Cloud Storage,Financial records,Corporate network
EVID_07340,Email Logs,Unauthorized access logs,Financial institution
EVID_07341,Laptop Image,Suspect laptop,Law enforcement
EVID_07342,USB Device,Forged documents,Office search
EVID_07343,Laptop Image,Deleted files recovery,Law enforcement
EVID_07344,Account Records,Malware traces,Personal device
EVID_07345,Laptop Image,Unauthorized access logs,Cloud provider
EVID_07346,Hard Drive,Suspect laptop,Corporate network
EVID_07347,Server Image,Encrypted smartphone,Corporate network
EVID_07348,Server Image,Encrypted smartphone,Office search
EVID_07349,Cloud Storage,Suspect laptop,Office search
EVID_07350,Network Logs,External USB,Law enforcement
EVID_07351,Database Dump,Unauthorized access logs,Financial institution
EVID_07352,Network Logs,Malware traces,Corporate network
EVID_07353,Mobile Phone,Financial records,Cloud provider
EVID_07354,Hard Drive,Bank transaction logs,IT department
EVID_07355,Database Dump,Encrypted smartphone,Corporate network
EVID_07356,Server Image,Encrypted smartphone,Corporate network
EVID_07357,Account Records,Suspect laptop,Financial institution
EVID_07358,Email Logs,Encrypted smartphone,Internal audit
EVID_07359,Account Records,External USB,Financial institution
EVID_07360,Network Logs,Suspicious email chain,Financial institution
EVID_07361,Hard Drive,Suspect laptop,IT department
EVID_07362,Database Dump,External USB,IT department
EVID_07363,Account Records,Encrypted smartphone,Personal device
EVID_07364,Cloud Storage,Deleted files recovery,Corporate network
EVID_07365,USB Device,External USB,Corporate network
EVID_07366,Laptop Image,Deleted files recovery,Personal device
EVID_07367,Account Records,Financial records,Office search
EVID_07368,Server Image,Unauthorized access logs,Internal audit
EVID_07369,Laptop Image,Forged documents,Office search
EVID_07370,Mobile Phone,Forged documents,Law enforcement
EVID_07371,Cloud Storage,Unauthorized access logs,Office search
EVID_07372,Mobile Phone,Encrypted smartphone,Corporate network
EVID_07373,Server Image,Suspicious email chain,IT department
EVID_07374,Laptop Image,Financial records,Corporate network
EVID_07375,Email Logs,Suspicious email chain,Law enforcement
EVID_07376,Mobile Phone,Deleted files recovery,Office search
EVID_07377,Hard Drive,Encrypted smartphone,Law enforcement
EVID_07378,Network Logs,Encrypted smartphone,Internal audit
EVID_07379,USB Device,External USB,Personal device
EVID_07380,Email Logs,Bank transaction logs,Office search
EVID_07381,Cloud Storage,Encrypted smartphone,Cloud provider
EVID_07382,Email Logs,Deleted files recovery,Law enforcement
EVID_07383,Server Image,Financial records,Law enforcement
EVID_07384,Hard Drive,Unauthorized access logs,Personal device
EVID_07385,Email Logs,Suspect laptop,Financial institution
EVID_07386,Cloud Storage,External USB,Law enforcement
EVID_07387,USB Device,Deleted files recovery,Corporate network
EVID_07388,Laptop Image,Suspicious email chain,Internal audit
EVID_07389,Hard Drive,Suspect laptop,Cloud provider
EVID_07390,Email Logs,Encrypted smartphone,Office search
EVID_07391,Database Dump,Suspicious email chain,Financial institution
EVID_07392,Database Dump,Suspicious email chain,IT department
EVID_07393,Server Image,Deleted files recovery,Office search
EVID_07394,Network Logs,Encrypted smartphone,Cloud provider
EVID_07395,Mobile Phone,External USB,Corporate network
EVID_07396,Laptop Image,Encrypted smartphone,Office search
EVID_07397,USB Device,Suspicious email chain,IT department
EVID_07398,Server Image,Malware traces,Corporate network
EVID_07399,USB Device,Malware traces,Financial institution
EVID_07400,Account Records,Suspect laptop,Office search
EVID_07401,Hard Drive,Suspicious email chain,Law enforcement
EVID_07402,Email Logs,Encrypted smartphone,Personal device
EVID_07403,Account Records,Forged documents,Corporate network
EVID_07404,Database Dump,Deleted files recovery,Office search
EVID_07405,Email Logs,Suspicious email chain,Office search
EVID_07406,Hard Drive,Bank transaction logs,Cloud provider
EVID_07407,Server Image,Financial records,Financial institution
EVID_07408,Hard Drive,Suspect laptop,Internal audit
EVID_07409,Cloud Storage,Malware traces,Cloud provider
EVID_07410,Mobile Phone,Malware traces,Personal device
EVID_07411,Network Logs,Malware traces,Cloud provider
EVID_07412,Hard Drive,Malware traces,IT department
EVID_07413,Server Image,Suspect laptop,Law enforcement
EVID_07414,Mobile Phone,Deleted files recovery,Cloud provider
EVID_07415,Hard Drive,Financial records,Office search
EVID_07416,Account Records,Bank transaction logs,Personal device
EVID_07417,Cloud Storage,Suspicious email chain,IT department
EVID_07418,Network Logs,Unauthorized access logs,IT department
EVID_07419,USB Device,Forged documents,Personal device
EVID_07420,Email Logs,Deleted files recovery,Financial institution
EVID_07421,Network Logs,Malware traces,Personal device
EVID_07422,Network Logs,Encrypted smartphone,Personal device
EVID_07423,Mobile Phone,Bank transaction logs,Office search
EVID_07424,Laptop Image,Forged documents,Internal audit
EVID_07425,Mobile Phone,Malware traces,Financial institution
EVID_07426,Network Logs,External USB,Office search
EVID_07427,Network Logs,Bank transaction logs,Internal audit
EVID_07428,Laptop Image,Deleted files recovery,Personal device
EVID_07429,Database Dump,Bank transaction logs,Internal audit
EVID_07430,Account Records,Deleted files recovery,Law enforcement
EVID_07431,Laptop Image,Financial records,Personal device
EVID_07432,Laptop Image,Deleted files recovery,Office search
EVID_07433,Laptop Image,Encrypted smartphone,Corporate network
EVID_07434,Server Image,Malware traces,Law enforcement
EVID_07435,Database Dump,Forged documents,Financial institution
EVID_07436,Database Dump,Suspicious email chain,Law enforcement
EVID_07437,Server Image,Suspicious email chain,Office search
EVID_07438,Database Dump,Unauthorized access logs,Internal audit
EVID_07439,USB Device,Unauthorized access logs,Office search
EVID_07440,Hard Drive,Malware traces,Personal device
EVID_07441,Network Logs,Unauthorized access logs,IT department
EVID_07442,Cloud Storage,Bank transaction logs,IT department
EVID_07443,Email Logs,Suspect laptop,Cloud provider
EVID_07444,Hard Drive,Unauthorized access logs,Law enforcement
EVID_07445,Email Logs,Malware traces,Cloud provider
EVID_07446,Email Logs,Bank transaction logs,Internal audit
EVID_07447,Hard Drive,Suspect laptop,Law enforcement
EVID_07448,Mobile Phone,Bank transaction logs,Corporate network
EVID_07449,USB Device,Forged documents,Cloud provider
EVID_07450,Cloud Storage,Bank transaction logs,Financial institution
EVID_07451,Cloud Storage,Suspicious email chain,IT department
EVID_07452,Hard Drive,External USB,Office search
EVID_07453,USB Device,Suspicious email chain,Corporate network
EVID_07454,Server Image,Unauthorized access logs,Cloud provider
EVID_07455,Cloud Storage,Forged documents,Law enforcement
EVID_07456,Network Logs,Malware traces,Personal device
EVID_07457,Network Logs,Financial records,Cloud provider
EVID_07458,Server Image,Deleted files recovery,Corporate network
EVID_07459,Cloud Storage,Suspect laptop,Office search
EVID_07460,Mobile Phone,Unauthorized access logs,Personal device
EVID_07461,Database Dump,Forged documents,Cloud provider
EVID_07462,Network Logs,Encrypted smartphone,Corporate network
EVID_07463,Email Logs,Unauthorized access logs,Office search
EVID_07464,Laptop Image,Financial records,Office search
EVID_07465,Network Logs,Unauthorized access logs,Financial institution
EVID_07466,USB Device,Suspicious email chain,IT department
EVID_07467,Database Dump,Suspect laptop,Personal device
EVID_07468,USB Device,Financial records,Financial institution
EVID_07469,Laptop Image,Deleted files recovery,Office search
EVID_07470,Database Dump,Forged documents,Cloud provider
EVID_07471,Mobile Phone,Malware traces,Corporate network
EVID_07472,Mobile Phone,Malware traces,Personal device
EVID_07473,Database Dump,Encrypted smartphone,Cloud provider
EVID_07474,USB Device,External USB,IT department
EVID_07475,USB Device,Forged documents,Cloud provider
EVID_07476,Account Records,Forged documents,Corporate network
EVID_07477,Hard Drive,External USB,Law enforcement
EVID_07478,Laptop Image,Forged documents,IT department
EVID_07479,Database Dump,Suspect laptop,Cloud provider
EVID_07480,Laptop Image,Unauthorized access logs,Office search
EVID_07481,USB Device,Encrypted smartphone,Corporate network
EVID_07482,Email Logs,Financial records,Office search
EVID_07483,Mobile Phone,Forged documents,Internal audit
EVID_07484,Mobile Phone,Encrypted smartphone,IT department
EVID_07485,Email Logs,Malware traces,Financial institution
EVID_07486,Database Dump,Bank transaction logs,Personal device
EVID_07487,USB Device,Malware traces,Office search
EVID_07488,Hard Drive,Encrypted smartphone,Financial institution
EVID_07489,Account Records,Bank transaction logs,IT department
EVID_07490,Hard Drive,Deleted files recovery,Corporate network
EVID_07491,Account Records,Suspicious email chain,Personal device
EVID_07492,Laptop Image,Suspect laptop,IT department
EVID_07493,Account Records,Deleted files recovery,Personal device
EVID_07494,Hard Drive,External USB,Financial institution
EVID_07495,Server Image,External USB,Cloud provider
EVID_07496,Database Dump,Deleted files recovery,Personal device
EVID_07497,Mobile Phone,Malware traces,Law enforcement
EVID_07498,Hard Drive,Deleted files recovery,Financial institution
EVID_07499,USB Device,Unauthorized access logs,Law enforcement
EVID_07500,Hard Drive,Bank transaction logs,Cloud provider
EVID_07501,Cloud Storage,Deleted files recovery,Financial institution
EVID_07502,Hard Drive,Suspicious email chain,Cloud provider
EVID_07503,Laptop Image,Deleted files recovery,IT department
EVID_07504,Server Image,Financial records,Financial institution
EVID_07505,Account Records,Suspicious email chain,Corporate network
EVID_07506,Laptop Image,Encrypted smartphone,Financial institution
EVID_07507,Account Records,Suspicious email chain,Cloud provider
EVID_07508,USB Device,Unauthorized access logs,Corporate network
EVID_07509,Laptop Image,Deleted files recovery,Financial institution
EVID_07510,Account Records,Suspicious email chain,Financial institution
EVID_07511,USB Device,Suspect laptop,Internal audit
EVID_07512,Network Logs,Deleted files recovery,Personal device
EVID_07513,Cloud Storage,Unauthorized access logs,Financial institution
EVID_07514,Hard Drive,Deleted files recovery,Corporate network
EVID_07515,Hard Drive,Suspicious email chain,Corporate network
EVID_07516,Email Logs,External USB,Internal audit
EVID_07517,Laptop Image,Bank transaction logs,Law enforcement
EVID_07518,Database Dump,External USB,Office search
EVID_07519,Account Records,External USB,Office search
EVID_07520,Hard Drive,Encrypted smartphone,Office search
EVID_07521,Server Image,Deleted files recovery,IT department
EVID_07522,Laptop Image,Suspicious email chain,Corporate network
EVID_07523,Mobile Phone,Forged documents,Law enforcement
EVID_07524,Mobile Phone,Bank transaction logs,Law enforcement
EVID_07525,USB Device,Malware traces,Financial institution
EVID_07526,Database Dump,Financial records,Corporate network
EVID_07527,Laptop Image,Deleted files recovery,Law enforcement
EVID_07528,Server Image,External USB,IT department
EVID_07529,Database Dump,Suspicious email chain,Financial institution
EVID_07530,Hard Drive,External USB,IT department
EVID_07531,Network Logs,Suspect laptop,Personal device
EVID_07532,Account Records,Deleted files recovery,Cloud provider
EVID_07533,USB Device,Encrypted smartphone,Financial institution
EVID_07534,USB Device,Encrypted smartphone,Office search
EVID_07535,Account Records,Suspicious email chain,Personal device
EVID_07536,Hard Drive,Deleted files recovery,Financial institution
EVID_07537,Hard Drive,Bank transaction logs,IT department
EVID_07538,Account Records,Suspect laptop,Corporate network
EVID_07539,Mobile Phone,Suspicious email chain,Personal device
EVID_07540,Account Records,Forged documents,IT department
EVID_07541,USB Device,Malware traces,Law enforcement
EVID_07542,Laptop Image,Suspicious email chain,Office search
EVID_07543,Email Logs,Malware traces,Cloud provider
EVID_07544,Hard Drive,External USB,Financial institution
EVID_07545,Mobile Phone,Malware traces,Internal audit
EVID_07546,Cloud Storage,Encrypted smartphone,IT department
EVID_07547,Server Image,Unauthorized access logs,Financial institution
EVID_07548,Cloud Storage,Encrypted smartphone,Cloud provider
EVID_07549,Hard Drive,External USB,Corporate network
EVID_07550,USB Device,Financial records,Corporate network
EVID_07551,USB Device,Financial records,Internal audit
EVID_07552,Laptop Image,Suspect laptop,Law enforcement
EVID_07553,Database Dump,Financial records,Office search
EVID_07554,Cloud Storage,Unauthorized access logs,Cloud provider
EVID_07555,Server Image,Encrypted smartphone,Corporate network
EVID_07556,Hard Drive,Unauthorized access logs,Law enforcement
EVID_07557,Network Logs,Bank transaction logs,Internal audit
EVID_07558,Hard Drive,Financial records,IT department
EVID_07559,USB Device,Unauthorized access logs,IT department
EVID_07560,USB Device,Bank transaction logs,Internal audit
EVID_07561,Mobile Phone,External USB,Financial institution
EVID_07562,Network Logs,Encrypted smartphone,Personal device
EVID_07563,Email Logs,Forged documents,Financial institution
EVID_07564,Email Logs,Suspect laptop,Office search
EVID_07565,Mobile Phone,Deleted files recovery,Cloud provider
EVID_07566,USB Device,Deleted files recovery,Internal audit
EVID_07567,Email Logs,Forged documents,Law enforcement
EVID_07568,Cloud Storage,Malware traces,Corporate network
EVID_07569,Mobile Phone,Encrypted smartphone,Cloud provider
EVID_07570,USB Device,Malware traces,IT department
EVID_07571,Cloud Storage,Suspect laptop,Cloud provider
EVID_07572,Account Records,Suspicious email chain,IT department
EVID_07573,Account Records,Encrypted smartphone,Law enforcement
EVID_07574,Server Image,Bank transaction logs,Internal audit
EVID_07575,Database Dump,Suspicious email chain,Office search
EVID_07576,USB Device,External USB,IT department
EVID_07577,Account Records,External USB,IT department
EVID_07578,Hard Drive,Unauthorized access logs,Personal device
EVID_07579,Server Image,Bank transaction logs,Office search
EVID_07580,USB Device,Deleted files recovery,Financial institution
EVID_07581,Email Logs,Financial records,Law enforcement
EVID_07582,Cloud Storage,Unauthorized access logs,Financial institution
EVID_07583,Hard Drive,Bank transaction logs,IT department
EVID_07584,Mobile Phone,Bank transaction logs,Personal device
EVID_07585,Cloud Storage,Financial records,Office search
EVID_07586,Server Image,Deleted files recovery,Internal audit
EVID_07587,Server Image,External USB,Personal device
EVID_07588,Mobile Phone,Unauthorized access logs,Office search
EVID_07589,USB Device,Suspicious email chain,Cloud provider
EVID_07590,Server Image,External USB,Corporate network
EVID_07591,Hard Drive,Deleted files recovery,Office search
EVID_07592,Cloud Storage,Malware traces,Internal audit
EVID_07593,Cloud Storage,Bank transaction logs,IT department
EVID_07594,Database Dump,Bank transaction logs,Cloud provider
EVID_07595,Hard Drive,Bank transaction logs,Personal device
EVID_07596,Network Logs,External USB,Cloud provider
EVID_07597,Hard Drive,Suspect laptop,IT department
EVID_07598,Cloud Storage,Suspect laptop,Corporate network
EVID_07599,Server Image,Bank transaction logs,Personal device
EVID_07600,Cloud Storage,Suspect laptop,Law enforcement
EVID_07601,Laptop Image,Deleted files recovery,Financial institution
EVID_07602,Laptop Image,External USB,Cloud provider
EVID_07603,Network Logs,Suspicious email chain,Financial institution
EVID_07604,Network Logs,Forged documents,Internal audit
EVID_07605,USB Device,Malware traces,Law enforcement
EVID_07606,Network Logs,Suspicious email chain,Law enforcement
EVID_07607,Database Dump,Deleted files recovery,IT department
EVID_07608,Network Logs,Unauthorized access logs,Corporate network
EVID_07609,Laptop Image,Financial records,Personal device
EVID_07610,Hard Drive,Suspicious email chain,Personal device
EVID_07611,Email Logs,Malware traces,Internal audit
EVID_07612,USB Device,Malware traces,Office search
EVID_07613,Network Logs,Suspect laptop,Internal audit
EVID_07614,USB Device,Forged documents,Cloud provider
EVID_07615,Hard Drive,Financial records,Law enforcement
EVID_07616,Account Records,Suspect laptop,Financial institution
EVID_07617,USB Device,Encrypted smartphone,Law enforcement
EVID_07618,Database Dump,Encrypted smartphone,Financial institution
EVID_07619,Database Dump,Encrypted smartphone,Cloud provider
EVID_07620,Database Dump,Malware traces,Personal device
EVID_07621,Network Logs,Forged documents,Corporate network
EVID_07622,USB Device,Financial records,Financial institution
EVID_07623,Hard Drive,Deleted files recovery,Corporate network
EVID_07624,Hard Drive,Unauthorized access logs,Cloud provider
EVID_07625,Mobile Phone,Suspect laptop,IT department
EVID_07626,Cloud Storage,Financial records,Corporate network
EVID_07627,Email Logs,Malware traces,Cloud provider
EVID_07628,Server Image,Deleted files recovery,Personal device
EVID_07629,Cloud Storage,Forged documents,Personal device
EVID_07630,Server Image,Deleted files recovery,Financial institution
EVID_07631,Laptop Image,Suspicious email chain,Financial institution
EVID_07632,Network Logs,Encrypted smartphone,Law enforcement
EVID_07633,Database Dump,Suspect laptop,IT department
EVID_07634,Laptop Image,Malware traces,Financial institution
EVID_07635,Mobile Phone,Deleted files recovery,Office search
EVID_07636,Cloud Storage,Malware traces,Law enforcement
EVID_07637,Hard Drive,Unauthorized access logs,Law enforcement
EVID_07638,Laptop Image,Financial records,Financial institution
EVID_07639,USB Device,Unauthorized access logs,Cloud provider
EVID_07640,Laptop Image,Deleted files recovery,Corporate network
EVID_07641,Server Image,Deleted files recovery,Cloud provider
EVID_07642,Laptop Image,Encrypted smartphone,Office search
EVID_07643,Email Logs,Bank transaction logs,Corporate network
EVID_07644,Server Image,Unauthorized access logs,Financial institution
EVID_07645,Email Logs,Suspicious email chain,Corporate network
EVID_07646,Laptop Image,Suspect laptop,Personal device
EVID_07647,Laptop Image,Malware traces,Internal audit
EVID_07648,Hard Drive,Deleted files recovery,Personal device
EVID_07649,Database Dump,Malware traces,Corporate network
EVID_07650,Cloud Storage,Unauthorized access logs,Cloud provider
EVID_07651,Email Logs,Financial records,Personal device
EVID_07652,Database Dump,External USB,Financial institution
EVID_07653,Network Logs,Encrypted smartphone,Personal device
EVID_07654,Mobile Phone,Unauthorized access logs,Personal device
EVID_07655,Database Dump,Bank transaction logs,Corporate network
EVID_07656,Laptop Image,Financial records,IT department
EVID_07657,Laptop Image,Bank transaction logs,Cloud provider
EVID_07658,Cloud Storage,Suspect laptop,Internal audit
EVID_07659,Hard Drive,Encrypted smartphone,Cloud provider
EVID_07660,Laptop Image,Unauthorized access logs,IT department
EVID_07661,Account Records,Suspicious email chain,IT department
EVID_07662,Cloud Storage,External USB,Corporate network
EVID_07663,Account Records,Suspicious email chain,Financial institution
EVID_07664,Hard Drive,Forged documents,Corporate network
EVID_07665,Network Logs,Deleted files recovery,Personal device
EVID_07666,Network Logs,Deleted files recovery,Cloud provider
EVID_07667,Hard Drive,Encrypted smartphone,Cloud provider
EVID_07668,Database Dump,Malware traces,Internal audit
EVID_07669,Account Records,Deleted files recovery,Law enforcement
EVID_07670,Database Dump,Suspicious email chain,Personal device
EVID_07671,Network Logs,Malware traces,Office search
EVID_07672,Network Logs,Bank transaction logs,Cloud provider
EVID_07673,Database Dump,External USB,Cloud provider
EVID_07674,Hard Drive,External USB,Cloud provider
EVID_07675,Cloud Storage,Suspect laptop,Law enforcement
EVID_07676,Cloud Storage,Malware traces,Law enforcement
EVID_07677,Network Logs,Forged documents,Office search
EVID_07678,USB Device,Forged documents,IT department
EVID_07679,Laptop Image,Encrypted smartphone,Cloud provider
EVID_07680,Account Records,Unauthorized access logs,Internal audit
EVID_07681,Network Logs,Deleted files recovery,Office search
EVID_07682,Server Image,Deleted files recovery,Corporate network
EVID_07683,Server Image,Malware traces,IT department
EVID_07684,Account Records,Bank transaction logs,IT department
EVID_07685,Network Logs,Encrypted smartphone,Law enforcement
EVID_07686,Laptop Image,Deleted files recovery,Cloud provider
EVID_07687,Account Records,Suspicious email chain,Personal device
EVID_07688,Email Logs,Malware traces,Financial institution
EVID_07689,Hard Drive,Encrypted smartphone,Corporate network
EVID_07690,Laptop Image,Unauthorized access logs,Personal device
EVID_07691,Database Dump,Unauthorized access logs,Law enforcement
EVID_07692,Hard Drive,Malware traces,Cloud provider
EVID_07693,Account Records,Suspicious email chain,Internal audit
EVID_07694,Database Dump,Forged documents,Office search
EVID_07695,Database Dump,Deleted files recovery,Office search
EVID_07696,USB Device,Deleted files recovery,IT department
EVID_07697,Laptop Image,Forged documents,Cloud provider
EVID_07698,Mobile Phone,Suspicious email chain,Cloud provider
EVID_07699,Laptop Image,Deleted files recovery,Law enforcement
EVID_07700,Laptop Image,External USB,Cloud provider
EVID_07701,Email Logs,Financial records,Personal device
EVID_07702,Email Logs,Suspect laptop,Personal device
EVID_07703,Laptop Image,Deleted files recovery,Cloud provider
EVID_07704,Email Logs,Forged documents,IT department
EVID_07705,Server Image,Unauthorized access logs,Office search
EVID_07706,Cloud Storage,Bank transaction logs,Law enforcement
EVID_07707,Laptop Image,Financial records,Corporate network
EVID_07708,Network Logs,Financial records,Financial institution
EVID_07709,Network Logs,Deleted files recovery,Office search
EVID_07710,Laptop Image,Suspect laptop,Corporate network
EVID_07711,USB Device,Forged documents,Law enforcement
EVID_07712,Network Logs,Financial records,Office search
EVID_07713,Hard Drive,Deleted files recovery,Office search
EVID_07714,Cloud Storage,Bank transaction logs,Office search
EVID_07715,Network Logs,Deleted files recovery,Internal audit
EVID_07716,Server Image,Financial records,Law enforcement
EVID_07717,Laptop Image,External USB,Personal device
EVID_07718,Server Image,Unauthorized access logs,Personal device
EVID_07719,Database Dump,Bank transaction logs,IT department
EVID_07720,Cloud Storage,Encrypted smartphone,Corporate network
EVID_07721,Database Dump,Malware traces,Financial institution
EVID_07722,Account Records,Encrypted smartphone,Corporate network
EVID_07723,Email Logs,Malware traces,Law enforcement
EVID_07724,Network Logs,Financial records,Corporate network
EVID_07725,Server Image,Forged documents,Financial institution
EVID_07726,Hard Drive,Suspect laptop,Cloud provider
EVID_07727,Hard Drive,Unauthorized access logs,Corporate network
EVID_07728,Server Image,External USB,Internal audit
EVID_07729,Mobile Phone,Malware traces,IT department
EVID_07730,Laptop Image,Suspicious email chain,Office search
EVID_07731,Email Logs,Suspect laptop,Personal device
EVID_07732,Email Logs,Deleted files recovery,Law enforcement
EVID_07733,Laptop Image,Suspicious email chain,Personal device
EVID_07734,Mobile Phone,Bank transaction logs,Office search
EVID_07735,Network Logs,Malware traces,Cloud provider
EVID_07736,Account Records,Suspect laptop,Corporate network
EVID_07737,Email Logs,Forged documents,Personal device
EVID_07738,Cloud Storage,Unauthorized access logs,Law enforcement
EVID_07739,Database Dump,Malware traces,Cloud provider
EVID_07740,Database Dump,Suspicious email chain,Cloud provider
EVID_07741,Network Logs,Deleted files recovery,Law enforcement
EVID_07742,USB Device,Suspect laptop,Internal audit
EVID_07743,Email Logs,External USB,Financial institution
EVID_07744,Server Image,Malware traces,Internal audit
EVID_07745,Email Logs,Malware traces,Personal device
EVID_07746,Server Image,Suspicious email chain,Internal audit
EVID_07747,Database Dump,Deleted files recovery,Corporate network
EVID_07748,Email Logs,Encrypted smartphone,Cloud provider
EVID_07749,USB Device,Bank transaction logs,Corporate network
EVID_07750,Hard Drive,Malware traces,Financial institution
EVID_07751,Cloud Storage,Unauthorized access logs,Office search
EVID_07752,Laptop Image,Malware traces,Personal device
EVID_07753,USB Device,Bank transaction logs,Financial institution
EVID_07754,USB Device,Financial records,Law enforcement
EVID_07755,Database Dump,Forged documents,Cloud provider
EVID_07756,USB Device,External USB,Cloud provider
EVID_07757,Cloud Storage,Malware traces,Office search
EVID_07758,Email Logs,Suspicious email chain,Corporate network
EVID_07759,Account Records,Deleted files recovery,Financial institution
EVID_07760,Hard Drive,Suspect laptop,Financial institution
EVID_07761,Account Records,Malware traces,IT department
EVID_07762,Cloud Storage,Financial records,Corporate network
EVID_07763,Database Dump,Unauthorized access logs,Internal audit
EVID_07764,USB Device,Encrypted smartphone,Cloud provider
EVID_07765,USB Device,Suspect laptop,Cloud provider
EVID_07766,Laptop Image,Financial records,Internal audit
EVID_07767,Server Image,Suspect laptop,Financial institution
EVID_07768,Hard Drive,Suspect laptop,IT department
EVID_07769,Email Logs,Malware traces,Personal device
EVID_07770,Account Records,Deleted files recovery,Office search
EVID_07771,Account Records,External USB,Financial institution
EVID_07772,Hard Drive,Suspect laptop,Financial institution
EVID_07773,Network Logs,Financial records,Internal audit
EVID_07774,Database Dump,Suspicious email chain,Personal device
EVID_07775,Laptop Image,Deleted files recovery,Law enforcement
EVID_07776,Email Logs,Encrypted smartphone,Internal audit
EVID_07777,Hard Drive,Forged documents,Financial institution
EVID_07778,Network Logs,Suspicious email chain,IT department
EVID_07779,Account Records,Forged documents,Personal device
EVID_07780,Email Logs,Malware traces,Corporate network
EVID_07781,Laptop Image,Malware traces,IT department
EVID_07782,Server Image,Malware traces,Corporate network
EVID_07783,Network Logs,Bank transaction logs,IT department
EVID_07784,Email Logs,Suspect laptop,Personal device
EVID_07785,Cloud Storage,Suspect laptop,Internal audit
EVID_07786,USB Device,Suspicious email chain,Internal audit
EVID_07787,Laptop Image,Encrypted smartphone,Internal audit
EVID_07788,Laptop Image,Suspicious email chain,Law enforcement
EVID_07789,Laptop Image,Forged documents,Financial institution
EVID_07790,Cloud Storage,Financial records,IT department
EVID_07791,Mobile Phone,Bank transaction logs,Office search
EVID_07792,Network Logs,Suspect laptop,Office search
EVID_07793,Laptop Image,Unauthorized access logs,Corporate network
EVID_07794,Laptop Image,Deleted files recovery,IT department
EVID_07795,Laptop Image,External USB,Financial institution
EVID_07796,Laptop Image,Unauthorized access logs,Personal device
EVID_07797,Email Logs,Unauthorized access logs,Office search
EVID_07798,Server Image,Encrypted smartphone,Cloud provider
EVID_07799,Cloud Storage,Suspect laptop,Personal device
EVID_07800,Email Logs,Encrypted smartphone,Law enforcement
EVID_07801,Network Logs,Bank transaction logs,IT department
EVID_07802,Laptop Image,Malware traces,Law enforcement
EVID_07803,Network Logs,Malware traces,IT department
EVID_07804,Hard Drive,Forged documents,Financial institution
EVID_07805,USB Device,Malware traces,Personal device
EVID_07806,Server Image,Suspicious email chain,Office search
EVID_07807,Cloud Storage,External USB,Personal device
EVID_07808,Cloud Storage,External USB,Financial institution
EVID_07809,Email Logs,Suspicious email chain,Internal audit
EVID_07810,Hard Drive,Unauthorized access logs,Personal device
EVID_07811,Mobile Phone,Unauthorized access logs,Office search
EVID_07812,Laptop Image,Financial records,Cloud provider
EVID_07813,Server Image,Deleted files recovery,Personal device
EVID_07814,USB Device,Unauthorized access logs,Personal device
EVID_07815,Database Dump,Suspicious email chain,Financial institution
EVID_07816,Network Logs,Unauthorized access logs,Law enforcement
EVID_07817,Server Image,Suspicious email chain,IT department
EVID_07818,Account Records,Encrypted smartphone,Financial institution
EVID_07819,USB Device,Deleted files recovery,Corporate network
EVID_07820,Email Logs,Forged documents,Financial institution
EVID_07821,Database Dump,Forged documents,Internal audit
EVID_07822,Laptop Image,Unauthorized access logs,Law enforcement
EVID_07823,Database Dump,Deleted files recovery,Law enforcement
EVID_07824,Database Dump,Financial records,Office search
EVID_07825,USB Device,Forged documents,Office search
EVID_07826,Hard Drive,Encrypted smartphone,Financial institution
EVID_07827,Laptop Image,Encrypted smartphone,IT department
EVID_07828,Mobile Phone,Unauthorized access logs,Corporate network
EVID_07829,Hard Drive,Suspicious email chain,IT department
EVID_07830,Email Logs,Malware traces,Financial institution
EVID_07831,Cloud Storage,Forged documents,Corporate network
EVID_07832,Network Logs,Malware traces,Internal audit
EVID_07833,Database Dump,External USB,Internal audit
EVID_07834,Email Logs,Forged documents,IT department
EVID_07835,Network Logs,External USB,Corporate network
EVID_07836,Cloud Storage,Suspect laptop,Corporate network
EVID_07837,Network Logs,Suspect laptop,Personal device
EVID_07838,Database Dump,Bank transaction logs,IT department
EVID_07839,Cloud Storage,Bank transaction logs,Internal audit
EVID_07840,Mobile Phone,Forged documents,Cloud provider
EVID_07841,Network Logs,Suspect laptop,Corporate network
EVID_07842,Email Logs,Deleted files recovery,Corporate network
EVID_07843,Email Logs,Deleted files recovery,IT department
EVID_07844,Laptop Image,Forged documents,Law enforcement
EVID_07845,USB Device,Suspect laptop,Office search
EVID_07846,Account Records,Malware traces,Corporate network
EVID_07847,Email Logs,Malware traces,IT department
EVID_07848,Database Dump,Forged documents,IT department
EVID_07849,Server Image,Unauthorized access logs,Law enforcement
EVID_07850,Mobile Phone,Suspicious email chain,IT department
EVID_07851,Hard Drive,Suspicious email chain,Personal device
EVID_07852,Cloud Storage,Suspect laptop,Personal device
EVID_07853,Mobile Phone,Bank transaction logs,Cloud provider
EVID_07854,Email Logs,Bank transaction logs,Law enforcement
EVID_07855,Server Image,Encrypted smartphone,Personal device
EVID_07856,Database Dump,Suspicious email chain,Cloud provider
EVID_07857,Server Image,Encrypted smartphone,Internal audit
EVID_07858,Email Logs,Encrypted smartphone,Internal audit
EVID_07859,Email Logs,Unauthorized access logs,Office search
EVID_07860,Hard Drive,Suspicious email chain,Law enforcement
EVID_07861,Hard Drive,Malware traces,Law enforcement
EVID_07862,Account Records,Deleted files recovery,Personal device
EVID_07863,Laptop Image,Deleted files recovery,Corporate network
EVID_07864,USB Device,Unauthorized access logs,Office search
EVID_07865,Mobile Phone,Financial records,Corporate network
EVID_07866,USB Device,Malware traces,IT department
EVID_07867,Laptop Image,Forged documents,Law enforcement
EVID_07868,Database Dump,Suspicious email chain,Personal device
EVID_07869,Account Records,Suspect laptop,Corporate network
EVID_07870,Hard Drive,Bank transaction logs,Financial institution
EVID_07871,Database Dump,Suspect laptop,Office search
EVID_07872,Cloud Storage,Malware traces,Internal audit
EVID_07873,Email Logs,Malware traces,Corporate network
EVID_07874,Hard Drive,Bank transaction logs,Law enforcement
EVID_07875,USB Device,Suspicious email chain,Financial institution
EVID_07876,Hard Drive,Suspicious email chain,Cloud provider
EVID_07877,Email Logs,Suspect laptop,IT department
EVID_07878,Email Logs,Malware traces,Internal audit
EVID_07879,Laptop Image,Forged documents,Internal audit
EVID_07880,Database Dump,Financial records,Office search
EVID_07881,Laptop Image,External USB,Personal device
EVID_07882,Mobile Phone,Encrypted smartphone,Personal device
EVID_07883,Cloud Storage,Malware traces,Personal device
EVID_07884,Email Logs,Encrypted smartphone,Corporate network
EVID_07885,Account Records,Suspicious email chain,IT department
EVID_07886,Database Dump,Financial records,Personal device
EVID_07887,Database Dump,Suspect laptop,Personal device
EVID_07888,Server Image,Bank transaction logs,Office search
EVID_07889,USB Device,External USB,Law enforcement
EVID_07890,Hard Drive,Financial records,Corporate network
EVID_07891,Database Dump,Forged documents,Personal device
EVID_07892,Network Logs,Forged documents,Personal device
EVID_07893,Mobile Phone,External USB,Personal device
EVID_07894,Cloud Storage,Malware traces,Personal device
EVID_07895,Network Logs,Deleted files recovery,Financial institution
EVID_07896,Network Logs,Unauthorized access logs,Financial institution
EVID_07897,Hard Drive,Financial records,Law enforcement
EVID_07898,Hard Drive,External USB,Corporate network
EVID_07899,Email Logs,Forged documents,Personal device
EVID_07900,Laptop Image,Bank transaction logs,Cloud provider
EVID_07901,Cloud Storage,Unauthorized access logs,Cloud provider
EVID_07902,Account Records,Suspicious email chain,Cloud provider
EVID_07903,Email Logs,External USB,Corporate network
EVID_07904,Database Dump,Encrypted smartphone,Cloud provider
EVID_07905,Database Dump,Financial records,Personal device
EVID_07906,Email Logs,Forged documents,Cloud provider
EVID_07907,Database Dump,Suspect laptop,Office search
EVID_07908,Email Logs,Encrypted smartphone,Office search
EVID_07909,Email Logs,External USB,Office search
EVID_07910,Account Records,Encrypted smartphone,Law enforcement
EVID_07911,Laptop Image,Suspicious email chain,Financial institution
EVID_07912,Cloud Storage,Bank transaction logs,Corporate network
EVID_07913,USB Device,Forged documents,Corporate network
EVID_07914,Email Logs,Malware traces,Internal audit
EVID_07915,Network Logs,Forged documents,Financial institution
EVID_07916,Laptop Image,Financial records,Personal device
EVID_07917,USB Device,Suspicious email chain,Internal audit
EVID_07918,Database Dump,Malware traces,Law enforcement
EVID_07919,Server Image,Bank transaction logs,Personal device
EVID_07920,Database Dump,Deleted files recovery,Cloud provider
EVID_07921,Cloud Storage,Unauthorized access logs,IT department
EVID_07922,Network Logs,Financial records,Financial institution
EVID_07923,Database Dump,External USB,Financial institution
EVID_07924,Network Logs,Bank transaction logs,Internal audit
EVID_07925,Laptop Image,External USB,Office search
EVID_07926,Account Records,Malware traces,Internal audit
EVID_07927,Mobile Phone,Bank transaction logs,Office search
EVID_07928,USB Device,Malware traces,Financial institution
EVID_07929,Server Image,Bank transaction logs,Internal audit
EVID_07930,Database Dump,Encrypted smartphone,Law enforcement
EVID_07931,Network Logs,Financial records,Corporate network
EVID_07932,Network Logs,External USB,IT department
EVID_07933,Database Dump,Deleted files recovery,Corporate network
EVID_07934,Email Logs,Suspect laptop,Financial institution
EVID_07935,Cloud Storage,Malware traces,Personal device
EVID_07936,Email Logs,Unauthorized access logs,Cloud provider
EVID_07937,Database Dump,Bank transaction logs,Personal device
EVID_07938,Mobile Phone,Bank transaction logs,Corporate network
EVID_07939,Network Logs,Financial records,Financial institution
EVID_07940,Cloud Storage,Forged documents,Law enforcement
EVID_07941,Hard Drive,Deleted files recovery,Internal audit
EVID_07942,Cloud Storage,Malware traces,Corporate network
EVID_07943,Account Records,Malware traces,Law enforcement
EVID_07944,Email Logs,Encrypted smartphone,Office search
EVID_07945,USB Device,Suspect laptop,Corporate network
EVID_07946,Hard Drive,Unauthorized access logs,IT department
EVID_07947,Hard Drive,Unauthorized access logs,Corporate network
EVID_07948,Mobile Phone,Encrypted smartphone,IT department
EVID_07949,Database Dump,Suspect laptop,IT department
EVID_07950,Account Records,Encrypted smartphone,IT department
EVID_07951,Account Records,Suspect laptop,Cloud provider
EVID_07952,USB Device,Suspicious email chain,Cloud provider
EVID_07953,Laptop Image,Suspicious email chain,IT department
EVID_07954,Account Records,Financial records,Financial institution
EVID_07955,Mobile Phone,External USB,Corporate network
EVID_07956,Database Dump,External USB,Personal device
EVID_07957,Cloud Storage,Malware traces,Office search
EVID_07958,Database Dump,Forged documents,Law enforcement
EVID_07959,Database Dump,External USB,IT department
EVID_07960,Laptop Image,Unauthorized access logs,Law enforcement
EVID_07961,Server Image,External USB,Office search
EVID_07962,Mobile Phone,Bank transaction logs,IT department
EVID_07963,USB Device,External USB,Law enforcement
EVID_07964,Mobile Phone,Deleted files recovery,Corporate network
EVID_07965,Server Image,Suspect laptop,Corporate network
EVID_07966,Hard Drive,Financial records,Personal device
EVID_07967,Cloud Storage,External USB,Office search
EVID_07968,Mobile Phone,Unauthorized access logs,Corporate network
EVID_07969,Hard Drive,Bank transaction logs,Office search
EVID_07970,USB Device,Forged documents,Law enforcement
EVID_07971,Server Image,Suspect laptop,Corporate network
EVID_07972,USB Device,Malware traces,IT department
EVID_07973,USB Device,Deleted files recovery,Office search
EVID_07974,Laptop Image,External USB,Internal audit
EVID_07975,USB Device,Deleted files recovery,Law enforcement
EVID_07976,USB Device,Malware traces,IT department
EVID_07977,USB Device,Unauthorized access logs,IT department
EVID_07978,Database Dump,Unauthorized access logs,Cloud provider
EVID_07979,USB Device,Bank transaction logs,Personal device
EVID_07980,Mobile Phone,Unauthorized access logs,Internal audit
EVID_07981,Server Image,Forged documents,Internal audit
EVID_07982,Cloud Storage,Bank transaction logs,Law enforcement
EVID_07983,Hard Drive,Deleted files recovery,Financial institution
EVID_07984,Email Logs,Bank transaction logs,Personal device
EVID_07985,Mobile Phone,Suspicious email chain,Corporate network
EVID_07986,Database Dump,Malware traces,Personal device
EVID_07987,Hard Drive,Bank transaction logs,Office search
EVID_07988,Server Image,External USB,Internal audit
EVID_07989,Database Dump,Encrypted smartphone,Financial institution
EVID_07990,Server Image,Unauthorized access logs,IT department
EVID_07991,Database Dump,Encrypted smartphone,Financial institution
EVID_07992,Mobile Phone,Unauthorized access logs,Personal device
EVID_07993,Mobile Phone,Encrypted smartphone,IT department
EVID_07994,Network Logs,Forged documents,Financial institution
EVID_07995,Network Logs,Suspect laptop,Personal device
EVID_07996,Database Dump,Deleted files recovery,IT department
EVID_07997,Email Logs,External USB,Office search
EVID_07998,Laptop Image,Bank transaction logs,Financial institution
EVID_07999,Mobile Phone,External USB,Personal device
EVID_08000,Email Logs,Encrypted smartphone,Corporate network
EVID_08001,Email Logs,Suspicious email chain,Office search
EVID_08002,Network Logs,Deleted files recovery,Financial institution
EVID_08003,Laptop Image,Suspicious email chain,Internal audit
EVID_08004,Network Logs,Forged documents,IT department
EVID_08005,Laptop Image,Forged documents,Personal device
EVID_08006,Cloud Storage,Malware traces,IT department
EVID_08007,USB Device,Encrypted smartphone,IT department
EVID_08008,USB Device,Malware traces,Financial institution
EVID_08009,Email Logs,Bank transaction logs,Financial institution
EVID_08010,Network Logs,Financial records,Corporate network
EVID_08011,Mobile Phone,Forged documents,Internal audit
EVID_08012,Cloud Storage,Bank transaction logs,Personal device
EVID_08013,Network Logs,Unauthorized access logs,Internal audit
EVID_08014,Mobile Phone,Forged documents,Office search
EVID_08015,Database Dump,Suspect laptop,Corporate network
EVID_08016,Server Image,Encrypted smartphone,Cloud provider
EVID_08017,Database Dump,Unauthorized access logs,Office search
EVID_08018,Server Image,Suspicious email chain,Internal audit
EVID_08019,Database Dump,Bank transaction logs,IT department
EVID_08020,Database Dump,Suspicious email chain,Financial institution
EVID_08021,Mobile Phone,Forged documents,Corporate network
EVID_08022,Mobile Phone,Suspect laptop,IT department
EVID_08023,USB Device,Encrypted smartphone,Office search
EVID_08024,Laptop Image,Unauthorized access logs,Financial institution
EVID_08025,USB Device,Financial records,Personal device
EVID_08026,Mobile Phone,Bank transaction logs,IT department
EVID_08027,USB Device,Suspect laptop,Financial institution
EVID_08028,USB Device,Deleted files recovery,Law enforcement
EVID_08029,Server Image,Suspect laptop,Cloud provider
EVID_08030,Network Logs,External USB,Financial institution
EVID_08031,Hard Drive,Forged documents,Law enforcement
EVID_08032,Email Logs,Unauthorized access logs,IT department
EVID_08033,Cloud Storage,Suspicious email chain,Personal device
EVID_08034,Mobile Phone,Malware traces,Law enforcement
EVID_08035,Network Logs,Forged documents,Financial institution
EVID_08036,Laptop Image,Suspect laptop,Corporate network
EVID_08037,Account Records,Suspect laptop,Cloud provider
EVID_08038,Mobile Phone,Forged documents,Personal device
EVID_08039,Network Logs,Suspect laptop,Cloud provider
EVID_08040,Database Dump,Suspicious email chain,Cloud provider
EVID_08041,Mobile Phone,External USB,Office search
EVID_08042,Mobile Phone,Forged documents,Cloud provider
EVID_08043,Database Dump,Forged documents,Corporate network
EVID_08044,Hard Drive,Unauthorized access logs,Office search
EVID_08045,Network Logs,Unauthorized access logs,Law enforcement
EVID_08046,Network Logs,External USB,Law enforcement
EVID_08047,Database Dump,Malware traces,Corporate network
EVID_08048,Email Logs,Deleted files recovery,Internal audit
EVID_08049,Cloud Storage,Encrypted smartphone,Financial institution
EVID_08050,Cloud Storage,Financial records,Cloud provider
EVID_08051,Laptop Image,Financial records,Office search
EVID_08052,Laptop Image,Financial records,Financial institution
EVID_08053,Laptop Image,External USB,Corporate network
EVID_08054,Database Dump,Deleted files recovery,Personal device
EVID_08055,Network Logs,Encrypted smartphone,Law enforcement
EVID_08056,Mobile Phone,Bank transaction logs,Personal device
EVID_08057,Cloud Storage,Suspicious email chain,Cloud provider
EVID_08058,Hard Drive,Forged documents,Cloud provider
EVID_08059,USB Device,Financial records,Internal audit
EVID_08060,Cloud Storage,Forged documents,IT department
EVID_08061,Server Image,Financial records,Financial institution
EVID_08062,Account Records,Bank transaction logs,Personal device
EVID_08063,Account Records,Suspect laptop,Corporate network
EVID_08064,Account Records,External USB,IT department
EVID_08065,Account Records,Bank transaction logs,Office search
EVID_08066,Mobile Phone,Financial records,Law enforcement
EVID_08067,Account Records,Deleted files recovery,Cloud provider
EVID_08068,Laptop Image,Malware traces,Office search
EVID_08069,Cloud Storage,Deleted files recovery,Personal device
EVID_08070,Hard Drive,Bank transaction logs,IT department
EVID_08071,Laptop Image,Malware traces,Law enforcement
EVID_08072,Cloud Storage,Deleted files recovery,Internal audit
EVID_08073,Database Dump,External USB,IT department
EVID_08074,Network Logs,External USB,Law enforcement
EVID_08075,Email Logs,Bank transaction logs,Office search
EVID_08076,Account Records,Malware traces,IT department
EVID_08077,Mobile Phone,Unauthorized access logs,Internal audit
EVID_08078,Cloud Storage,Malware traces,Law enforcement
EVID_08079,Account Records,Deleted files recovery,IT department
EVID_08080,Cloud Storage,Bank transaction logs,Internal audit
EVID_08081,Cloud Storage,Malware traces,Law enforcement
EVID_08082,Account Records,Bank transaction logs,Office search
EVID_08083,Database Dump,Forged documents,Office search
EVID_08084,Hard Drive,Encrypted smartphone,Corporate network
EVID_08085,Cloud Storage,Financial records,Law enforcement
EVID_08086,Email Logs,External USB,Office search
EVID_08087,Mobile Phone,Forged documents,Personal device
EVID_08088,Laptop Image,Suspect laptop,Law enforcement
EVID_08089,Network Logs,Financial records,Internal audit
EVID_08090,Mobile Phone,External USB,Cloud provider
EVID_08091,USB Device,External USB,IT department
EVID_08092,Network Logs,Bank transaction logs,Cloud provider
EVID_08093,Account Records,Deleted files recovery,Law enforcement
EVID_08094,Email Logs,Bank transaction logs,Law enforcement
EVID_08095,Hard Drive,Deleted files recovery,Corporate network
EVID_08096,Email Logs,Suspect laptop,Corporate network
EVID_08097,Server Image,Unauthorized access logs,Personal device
EVID_08098,USB Device,Bank transaction logs,Personal device
EVID_08099,Server Image,Deleted files recovery,Financial institution
EVID_08100,Laptop Image,Encrypted smartphone,Office search
EVID_08101,Laptop Image,External USB,IT department
EVID_08102,Database Dump,Financial records,Personal device
EVID_08103,USB Device,Bank transaction logs,Financial institution
EVID_08104,Laptop Image,Unauthorized access logs,Law enforcement
EVID_08105,Laptop Image,External USB,Corporate network
EVID_08106,Database Dump,Deleted files recovery,Internal audit
EVID_08107,Hard Drive,Financial records,Corporate network
EVID_08108,Network Logs,Malware traces,Internal audit
EVID_08109,Server Image,Financial records,Office search
EVID_08110,Server Image,Bank transaction logs,Cloud provider
EVID_08111,Mobile Phone,Suspicious email chain,Cloud provider
EVID_08112,Network Logs,Malware traces,Internal audit
EVID_08113,Network Logs,Suspect laptop,Office search
EVID_08114,Account Records,Malware traces,Office search
EVID_08115,Email Logs,Encrypted smartphone,Financial institution
EVID_08116,USB Device,Encrypted smartphone,IT department
EVID_08117,Database Dump,Unauthorized access logs,Office search
EVID_08118,Server Image,External USB,Personal device
EVID_08119,Database Dump,Encrypted smartphone,Corporate network
EVID_08120,Cloud Storage,Suspicious email chain,Financial institution
EVID_08121,Server Image,Encrypted smartphone,Cloud provider
EVID_08122,Email Logs,Malware traces,Office search
EVID_08123,Database Dump,Suspect laptop,Internal audit
EVID_08124,USB Device,Unauthorized access logs,Internal audit
EVID_08125,Account Records,Unauthorized access logs,Corporate network
EVID_08126,Mobile Phone,Unauthorized access logs,Corporate network
EVID_08127,Server Image,Encrypted smartphone,Office search
EVID_08128,Hard Drive,Financial records,IT department
EVID_08129,Server Image,Forged documents,Financial institution
EVID_08130,Account Records,Forged documents,IT department
EVID_08131,Hard Drive,Unauthorized access logs,Financial institution
EVID_08132,USB Device,Deleted files recovery,Cloud provider
EVID_08133,Account Records,Suspicious email chain,IT department
EVID_08134,Cloud Storage,Forged documents,Law enforcement
EVID_08135,Cloud Storage,External USB,Office search
EVID_08136,Laptop Image,Deleted files recovery,Law enforcement
EVID_08137,Hard Drive,External USB,Personal device
EVID_08138,Database Dump,Forged documents,Law enforcement
EVID_08139,USB Device,Financial records,IT department
EVID_08140,Network Logs,Forged documents,Financial institution
EVID_08141,Mobile Phone,Bank transaction logs,Law enforcement
EVID_08142,USB Device,Suspect laptop,Internal audit
EVID_08143,Server Image,Malware traces,Office search
EVID_08144,Hard Drive,Financial records,Personal device
EVID_08145,Cloud Storage,Financial records,Law enforcement
EVID_08146,Hard Drive,Suspicious email chain,Law enforcement
EVID_08147,Database Dump,Suspect laptop,Financial institution
EVID_08148,Email Logs,Suspect laptop,Cloud provider
EVID_08149,USB Device,Suspicious email chain,Internal audit
EVID_08150,Server Image,Bank transaction logs,Office search
EVID_08151,USB Device,Encrypted smartphone,IT department
EVID_08152,Mobile Phone,Suspect laptop,Law enforcement
EVID_08153,Database Dump,Financial records,Cloud provider
EVID_08154,USB Device,Financial records,Office search
EVID_08155,Database Dump,Bank transaction logs,Office search
EVID_08156,Server Image,Malware traces,Law enforcement
EVID_08157,Server Image,Unauthorized access logs,Internal audit
EVID_08158,Laptop Image,External USB,Personal device
EVID_08159,Network Logs,Suspicious email chain,Cloud provider
EVID_08160,Mobile Phone,Encrypted smartphone,Financial institution
EVID_08161,Laptop Image,Suspicious email chain,Law enforcement
EVID_08162,Network Logs,Deleted files recovery,Personal device
EVID_08163,Email Logs,Suspect laptop,Financial institution
EVID_08164,Account Records,Encrypted smartphone,Personal device
EVID_08165,Account Records,Bank transaction logs,Cloud provider
EVID_08166,Account Records,External USB,IT department
EVID_08167,Account Records,Forged documents,Cloud provider
EVID_08168,Cloud Storage,Malware traces,Law enforcement
EVID_08169,Network Logs,Malware traces,Cloud provider
EVID_08170,Mobile Phone,Forged documents,Corporate network
EVID_08171,Hard Drive,Deleted files recovery,Internal audit
EVID_08172,Account Records,Malware traces,Office search
EVID_08173,Account Records,Bank transaction logs,Cloud provider
EVID_08174,Email Logs,External USB,Office search
EVID_08175,Server Image,Unauthorized access logs,Personal device
EVID_08176,Database Dump,Unauthorized access logs,Internal audit
EVID_08177,Database Dump,Forged documents,Personal device
EVID_08178,Network Logs,Deleted files recovery,Office search
EVID_08179,Server Image,Forged documents,Corporate network
EVID_08180,Hard Drive,Malware traces,Cloud provider
EVID_08181,Email Logs,Suspicious email chain,IT department
EVID_08182,Laptop Image,Unauthorized access logs,Law enforcement
EVID_08183,Network Logs,Suspect laptop,Law enforcement
EVID_08184,Mobile Phone,Bank transaction logs,IT department
EVID_08185,Account Records,Forged documents,Financial institution
EVID_08186,Database Dump,Suspect laptop,Financial institution
EVID_08187,Hard Drive,Encrypted smartphone,Corporate network
EVID_08188,Database Dump,Suspicious email chain,Financial institution
EVID_08189,Network Logs,Suspicious email chain,Law enforcement
EVID_08190,Database Dump,External USB,IT department
EVID_08191,Database Dump,Suspect laptop,Office search
EVID_08192,Email Logs,Financial records,IT department
EVID_08193,Database Dump,Deleted files recovery,Office search
EVID_08194,Network Logs,Deleted files recovery,Internal audit
EVID_08195,Network Logs,Suspicious email chain,Financial institution
EVID_08196,Account Records,Bank transaction logs,Financial institution
EVID_08197,Account Records,Suspicious email chain,Internal audit
EVID_08198,Hard Drive,Forged documents,Financial institution
EVID_08199,Mobile Phone,Suspect laptop,Law enforcement
EVID_08200,Cloud Storage,Suspicious email chain,IT department
EVID_08201,Account Records,Forged documents,Financial institution
EVID_08202,Email Logs,Encrypted smartphone,Office search
EVID_08203,USB Device,Encrypted smartphone,Financial institution
EVID_08204,Database Dump,External USB,Office search
EVID_08205,Email Logs,Bank transaction logs,IT department
EVID_08206,Cloud Storage,Forged documents,Corporate network
EVID_08207,Database Dump,External USB,IT department
EVID_08208,Database Dump,Forged documents,Cloud provider
EVID_08209,Server Image,Financial records,Financial institution
EVID_08210,USB Device,Deleted files recovery,Financial institution
EVID_08211,Cloud Storage,Suspect laptop,Internal audit
EVID_08212,Network Logs,Deleted files recovery,Corporate network
EVID_08213,Laptop Image,Deleted files recovery,Law enforcement
EVID_08214,Email Logs,Suspect laptop,IT department
EVID_08215,Network Logs,Malware traces,Office search
EVID_08216,Server Image,Malware traces,Cloud provider
EVID_08217,Laptop Image,Suspicious email chain,Law enforcement
EVID_08218,USB Device,Forged documents,Law enforcement
EVID_08219,Laptop Image,Financial records,Personal device
EVID_08220,Hard Drive,Malware traces,Personal device
EVID_08221,Network Logs,Suspicious email chain,Personal device
EVID_08222,Email Logs,Financial records,Financial institution
EVID_08223,USB Device,Financial records,Financial institution
EVID_08224,Mobile Phone,Forged documents,IT department
EVID_08225,Email Logs,Unauthorized access logs,Corporate network
EVID_08226,USB Device,Malware traces,Financial institution
EVID_08227,Laptop Image,Suspicious email chain,Law enforcement
EVID_08228,Mobile Phone,Forged documents,IT department
EVID_08229,USB Device,Forged documents,Law enforcement
EVID_08230,Cloud Storage,Suspect laptop,Office search
EVID_08231,Cloud Storage,Bank transaction logs,Cloud provider
EVID_08232,Server Image,Unauthorized access logs,Personal device
EVID_08233,Account Records,Bank transaction logs,Law enforcement
EVID_08234,USB Device,Deleted files recovery,Office search
EVID_08235,Cloud Storage,Encrypted smartphone,Financial institution
EVID_08236,Account Records,Unauthorized access logs,Cloud provider
EVID_08237,Hard Drive,Forged documents,Office search
EVID_08238,Laptop Image,Deleted files recovery,Internal audit
EVID_08239,Cloud Storage,Unauthorized access logs,Internal audit
EVID_08240,Email Logs,Bank transaction logs,Office search
EVID_08241,Cloud Storage,Malware traces,Law enforcement
EVID_08242,Server Image,Deleted files recovery,Cloud provider
EVID_08243,Network Logs,Deleted files recovery,Cloud provider
EVID_08244,Database Dump,Suspicious email chain,Cloud provider
EVID_08245,Hard Drive,Deleted files recovery,Internal audit
EVID_08246,USB Device,Financial records,Law enforcement
EVID_08247,USB Device,Unauthorized access logs,Office search
EVID_08248,Network Logs,External USB,Corporate network
EVID_08249,Account Records,Financial records,Corporate network
EVID_08250,Network Logs,Bank transaction logs,Personal device
EVID_08251,Network Logs,External USB,Personal device
EVID_08252,Laptop Image,Forged documents,Office search
EVID_08253,Mobile Phone,Suspicious email chain,Financial institution
EVID_08254,Account Records,Encrypted smartphone,Law enforcement
EVID_08255,Mobile Phone,Deleted files recovery,Financial institution
EVID_08256,Mobile Phone,Forged documents,IT department
EVID_08257,Account Records,Bank transaction logs,Financial institution
EVID_08258,Database Dump,Malware traces,Financial institution
EVID_08259,Account Records,Forged documents,Corporate network
EVID_08260,Server Image,Forged documents,Office search
EVID_08261,Network Logs,External USB,Internal audit
EVID_08262,Network Logs,Suspicious email chain,Law enforcement
EVID_08263,Email Logs,Bank transaction logs,Law enforcement
EVID_08264,Cloud Storage,Deleted files recovery,Personal device
EVID_08265,Network Logs,Suspect laptop,Financial institution
EVID_08266,Email Logs,Bank transaction logs,Cloud provider
EVID_08267,Account Records,Forged documents,Financial institution
EVID_08268,Laptop Image,Forged documents,Internal audit
EVID_08269,Mobile Phone,Suspicious email chain,Personal device
EVID_08270,USB Device,Encrypted smartphone,IT department
EVID_08271,Mobile Phone,Bank transaction logs,Financial institution
EVID_08272,Account Records,External USB,Personal device
EVID_08273,USB Device,Suspect laptop,Internal audit
EVID_08274,Laptop Image,Bank transaction logs,Cloud provider
EVID_08275,Network Logs,Unauthorized access logs,Personal device
EVID_08276,USB Device,Suspect laptop,Personal device
EVID_08277,Account Records,Suspicious email chain,IT department
EVID_08278,Account Records,Deleted files recovery,Corporate network
EVID_08279,Mobile Phone,Forged documents,Cloud provider
EVID_08280,Mobile Phone,Forged documents,IT department
EVID_08281,Email Logs,Malware traces,Law enforcement
EVID_08282,Mobile Phone,External USB,Internal audit
EVID_08283,Laptop Image,External USB,Office search
EVID_08284,Network Logs,Malware traces,Personal device
EVID_08285,Network Logs,Financial records,Cloud provider
EVID_08286,Mobile Phone,Suspect laptop,Law enforcement
EVID_08287,Network Logs,Malware traces,Personal device
EVID_08288,Hard Drive,Unauthorized access logs,Personal device
EVID_08289,Server Image,Unauthorized access logs,Office search
EVID_08290,Cloud Storage,Bank transaction logs,Personal device
EVID_08291,USB Device,Malware traces,Cloud provider
EVID_08292,Account Records,Malware traces,Law enforcement
EVID_08293,Network Logs,Financial records,Cloud provider
EVID_08294,Hard Drive,Forged documents,Internal audit
EVID_08295,Account Records,Suspicious email chain,Financial institution
EVID_08296,Hard Drive,Malware traces,Internal audit
EVID_08297,Account Records,Malware traces,Law enforcement
EVID_08298,Database Dump,External USB,Law enforcement
EVID_08299,Account Records,Unauthorized access logs,Personal device
EVID_08300,Hard Drive,Forged documents,Internal audit
EVID_08301,Server Image,Malware traces,Law enforcement
EVID_08302,Network Logs,Malware traces,Cloud provider
EVID_08303,Laptop Image,External USB,Office search
EVID_08304,Cloud Storage,Bank transaction logs,Personal device
EVID_08305,Mobile Phone,External USB,Corporate network
EVID_08306,Server Image,Unauthorized access logs,Financial institution
EVID_08307,Network Logs,Malware traces,Cloud provider
EVID_08308,Mobile Phone,Deleted files recovery,Personal device
EVID_08309,Network Logs,Encrypted smartphone,Office search
EVID_08310,Database Dump,Deleted files recovery,Financial institution
EVID_08311,Server Image,Unauthorized access logs,Cloud provider
EVID_08312,Laptop Image,Financial records,Personal device
EVID_08313,Mobile Phone,Bank transaction logs,Corporate network
EVID_08314,Cloud Storage,Unauthorized access logs,Office search
EVID_08315,Mobile Phone,Suspect laptop,Cloud provider
EVID_08316,Cloud Storage,Encrypted smartphone,Personal device
EVID_08317,Account Records,Deleted files recovery,Corporate network
EVID_08318,Database Dump,Malware traces,Financial institution
EVID_08319,Hard Drive,Encrypted smartphone,Corporate network
EVID_08320,Database Dump,Deleted files recovery,Financial institution
EVID_08321,USB Device,Bank transaction logs,Cloud provider
EVID_08322,Database Dump,Financial records,Law enforcement
EVID_08323,Laptop Image,Forged documents,Corporate network
EVID_08324,Email Logs,Malware traces,Office search
EVID_08325,Hard Drive,Forged documents,IT department
EVID_08326,Database Dump,Malware traces,Financial institution
EVID_08327,Network Logs,Malware traces,Corporate network
EVID_08328,Database Dump,Financial records,Corporate network
EVID_08329,Cloud Storage,Unauthorized access logs,IT department
EVID_08330,USB Device,Forged documents,Financial institution
EVID_08331,Email Logs,Forged documents,Internal audit
EVID_08332,Laptop Image,External USB,Cloud provider
EVID_08333,USB Device,Suspect laptop,IT department
EVID_08334,Email Logs,Suspicious email chain,IT department
EVID_08335,Mobile Phone,Unauthorized access logs,IT department
EVID_08336,Email Logs,Deleted files recovery,Corporate network
EVID_08337,Mobile Phone,Suspicious email chain,Office search
EVID_08338,Account Records,Bank transaction logs,IT department
EVID_08339,Network Logs,Forged documents,Corporate network
EVID_08340,Laptop Image,Suspicious email chain,Financial institution
EVID_08341,Hard Drive,Unauthorized access logs,Internal audit
EVID_08342,Email Logs,Financial records,Personal device
EVID_08343,Mobile Phone,Malware traces,Personal device
EVID_08344,Cloud Storage,Forged documents,Corporate network
EVID_08345,Server Image,Encrypted smartphone,Corporate network
EVID_08346,Cloud Storage,External USB,Personal device
EVID_08347,Mobile Phone,Unauthorized access logs,IT department
EVID_08348,Account Records,Suspect laptop,Financial institution
EVID_08349,Email Logs,Unauthorized access logs,Personal device
EVID_08350,Database Dump,Malware traces,Internal audit
EVID_08351,Email Logs,Bank transaction logs,Office search
EVID_08352,Email Logs,Bank transaction logs,Financial institution
EVID_08353,USB Device,Forged documents,IT department
EVID_08354,USB Device,Forged documents,Financial institution
EVID_08355,Account Records,Deleted files recovery,Cloud provider
EVID_08356,Server Image,Suspicious email chain,Corporate network
EVID_08357,Cloud Storage,Malware traces,Cloud provider
EVID_08358,Account Records,Suspect laptop,Law enforcement
EVID_08359,USB Device,Suspect laptop,Cloud provider
EVID_08360,Cloud Storage,External USB,Corporate network
EVID_08361,Server Image,Encrypted smartphone,Internal audit
EVID_08362,Account Records,Deleted files recovery,Cloud provider
EVID_08363,USB Device,Financial records,Corporate network
EVID_08364,Email Logs,Unauthorized access logs,Office search
EVID_08365,Database Dump,Malware traces,Corporate network
EVID_08366,Mobile Phone,Deleted files recovery,Financial institution
EVID_08367,Cloud Storage,Suspicious email chain,Financial institution
EVID_08368,Server Image,Unauthorized access logs,Internal audit
EVID_08369,Cloud Storage,Suspicious email chain,Personal device
EVID_08370,Cloud Storage,Financial records,Law enforcement
EVID_08371,Mobile Phone,Bank transaction logs,Corporate network
EVID_08372,Network Logs,Unauthorized access logs,Personal device
EVID_08373,Account Records,Deleted files recovery,IT department
EVID_08374,Database Dump,External USB,Internal audit
EVID_08375,Account Records,Encrypted smartphone,Law enforcement
EVID_08376,Email Logs,Suspect laptop,Corporate network
EVID_08377,Database Dump,Financial records,Law enforcement
EVID_08378,Server Image,Suspicious email chain,Office search
EVID_08379,Laptop Image,Suspicious email chain,IT department
EVID_08380,Database Dump,Bank transaction logs,Financial institution
EVID_08381,Server Image,Deleted files recovery,IT department
EVID_08382,Network Logs,Malware traces,IT department
EVID_08383,Database Dump,Suspect laptop,Personal device
EVID_08384,Mobile Phone,Encrypted smartphone,Office search
EVID_08385,Network Logs,Unauthorized access logs,Law enforcement
EVID_08386,Cloud Storage,Forged documents,Personal device
EVID_08387,Hard Drive,Suspect laptop,IT department
EVID_08388,Email Logs,Unauthorized access logs,Corporate network
EVID_08389,Cloud Storage,Deleted files recovery,Corporate network
EVID_08390,Server Image,Unauthorized access logs,Internal audit
EVID_08391,Email Logs,Malware traces,Financial institution
EVID_08392,Hard Drive,Malware traces,IT department
EVID_08393,Laptop Image,Forged documents,Corporate network
EVID_08394,Network Logs,Bank transaction logs,Internal audit
EVID_08395,Server Image,Bank transaction logs,Office search
EVID_08396,Laptop Image,Bank transaction logs,Cloud provider
EVID_08397,Account Records,Suspect laptop,Internal audit
EVID_08398,Hard Drive,Suspect laptop,Internal audit
EVID_08399,Server Image,External USB,Cloud provider
EVID_08400,Database Dump,Forged documents,Cloud provider
EVID_08401,Laptop Image,Encrypted smartphone,Cloud provider
EVID_08402,Hard Drive,Unauthorized access logs,Personal device
EVID_08403,Laptop Image,Suspicious email chain,Internal audit
EVID_08404,Cloud Storage,Financial records,Internal audit
EVID_08405,USB Device,Financial records,IT department
EVID_08406,USB Device,Encrypted smartphone,Cloud provider
EVID_08407,Cloud Storage,Suspicious email chain,Corporate network
EVID_08408,Hard Drive,External USB,Office search
EVID_08409,USB Device,Financial records,Cloud provider
EVID_08410,Network Logs,Malware traces,IT department
EVID_08411,Server Image,Malware traces,Internal audit
EVID_08412,Network Logs,Malware traces,Financial institution
EVID_08413,Mobile Phone,External USB,Financial institution
EVID_08414,Mobile Phone,Forged documents,Personal device
EVID_08415,Account Records,External USB,Financial institution
EVID_08416,Mobile Phone,Encrypted smartphone,IT department
EVID_08417,Account Records,External USB,Personal device
EVID_08418,USB Device,Encrypted smartphone,IT department
EVID_08419,Server Image,Bank transaction logs,Corporate network
EVID_08420,Account Records,Unauthorized access logs,Law enforcement
EVID_08421,Laptop Image,Malware traces,Internal audit
EVID_08422,Account Records,Deleted files recovery,Law enforcement
EVID_08423,Network Logs,Financial records,Financial institution
EVID_08424,Mobile Phone,External USB,Office search
EVID_08425,Email Logs,Bank transaction logs,Financial institution
EVID_08426,Cloud Storage,Suspicious email chain,Cloud provider
EVID_08427,USB Device,Financial records,Financial institution
EVID_08428,Network Logs,External USB,Law enforcement
EVID_08429,Network Logs,Financial records,Personal device
EVID_08430,Hard Drive,External USB,Financial institution
EVID_08431,Hard Drive,Suspect laptop,Office search
EVID_08432,Laptop Image,Forged documents,Cloud provider
EVID_08433,Account Records,Financial records,Personal device
EVID_08434,Database Dump,Bank transaction logs,Corporate network
EVID_08435,Network Logs,Suspicious email chain,Corporate network
EVID_08436,Cloud Storage,Unauthorized access logs,Office search
EVID_08437,Laptop Image,Malware traces,Corporate network
EVID_08438,Laptop Image,Bank transaction logs,Cloud provider
EVID_08439,Cloud Storage,Forged documents,Corporate network
EVID_08440,Hard Drive,External USB,Internal audit
EVID_08441,Server Image,External USB,Corporate network
EVID_08442,Laptop Image,Malware traces,Office search
EVID_08443,USB Device,Financial records,Internal audit
EVID_08444,Email Logs,Financial records,Internal audit
EVID_08445,Database Dump,Malware traces,Office search
EVID_08446,Account Records,Unauthorized access logs,Corporate network
EVID_08447,Email Logs,Bank transaction logs,Cloud provider
EVID_08448,USB Device,Unauthorized access logs,Financial institution
EVID_08449,Account Records,Forged documents,Corporate network
EVID_08450,Hard Drive,Encrypted smartphone,Personal device
EVID_08451,Database Dump,Forged documents,Office search
EVID_08452,Network Logs,Unauthorized access logs,Cloud provider
EVID_08453,Database Dump,Financial records,Law enforcement
EVID_08454,Laptop Image,Unauthorized access logs,Office search
EVID_08455,Server Image,Encrypted smartphone,Office search
EVID_08456,Mobile Phone,External USB,Personal device
EVID_08457,Account Records,Suspicious email chain,Cloud provider
EVID_08458,Server Image,External USB,Office search
EVID_08459,Hard Drive,Forged documents,IT department
EVID_08460,Hard Drive,Forged documents,Personal device
EVID_08461,Mobile Phone,Malware traces,Cloud provider
EVID_08462,USB Device,Financial records,IT department
EVID_08463,Network Logs,Unauthorized access logs,Law enforcement
EVID_08464,Laptop Image,Bank transaction logs,Financial institution
EVID_08465,Network Logs,Malware traces,IT department
EVID_08466,Cloud Storage,Suspect laptop,Cloud provider
EVID_08467,Mobile Phone,Financial records,Law enforcement
EVID_08468,Account Records,Bank transaction logs,Corporate network
EVID_08469,Account Records,Deleted files recovery,Cloud provider
EVID_08470,USB Device,Financial records,Internal audit
EVID_08471,Network Logs,Financial records,Corporate network
EVID_08472,Server Image,Encrypted smartphone,Office search
EVID_08473,Mobile Phone,Unauthorized access logs,IT department
EVID_08474,Laptop Image,Suspect laptop,Financial institution
EVID_08475,Account Records,Bank transaction logs,Cloud provider
EVID_08476,Server Image,Suspect laptop,Internal audit
EVID_08477,Account Records,Deleted files recovery,Financial institution
EVID_08478,Account Records,Encrypted smartphone,Internal audit
EVID_08479,Server Image,Bank transaction logs,Personal device
EVID_08480,Mobile Phone,Unauthorized access logs,Corporate network
EVID_08481,Cloud Storage,Suspect laptop,Personal device
EVID_08482,USB Device,Suspicious email chain,Cloud provider
EVID_08483,Hard Drive,Suspect laptop,Cloud provider
EVID_08484,Hard Drive,Unauthorized access logs,Cloud provider
EVID_08485,Database Dump,Suspicious email chain,Personal device
EVID_08486,Database Dump,Encrypted smartphone,Internal audit
EVID_08487,Email Logs,Bank transaction logs,Financial institution
EVID_08488,Email Logs,Financial records,Office search
EVID_08489,Network Logs,Suspect laptop,Financial institution
EVID_08490,Database Dump,Financial records,Internal audit
EVID_08491,Mobile Phone,Suspicious email chain,Financial institution
EVID_08492,Database Dump,Suspect laptop,Office search
EVID_08493,USB Device,Encrypted smartphone,Internal audit
EVID_08494,Network Logs,Deleted files recovery,Law enforcement
EVID_08495,Hard Drive,Suspicious email chain,Internal audit
EVID_08496,Cloud Storage,Deleted files recovery,Personal device
EVID_08497,Database Dump,Forged documents,Corporate network
EVID_08498,Laptop Image,Deleted files recovery,Personal device
EVID_08499,Hard Drive,Malware traces,Cloud provider
EVID_08500,Mobile Phone,Unauthorized access logs,IT department
EVID_08501,Mobile Phone,Forged documents,IT department
EVID_08502,Database Dump,Malware traces,Office search
EVID_08503,Email Logs,External USB,Corporate network
EVID_08504,Laptop Image,Unauthorized access logs,Law enforcement
EVID_08505,Cloud Storage,Malware traces,Office search
EVID_08506,Database Dump,Forged documents,Law enforcement
EVID_08507,Server Image,Deleted files recovery,Personal device
EVID_08508,Database Dump,Financial records,Internal audit
EVID_08509,Cloud Storage,Encrypted smartphone,Corporate network
EVID_08510,USB Device,Bank transaction logs,Corporate network
EVID_08511,Cloud Storage,Unauthorized access logs,Personal device
EVID_08512,Server Image,Forged documents,Law enforcement
EVID_08513,Laptop Image,Suspect laptop,Internal audit
EVID_08514,Email Logs,Forged documents,IT department
EVID_08515,USB Device,External USB,IT department
EVID_08516,Server Image,Deleted files recovery,Financial institution
EVID_08517,Network Logs,External USB,Internal audit
EVID_08518,USB Device,Forged documents,Financial institution
EVID_08519,Hard Drive,Suspect laptop,IT department
EVID_08520,Database Dump,Encrypted smartphone,Office search
EVID_08521,Cloud Storage,Encrypted smartphone,Law enforcement
EVID_08522,Laptop Image,Forged documents,Financial institution
EVID_08523,Cloud Storage,Bank transaction logs,Financial institution
EVID_08524,Email Logs,Malware traces,IT department
EVID_08525,Network Logs,Encrypted smartphone,IT department
EVID_08526,Email Logs,External USB,Office search
EVID_08527,Laptop Image,Deleted files recovery,Cloud provider
EVID_08528,Mobile Phone,Suspect laptop,Cloud provider
EVID_08529,Mobile Phone,Bank transaction logs,Internal audit
EVID_08530,Hard Drive,Suspicious email chain,Personal device
EVID_08531,Cloud Storage,Malware traces,Corporate network
EVID_08532,Server Image,Unauthorized access logs,IT department
EVID_08533,Server Image,Financial records,Personal device
EVID_08534,Network Logs,Forged documents,Internal audit
EVID_08535,Database Dump,External USB,Office search
EVID_08536,Account Records,Unauthorized access logs,Personal device
EVID_08537,Network Logs,External USB,Personal device
EVID_08538,Email Logs,Malware traces,Cloud provider
EVID_08539,Hard Drive,Encrypted smartphone,Corporate network
EVID_08540,USB Device,Bank transaction logs,Financial institution
EVID_08541,Database Dump,External USB,Corporate network
EVID_08542,Account Records,External USB,Cloud provider
EVID_08543,Email Logs,Suspicious email chain,Law enforcement
EVID_08544,Hard Drive,Deleted files recovery,Office search
EVID_08545,USB Device,Financial records,Personal device
EVID_08546,Email Logs,Forged documents,Office search
EVID_08547,Laptop Image,Unauthorized access logs,Financial institution
EVID_08548,Cloud Storage,Encrypted smartphone,Financial institution
EVID_08549,Network Logs,Encrypted smartphone,Law enforcement
EVID_08550,Laptop Image,Suspect laptop,Law enforcement
EVID_08551,Server Image,Suspect laptop,IT department
EVID_08552,Laptop Image,Forged documents,Office search
EVID_08553,Database Dump,Bank transaction logs,Financial institution
EVID_08554,Hard Drive,Forged documents,Corporate network
EVID_08555,Server Image,Suspect laptop,Internal audit
EVID_08556,Account Records,Encrypted smartphone,Law enforcement
EVID_08557,USB Device,Forged documents,Personal device
EVID_08558,Server Image,Deleted files recovery,Office search
EVID_08559,Account Records,External USB,Law enforcement
EVID_08560,Cloud Storage,Bank transaction logs,Financial institution
EVID_08561,USB Device,Suspicious email chain,IT department
EVID_08562,Hard Drive,Suspicious email chain,Internal audit
EVID_08563,Network Logs,Bank transaction logs,IT department
EVID_08564,Hard Drive,Suspect laptop,Internal audit
EVID_08565,Mobile Phone,Unauthorized access logs,Financial institution
EVID_08566,Server Image,Bank transaction logs,IT department
EVID_08567,Account Records,External USB,Personal device
EVID_08568,Account Records,Suspicious email chain,Internal audit
EVID_08569,Hard Drive,External USB,Financial institution
EVID_08570,Account Records,Suspect laptop,Corporate network
EVID_08571,Cloud Storage,Deleted files recovery,Cloud provider
EVID_08572,Email Logs,External USB,Internal audit
EVID_08573,Account Records,Bank transaction logs,Corporate network
EVID_08574,Email Logs,Bank transaction logs,Office search
EVID_08575,Email Logs,Encrypted smartphone,Financial institution
EVID_08576,Network Logs,Forged documents,Law enforcement
EVID_08577,Network Logs,Unauthorized access logs,Law enforcement
EVID_08578,Database Dump,Forged documents,Office search
EVID_08579,Network Logs,Deleted files recovery,Cloud provider
EVID_08580,Network Logs,Deleted files recovery,Corporate network
EVID_08581,Account Records,Suspicious email chain,Cloud provider
EVID_08582,USB Device,Financial records,Office search
EVID_08583,Email Logs,Suspect laptop,Internal audit
EVID_08584,USB Device,Bank transaction logs,Financial institution
EVID_08585,Cloud Storage,External USB,Cloud provider
EVID_08586,Cloud Storage,Encrypted smartphone,Internal audit
EVID_08587,Server Image,Encrypted smartphone,Personal device
EVID_08588,Hard Drive,Suspect laptop,Internal audit
EVID_08589,Server Image,Suspect laptop,Personal device
EVID_08590,Laptop Image,Forged documents,Internal audit
EVID_08591,Cloud Storage,Suspicious email chain,IT department
EVID_08592,Server Image,Forged documents,Corporate network
EVID_08593,Database Dump,Financial records,Personal device
EVID_08594,Server Image,Financial records,Corporate network
EVID_08595,Network Logs,Financial records,IT department
EVID_08596,Account Records,Suspect laptop,Corporate network
EVID_08597,Network Logs,Suspect laptop,Office search
EVID_08598,Email Logs,Deleted files recovery,Personal device
EVID_08599,Mobile Phone,Deleted files recovery,Law enforcement
EVID_08600,Server Image,Unauthorized access logs,Internal audit
EVID_08601,Account Records,Malware traces,IT department
EVID_08602,Server Image,Suspicious email chain,Office search
EVID_08603,Mobile Phone,Deleted files recovery,Personal device
EVID_08604,Hard Drive,Suspicious email chain,Cloud provider
EVID_08605,Account Records,Bank transaction logs,Cloud provider
EVID_08606,Mobile Phone,Financial records,IT department
EVID_08607,Mobile Phone,Malware traces,Internal audit
EVID_08608,Network Logs,Unauthorized access logs,Internal audit
EVID_08609,Laptop Image,Unauthorized access logs,Corporate network
EVID_08610,Network Logs,Forged documents,Internal audit
EVID_08611,Hard Drive,Suspect laptop,Internal audit
EVID_08612,Laptop Image,Encrypted smartphone,Cloud provider
EVID_08613,Mobile Phone,Encrypted smartphone,Internal audit
EVID_08614,Database Dump,Encrypted smartphone,Cloud provider
EVID_08615,Laptop Image,Financial records,Office search
EVID_08616,Server Image,Malware traces,Cloud provider
EVID_08617,Mobile Phone,Suspect laptop,Cloud provider
EVID_08618,Database Dump,Malware traces,Office search
EVID_08619,Laptop Image,Financial records,Personal device
EVID_08620,Laptop Image,Encrypted smartphone,Financial institution
EVID_08621,Server Image,Suspect laptop,Internal audit
EVID_08622,USB Device,Suspicious email chain,Financial institution
EVID_08623,Account Records,Financial records,Personal device
EVID_08624,Account Records,Forged documents,Financial institution
EVID_08625,Laptop Image,Forged documents,Law enforcement
EVID_08626,Laptop Image,Deleted files recovery,Office search
EVID_08627,Cloud Storage,Deleted files recovery,Cloud provider
EVID_08628,USB Device,Suspicious email chain,IT department
EVID_08629,Email Logs,Unauthorized access logs,IT department
EVID_08630,Email Logs,Financial records,Office search
EVID_08631,Mobile Phone,Financial records,Internal audit
EVID_08632,Cloud Storage,Suspect laptop,Financial institution
EVID_08633,Server Image,Bank transaction logs,Cloud provider
EVID_08634,Laptop Image,Suspicious email chain,IT department
EVID_08635,Network Logs,Unauthorized access logs,Internal audit
EVID_08636,Account Records,External USB,Financial institution
EVID_08637,Hard Drive,Bank transaction logs,Law enforcement
EVID_08638,Database Dump,Bank transaction logs,IT department
EVID_08639,Laptop Image,Forged documents,Corporate network
EVID_08640,Network Logs,Forged documents,IT department
EVID_08641,Network Logs,External USB,Office search
EVID_08642,Laptop Image,Forged documents,Law enforcement
EVID_08643,Network Logs,External USB,IT department
EVID_08644,Email Logs,Encrypted smartphone,Personal device
EVID_08645,USB Device,External USB,Financial institution
EVID_08646,Cloud Storage,Bank transaction logs,Law enforcement
EVID_08647,Network Logs,Bank transaction logs,Financial institution
EVID_08648,Laptop Image,Financial records,Personal device
EVID_08649,Hard Drive,Suspect laptop,Financial institution
EVID_08650,Network Logs,Forged documents,IT department
EVID_08651,Mobile Phone,Bank transaction logs,Financial institution
EVID_08652,Email Logs,External USB,Financial institution
EVID_08653,Email Logs,Financial records,Corporate network
EVID_08654,Hard Drive,Suspect laptop,IT department
EVID_08655,USB Device,Financial records,Financial institution
EVID_08656,Email Logs,Encrypted smartphone,Financial institution
EVID_08657,Mobile Phone,Forged documents,Personal device
EVID_08658,Mobile Phone,Financial records,Office search
EVID_08659,Database Dump,Encrypted smartphone,Law enforcement
EVID_08660,Account Records,Suspicious email chain,Corporate network
EVID_08661,Hard Drive,Suspicious email chain,Office search
EVID_08662,Cloud Storage,Bank transaction logs,Internal audit
EVID_08663,Account Records,External USB,Financial institution
EVID_08664,Laptop Image,Unauthorized access logs,Internal audit
EVID_08665,USB Device,Forged documents,Corporate network
EVID_08666,Account Records,Suspicious email chain,Financial institution
EVID_08667,USB Device,Suspect laptop,IT department
EVID_08668,Email Logs,Suspect laptop,Financial institution
EVID_08669,Mobile Phone,Forged documents,Corporate network
EVID_08670,Laptop Image,Bank transaction logs,Financial institution
EVID_08671,Hard Drive,Forged documents,Corporate network
EVID_08672,Cloud Storage,Malware traces,Cloud provider
EVID_08673,Cloud Storage,Deleted files recovery,Internal audit
EVID_08674,Mobile Phone,Deleted files recovery,Cloud provider
EVID_08675,Cloud Storage,External USB,Law enforcement
EVID_08676,Laptop Image,Financial records,Internal audit
EVID_08677,USB Device,Encrypted smartphone,Internal audit
EVID_08678,Mobile Phone,Financial records,Law enforcement
EVID_08679,USB Device,Bank transaction logs,Corporate network
EVID_08680,Server Image,Financial records,Law enforcement
EVID_08681,USB Device,Financial records,Office search
EVID_08682,Account Records,Encrypted smartphone,Personal device
EVID_08683,Server Image,Forged documents,Office search
EVID_08684,Server Image,Financial records,Office search
EVID_08685,Laptop Image,Deleted files recovery,Personal device
EVID_08686,USB Device,Suspect laptop,Corporate network
EVID_08687,Database Dump,Malware traces,Financial institution
EVID_08688,Laptop Image,Encrypted smartphone,Internal audit
EVID_08689,Email Logs,Financial records,Law enforcement
EVID_08690,Email Logs,Suspicious email chain,Law enforcement
EVID_08691,Laptop Image,Financial records,Personal device
EVID_08692,Email Logs,Suspect laptop,Law enforcement
EVID_08693,Laptop Image,Deleted files recovery,Cloud provider
EVID_08694,Account Records,Suspect laptop,Internal audit
EVID_08695,Cloud Storage,Financial records,Office search
EVID_08696,Server Image,Suspicious email chain,Corporate network
EVID_08697,Laptop Image,External USB,IT department
EVID_08698,Server Image,Financial records,Cloud provider
EVID_08699,Database Dump,Suspicious email chain,Internal audit
EVID_08700,Hard Drive,Encrypted smartphone,Personal device
EVID_08701,Network Logs,Forged documents,Cloud provider
EVID_08702,Mobile Phone,External USB,IT department
EVID_08703,Server Image,Deleted files recovery,Personal device
EVID_08704,Database Dump,Suspect laptop,Corporate network
EVID_08705,Laptop Image,Bank transaction logs,Office search
EVID_08706,Email Logs,Suspect laptop,Internal audit
EVID_08707,Account Records,Financial records,Internal audit
EVID_08708,Hard Drive,Bank transaction logs,IT department
EVID_08709,Account Records,External USB,Law enforcement
EVID_08710,Cloud Storage,Malware traces,Financial institution
EVID_08711,Database Dump,Forged documents,Internal audit
EVID_08712,Network Logs,Suspicious email chain,IT department
EVID_08713,Laptop Image,Deleted files recovery,Cloud provider
EVID_08714,Laptop Image,Suspect laptop,Corporate network
EVID_08715,Network Logs,External USB,Law enforcement
EVID_08716,Cloud Storage,External USB,Internal audit
EVID_08717,Laptop Image,External USB,Office search
EVID_08718,Account Records,Suspicious email chain,Personal device
EVID_08719,USB Device,Encrypted smartphone,Financial institution
EVID_08720,Network Logs,Encrypted smartphone,Law enforcement
EVID_08721,USB Device,Forged documents,Financial institution
EVID_08722,Server Image,External USB,Law enforcement
EVID_08723,Network Logs,Suspicious email chain,Law enforcement
EVID_08724,Mobile Phone,Bank transaction logs,Personal device
EVID_08725,Laptop Image,Unauthorized access logs,Corporate network
EVID_08726,Database Dump,Malware traces,Personal device
EVID_08727,Account Records,Malware traces,Cloud provider
EVID_08728,Email Logs,Bank transaction logs,Internal audit
EVID_08729,USB Device,Malware traces,Corporate network
EVID_08730,Network Logs,External USB,Internal audit
EVID_08731,Email Logs,Bank transaction logs,Financial institution
EVID_08732,Hard Drive,Unauthorized access logs,Personal device
EVID_08733,Database Dump,Unauthorized access logs,Personal device
EVID_08734,Mobile Phone,External USB,Financial institution
EVID_08735,Hard Drive,Forged documents,Corporate network
EVID_08736,Hard Drive,External USB,Office search
EVID_08737,USB Device,Financial records,Financial institution
EVID_08738,Server Image,Bank transaction logs,Office search
EVID_08739,Account Records,Malware traces,Personal device
EVID_08740,Account Records,Suspicious email chain,Law enforcement
EVID_08741,Cloud Storage,Financial records,Law enforcement
EVID_08742,Laptop Image,Suspicious email chain,Law enforcement
EVID_08743,Hard Drive,External USB,IT department
EVID_08744,Laptop Image,Deleted files recovery,Corporate network
EVID_08745,Network Logs,Encrypted smartphone,Personal device
EVID_08746,USB Device,Malware traces,IT department
EVID_08747,USB Device,Unauthorized access logs,Internal audit
EVID_08748,Hard Drive,Financial records,IT department
EVID_08749,Network Logs,Bank transaction logs,Internal audit
EVID_08750,Server Image,Forged documents,Law enforcement
EVID_08751,Hard Drive,Deleted files recovery,Office search
EVID_08752,Laptop Image,Unauthorized access logs,Law enforcement
EVID_08753,Laptop Image,Forged documents,Cloud provider
EVID_08754,Cloud Storage,Suspect laptop,Personal device
EVID_08755,Database Dump,Financial records,Law enforcement
EVID_08756,USB Device,Malware traces,Cloud provider
EVID_08757,Server Image,Suspect laptop,Law enforcement
EVID_08758,Email Logs,Deleted files recovery,Corporate network
EVID_08759,USB Device,Suspect laptop,Law enforcement
EVID_08760,Email Logs,Deleted files recovery,Law enforcement
EVID_08761,USB Device,Suspect laptop,Corporate network
EVID_08762,Email Logs,External USB,Corporate network
EVID_08763,Database Dump,Forged documents,Cloud provider
EVID_08764,Laptop Image,Bank transaction logs,Personal device
EVID_08765,Mobile Phone,Encrypted smartphone,Financial institution
EVID_08766,Hard Drive,Bank transaction logs,Financial institution
EVID_08767,Database Dump,Forged documents,Cloud provider
EVID_08768,Network Logs,External USB,Financial institution
EVID_08769,Mobile Phone,Suspicious email chain,IT department
EVID_08770,Server Image,Financial records,Financial institution
EVID_08771,Mobile Phone,External USB,Internal audit
EVID_08772,Account Records,External USB,IT department
EVID_08773,USB Device,Unauthorized access logs,Internal audit
EVID_08774,Hard Drive,Deleted files recovery,Financial institution
EVID_08775,Database Dump,Suspicious email chain,Corporate network
EVID_08776,Network Logs,External USB,Internal audit
EVID_08777,Cloud Storage,Suspicious email chain,IT department
EVID_08778,Hard Drive,Encrypted smartphone,Law enforcement
EVID_08779,Email Logs,Unauthorized access logs,Law enforcement
EVID_08780,Network Logs,Financial records,Law enforcement
EVID_08781,Server Image,Encrypted smartphone,Law enforcement
EVID_08782,Mobile Phone,Suspicious email chain,Personal device
EVID_08783,Hard Drive,Malware traces,IT department
EVID_08784,Mobile Phone,Forged documents,Personal device
EVID_08785,Network Logs,Suspect laptop,Corporate network
EVID_08786,Network Logs,Suspicious email chain,Cloud provider
EVID_08787,Account Records,Unauthorized access logs,Financial institution
EVID_08788,Server Image,Malware traces,Cloud provider
EVID_08789,Mobile Phone,Suspect laptop,Internal audit
EVID_08790,Database Dump,Malware traces,Internal audit
EVID_08791,Email Logs,Financial records,Internal audit
EVID_08792,Account Records,Deleted files recovery,Personal device
EVID_08793,Cloud Storage,Suspicious email chain,Office search
EVID_08794,Account Records,Forged documents,IT department
EVID_08795,USB Device,Financial records,Personal device
EVID_08796,Network Logs,Deleted files recovery,Corporate network
EVID_08797,Cloud Storage,Deleted files recovery,Financial institution
EVID_08798,Database Dump,Bank transaction logs,Corporate network
EVID_08799,Hard Drive,Deleted files recovery,IT department
EVID_08800,Cloud Storage,Financial records,Cloud provider
EVID_08801,Hard Drive,Suspect laptop,Law enforcement
EVID_08802,Hard Drive,Suspicious email chain,Internal audit
EVID_08803,Account Records,Unauthorized access logs,Personal device
EVID_08804,Laptop Image,Deleted files recovery,Office search
EVID_08805,Cloud Storage,External USB,Financial institution
EVID_08806,Mobile Phone,Encrypted smartphone,Cloud provider
EVID_08807,Database Dump,External USB,Personal device
EVID_08808,Laptop Image,Deleted files recovery,Personal device
EVID_08809,Account Records,Encrypted smartphone,Personal device
EVID_08810,Email Logs,Unauthorized access logs,Law enforcement
EVID_08811,Laptop Image,External USB,Personal device
EVID_08812,Email Logs,Forged documents,Financial institution
EVID_08813,Mobile Phone,Suspicious email chain,Corporate network
EVID_08814,Network Logs,Financial records,Financial institution
EVID_08815,Database Dump,Suspect laptop,Cloud provider
EVID_08816,Cloud Storage,Suspicious email chain,Corporate network
EVID_08817,Hard Drive,Deleted files recovery,Internal audit
EVID_08818,Account Records,External USB,Law enforcement
EVID_08819,Server Image,Encrypted smartphone,Office search
EVID_08820,USB Device,Encrypted smartphone,Office search
EVID_08821,Laptop Image,Unauthorized access logs,IT department
EVID_08822,Hard Drive,Unauthorized access logs,Cloud provider
EVID_08823,Server Image,Unauthorized access logs,Cloud provider
EVID_08824,Database Dump,Bank transaction logs,Office search
EVID_08825,Network Logs,External USB,Internal audit
EVID_08826,Server Image,Suspect laptop,Personal device
EVID_08827,Server Image,Forged documents,Cloud provider
EVID_08828,Account Records,Deleted files recovery,Personal device
EVID_08829,Network Logs,External USB,Financial institution
EVID_08830,Account Records,Unauthorized access logs,Office search
EVID_08831,Email Logs,Encrypted smartphone,Personal device
EVID_08832,Laptop Image,Malware traces,Corporate network
EVID_08833,Account Records,External USB,Corporate network
EVID_08834,Database Dump,Suspicious email chain,Cloud provider
EVID_08835,Mobile Phone,Unauthorized access logs,Internal audit
EVID_08836,Network Logs,Encrypted smartphone,Corporate network
EVID_08837,Database Dump,Malware traces,Financial institution
EVID_08838,Server Image,Suspicious email chain,Corporate network
EVID_08839,Email Logs,Deleted files recovery,Personal device
EVID_08840,Email Logs,Suspicious email chain,Cloud provider
EVID_08841,Account Records,Suspect laptop,Office search
EVID_08842,Cloud Storage,Financial records,Financial institution
EVID_08843,USB Device,Bank transaction logs,Corporate network
EVID_08844,Server Image,Forged documents,Financial institution
EVID_08845,Email Logs,Encrypted smartphone,Personal device
EVID_08846,Hard Drive,External USB,Corporate network
EVID_08847,Mobile Phone,External USB,Personal device
EVID_08848,Mobile Phone,Unauthorized access logs,Financial institution
EVID_08849,Mobile Phone,Malware traces,Corporate network
EVID_08850,Network Logs,Encrypted smartphone,IT department
EVID_08851,Database Dump,Malware traces,Law enforcement
EVID_08852,USB Device,Forged documents,Corporate network
EVID_08853,Hard Drive,Suspicious email chain,Cloud provider
EVID_08854,Hard Drive,Bank transaction logs,IT department
EVID_08855,Account Records,Suspect laptop,Personal device
EVID_08856,USB Device,Deleted files recovery,Corporate network
EVID_08857,Database Dump,Financial records,Corporate network
EVID_08858,Server Image,Unauthorized access logs,Cloud provider
EVID_08859,Server Image,Forged documents,Financial institution
EVID_08860,Database Dump,Encrypted smartphone,Corporate network
EVID_08861,Database Dump,Suspect laptop,Cloud provider
EVID_08862,Network Logs,Suspicious email chain,Internal audit
EVID_08863,Network Logs,Encrypted smartphone,Cloud provider
EVID_08864,Database Dump,Suspect laptop,IT department
EVID_08865,Database Dump,Unauthorized access logs,Internal audit
EVID_08866,Database Dump,Forged documents,Office search
EVID_08867,USB Device,Deleted files recovery,Cloud provider
EVID_08868,Database Dump,Suspect laptop,IT department
EVID_08869,Database Dump,Financial records,Internal audit
EVID_08870,Email Logs,Forged documents,IT department
EVID_08871,USB Device,Malware traces,Financial institution
EVID_08872,Laptop Image,Bank transaction logs,Internal audit
EVID_08873,Hard Drive,External USB,Corporate network
EVID_08874,Email Logs,Suspect laptop,Law enforcement
EVID_08875,Cloud Storage,Suspect laptop,Financial institution
EVID_08876,Account Records,Encrypted smartphone,Office search
EVID_08877,Server Image,Encrypted smartphone,Financial institution
EVID_08878,Email Logs,Deleted files recovery,Law enforcement
EVID_08879,Email Logs,Forged documents,Financial institution
EVID_08880,Network Logs,External USB,Financial institution
EVID_08881,USB Device,Malware traces,Cloud provider
EVID_08882,Email Logs,Suspicious email chain,Personal device
EVID_08883,Laptop Image,Financial records,Personal device
EVID_08884,USB Device,Malware traces,Law enforcement
EVID_08885,Hard Drive,Unauthorized access logs,Financial institution
EVID_08886,Network Logs,Financial records,Law enforcement
EVID_08887,Network Logs,Forged documents,Law enforcement
EVID_08888,Mobile Phone,Unauthorized access logs,Office search
EVID_08889,Email Logs,Suspect laptop,Office search
EVID_08890,Network Logs,Deleted files recovery,Cloud provider
EVID_08891,Database Dump,Suspect laptop,Internal audit
EVID_08892,Mobile Phone,Deleted files recovery,Office search
EVID_08893,Cloud Storage,Unauthorized access logs,Cloud provider
EVID_08894,Cloud Storage,Forged documents,Office search
EVID_08895,Network Logs,Malware traces,Financial institution
EVID_08896,Hard Drive,Malware traces,Financial institution
EVID_08897,Mobile Phone,Bank transaction logs,Office search
EVID_08898,USB Device,Suspect laptop,Internal audit
EVID_08899,Laptop Image,Suspicious email chain,IT department
EVID_08900,Database Dump,Suspicious email chain,Corporate network
EVID_08901,Server Image,Deleted files recovery,Office search
EVID_08902,USB Device,Financial records,Personal device
EVID_08903,Laptop Image,Bank transaction logs,Financial institution
EVID_08904,USB Device,Financial records,Law enforcement
EVID_08905,Account Records,Malware traces,Office search
EVID_08906,Account Records,Malware traces,Office search
EVID_08907,Cloud Storage,External USB,Personal device
EVID_08908,Email Logs,Forged documents,Financial institution
EVID_08909,Database Dump,Financial records,Corporate network
EVID_08910,Server Image,Suspicious email chain,Financial institution
EVID_08911,USB Device,Malware traces,Personal device
EVID_08912,Account Records,Encrypted smartphone,Office search
EVID_08913,Account Records,Suspicious email chain,Office search
EVID_08914,Account Records,Encrypted smartphone,Office search
EVID_08915,Network Logs,Unauthorized access logs,Personal device
EVID_08916,Database Dump,Malware traces,IT department
EVID_08917,Network Logs,Bank transaction logs,Corporate network
EVID_08918,USB Device,Bank transaction logs,Financial institution
EVID_08919,Server Image,Encrypted smartphone,Law enforcement
EVID_08920,Mobile Phone,Forged documents,Internal audit
EVID_08921,Email Logs,Malware traces,Office search
EVID_08922,Server Image,Bank transaction logs,Financial institution
EVID_08923,USB Device,Suspicious email chain,Financial institution
EVID_08924,Email Logs,Unauthorized access logs,Law enforcement
EVID_08925,Network Logs,Suspect laptop,Office search
EVID_08926,Email Logs,Suspect laptop,Internal audit
EVID_08927,Server Image,Forged documents,Corporate network
EVID_08928,Account Records,Bank transaction logs,Office search
EVID_08929,Mobile Phone,Suspect laptop,Corporate network
EVID_08930,Network Logs,Encrypted smartphone,Law enforcement
EVID_08931,Account Records,Suspicious email chain,Office search
EVID_08932,Mobile Phone,Suspicious email chain,Cloud provider
EVID_08933,Cloud Storage,Encrypted smartphone,Financial institution
EVID_08934,Cloud Storage,Deleted files recovery,IT department
EVID_08935,Server Image,Suspicious email chain,IT department
EVID_08936,Hard Drive,Malware traces,IT department
EVID_08937,Account Records,External USB,Corporate network
EVID_08938,Laptop Image,Deleted files recovery,Office search
EVID_08939,Database Dump,Malware traces,Personal device
EVID_08940,Server Image,Bank transaction logs,Internal audit
EVID_08941,Network Logs,Encrypted smartphone,Law enforcement
EVID_08942,Database Dump,External USB,Law enforcement
EVID_08943,Mobile Phone,Financial records,Law enforcement
EVID_08944,Network Logs,Bank transaction logs,IT department
EVID_08945,Email Logs,Malware traces,Corporate network
EVID_08946,Account Records,Malware traces,Office search
EVID_08947,Database Dump,External USB,Personal device
EVID_08948,Account Records,Forged documents,Corporate network
EVID_08949,Network Logs,Forged documents,Cloud provider
EVID_08950,Laptop Image,Forged documents,Law enforcement
EVID_08951,Database Dump,Financial records,Internal audit
EVID_08952,Account Records,External USB,Internal audit
EVID_08953,Cloud Storage,Unauthorized access logs,Financial institution
EVID_08954,Account Records,External USB,Personal device
EVID_08955,Server Image,Unauthorized access logs,Office search
EVID_08956,Laptop Image,Forged documents,IT department
EVID_08957,USB Device,Deleted files recovery,Personal device
EVID_08958,Mobile Phone,Encrypted smartphone,Internal audit
EVID_08959,Laptop Image,Bank transaction logs,Financial institution
EVID_08960,Cloud Storage,Forged documents,Office search
EVID_08961,Email Logs,External USB,Personal device
EVID_08962,Email Logs,Suspicious email chain,Personal device
EVID_08963,Cloud Storage,Forged documents,Law enforcement
EVID_08964,Network Logs,Forged documents,Law enforcement
EVID_08965,Cloud Storage,Bank transaction logs,Law enforcement
EVID_08966,Laptop Image,Deleted files recovery,Financial institution
EVID_08967,Database Dump,External USB,Office search
EVID_08968,USB Device,Financial records,Law enforcement
EVID_08969,Database Dump,Deleted files recovery,Office search
EVID_08970,Network Logs,Forged documents,Personal device
EVID_08971,Hard Drive,Suspicious email chain,Corporate network
EVID_08972,Account Records,Deleted files recovery,Cloud provider
EVID_08973,Laptop Image,External USB,Law enforcement
EVID_08974,Account Records,Financial records,Corporate network
EVID_08975,Laptop Image,External USB,Internal audit
EVID_08976,USB Device,Unauthorized access logs,Corporate network
EVID_08977,Email Logs,Deleted files recovery,Personal device
EVID_08978,Account Records,External USB,Corporate network
EVID_08979,Hard Drive,Malware traces,Office search
EVID_08980,Laptop Image,Bank transaction logs,Personal device
EVID_08981,Email Logs,Financial records,Law enforcement
EVID_08982,Network Logs,Encrypted smartphone,Cloud provider
EVID_08983,Mobile Phone,External USB,Corporate network
EVID_08984,Email Logs,Unauthorized access logs,Financial institution
EVID_08985,Hard Drive,Unauthorized access logs,Financial institution
EVID_08986,Hard Drive,Suspicious email chain,Internal audit
EVID_08987,Cloud Storage,External USB,Internal audit
EVID_08988,Network Logs,Financial records,Financial institution
EVID_08989,Database Dump,Suspicious email chain,Cloud provider
EVID_08990,Email Logs,Deleted files recovery,IT department
EVID_08991,Cloud Storage,External USB,Cloud provider
EVID_08992,Network Logs,External USB,Office search
EVID_08993,USB Device,Suspect laptop,Internal audit
EVID_08994,Laptop Image,Encrypted smartphone,Law enforcement
EVID_08995,Laptop Image,Malware traces,IT department
EVID_08996,Account Records,Encrypted smartphone,Law enforcement
EVID_08997,Account Records,External USB,Law enforcement
EVID_08998,Server Image,Bank transaction logs,IT department
EVID_08999,Mobile Phone,External USB,Office search
EVID_09000,Database Dump,Malware traces,Personal device
EVID_09001,Laptop Image,Suspect laptop,Corporate network
EVID_09002,Database Dump,Unauthorized access logs,Personal device
EVID_09003,Account Records,External USB,Personal device
EVID_09004,Account Records,Malware traces,Internal audit
EVID_09005,Cloud Storage,Encrypted smartphone,Financial institution
EVID_09006,USB Device,Forged documents,IT department
EVID_09007,Hard Drive,Encrypted smartphone,Financial institution
EVID_09008,Laptop Image,Malware traces,Office search
EVID_09009,Hard Drive,Deleted files recovery,Personal device
EVID_09010,Email Logs,Deleted files recovery,IT department
EVID_09011,Account Records,Forged documents,Personal device
EVID_09012,Mobile Phone,Bank transaction logs,Financial institution
EVID_09013,Laptop Image,Malware traces,Financial institution
EVID_09014,Laptop Image,Bank transaction logs,Personal device
EVID_09015,Account Records,Unauthorized access logs,Internal audit
EVID_09016,Account Records,Financial records,Office search
EVID_09017,Account Records,Suspicious email chain,Personal device
EVID_09018,Database Dump,External USB,Cloud provider
EVID_09019,Laptop Image,Suspicious email chain,Office search
EVID_09020,USB Device,Suspect laptop,Corporate network
EVID_09021,Account Records,External USB,Office search
EVID_09022,Database Dump,Forged documents,Personal device
EVID_09023,USB Device,External USB,Personal device
EVID_09024,Mobile Phone,Unauthorized access logs,Internal audit
EVID_09025,Database Dump,Forged documents,Financial institution
EVID_09026,USB Device,External USB,Cloud provider
EVID_09027,Hard Drive,Unauthorized access logs,IT department
EVID_09028,Mobile Phone,Suspicious email chain,Personal device
EVID_09029,Network Logs,Financial records,Corporate network
EVID_09030,Cloud Storage,Suspect laptop,Personal device
EVID_09031,USB Device,Encrypted smartphone,IT department
EVID_09032,Network Logs,External USB,Office search
EVID_09033,USB Device,Suspicious email chain,Financial institution
EVID_09034,Server Image,External USB,Office search
EVID_09035,Email Logs,Malware traces,Law enforcement
EVID_09036,Cloud Storage,Encrypted smartphone,Law enforcement
EVID_09037,USB Device,Unauthorized access logs,Financial institution
EVID_09038,Email Logs,Unauthorized access logs,Corporate network
EVID_09039,Account Records,Deleted files recovery,Corporate network
EVID_09040,Laptop Image,Malware traces,Law enforcement
EVID_09041,Laptop Image,Suspicious email chain,Law enforcement
EVID_09042,Account Records,Unauthorized access logs,Office search
EVID_09043,Mobile Phone,Forged documents,Cloud provider
EVID_09044,Email Logs,Financial records,Corporate network
EVID_09045,USB Device,External USB,Corporate network
EVID_09046,Hard Drive,Suspect laptop,Corporate network
EVID_09047,USB Device,Financial records,Corporate network
EVID_09048,Email Logs,External USB,Corporate network
EVID_09049,Hard Drive,Suspicious email chain,Financial institution
EVID_09050,Network Logs,Financial records,IT department
EVID_09051,Email Logs,Deleted files recovery,IT department
EVID_09052,Hard Drive,Deleted files recovery,Internal audit
EVID_09053,Server Image,Unauthorized access logs,Financial institution
EVID_09054,Laptop Image,Financial records,Internal audit
EVID_09055,Cloud Storage,Bank transaction logs,Office search
EVID_09056,Cloud Storage,Suspicious email chain,Law enforcement
EVID_09057,Email Logs,Deleted files recovery,Law enforcement
EVID_09058,Mobile Phone,External USB,Office search
EVID_09059,Hard Drive,External USB,Office search
EVID_09060,USB Device,Deleted files recovery,Office search
EVID_09061,Server Image,External USB,Office search
EVID_09062,Network Logs,Suspicious email chain,IT department
EVID_09063,Cloud Storage,Bank transaction logs,Cloud provider
EVID_09064,Email Logs,Financial records,Cloud provider
EVID_09065,Network Logs,Malware traces,Internal audit
EVID_09066,Hard Drive,Malware traces,Law enforcement
EVID_09067,Laptop Image,Suspect laptop,Law enforcement
EVID_09068,Server Image,Financial records,Financial institution
EVID_09069,Network Logs,Unauthorized access logs,Corporate network
EVID_09070,USB Device,Deleted files recovery,Financial institution
EVID_09071,Network Logs,Malware traces,Personal device
EVID_09072,Network Logs,Suspicious email chain,IT department
EVID_09073,USB Device,Unauthorized access logs,Office search
EVID_09074,Database Dump,External USB,Personal device
EVID_09075,Email Logs,Financial records,Personal device
EVID_09076,Email Logs,Suspicious email chain,Cloud provider
EVID_09077,Hard Drive,External USB,Office search
EVID_09078,Email Logs,Encrypted smartphone,Law enforcement
EVID_09079,USB Device,Suspicious email chain,Law enforcement
EVID_09080,Cloud Storage,Suspicious email chain,Personal device
EVID_09081,Email Logs,Deleted files recovery,Law enforcement
EVID_09082,Cloud Storage,Deleted files recovery,Law enforcement
EVID_09083,Cloud Storage,Suspect laptop,Personal device
EVID_09084,Cloud Storage,Encrypted smartphone,IT department
EVID_09085,Cloud Storage,Malware traces,Office search
EVID_09086,Hard Drive,Bank transaction logs,Office search
EVID_09087,Hard Drive,Encrypted smartphone,Corporate network
EVID_09088,Database Dump,Deleted files recovery,Financial institution
EVID_09089,Cloud Storage,Unauthorized access logs,Financial institution
EVID_09090,Cloud Storage,Bank transaction logs,Office search
EVID_09091,Database Dump,External USB,IT department
EVID_09092,Server Image,Suspicious email chain,Office search
EVID_09093,Laptop Image,Deleted files recovery,Corporate network
EVID_09094,Laptop Image,Suspicious email chain,Cloud provider
EVID_09095,Network Logs,External USB,Office search
EVID_09096,USB Device,Deleted files recovery,Law enforcement
EVID_09097,Network Logs,Bank transaction logs,Office search
EVID_09098,Server Image,Suspicious email chain,Office search
EVID_09099,Database Dump,External USB,Cloud provider
EVID_09100,Server Image,Suspect laptop,Cloud provider
EVID_09101,Account Records,Unauthorized access logs,Internal audit
EVID_09102,Laptop Image,Financial records,Internal audit
EVID_09103,Server Image,Bank transaction logs,Office search
EVID_09104,Hard Drive,Financial records,Personal device
EVID_09105,Email Logs,Suspect laptop,Office search
EVID_09106,Network Logs,Unauthorized access logs,Law enforcement
EVID_09107,Database Dump,Unauthorized access logs,Law enforcement
EVID_09108,Email Logs,Financial records,Financial institution
EVID_09109,Network Logs,Bank transaction logs,Office search
EVID_09110,Server Image,Bank transaction logs,IT department
EVID_09111,Network Logs,Bank transaction logs,Internal audit
EVID_09112,Server Image,Forged documents,IT department
EVID_09113,Hard Drive,Bank transaction logs,Personal device
EVID_09114,Account Records,Unauthorized access logs,Personal device
EVID_09115,USB Device,Encrypted smartphone,IT department
EVID_09116,Email Logs,Bank transaction logs,Personal device
EVID_09117,Server Image,Encrypted smartphone,Cloud provider
EVID_09118,Email Logs,Forged documents,Internal audit
EVID_09119,Laptop Image,Suspect laptop,IT department
EVID_09120,Server Image,Forged documents,Office search
EVID_09121,Account Records,Deleted files recovery,Cloud provider
EVID_09122,USB Device,Encrypted smartphone,Cloud provider
EVID_09123,Database Dump,Forged documents,Cloud provider
EVID_09124,Email Logs,Forged documents,Internal audit
EVID_09125,Cloud Storage,Encrypted smartphone,Financial institution
EVID_09126,Laptop Image,Suspicious email chain,Office search
EVID_09127,Hard Drive,Forged documents,Cloud provider
EVID_09128,Hard Drive,External USB,Financial institution
EVID_09129,Cloud Storage,Financial records,Office search
EVID_09130,USB Device,Financial records,Personal device
EVID_09131,Email Logs,Forged documents,Office search
EVID_09132,Laptop Image,Unauthorized access logs,Financial institution
EVID_09133,Cloud Storage,Suspicious email chain,Cloud provider
EVID_09134,Network Logs,Bank transaction logs,Internal audit
EVID_09135,Cloud Storage,Financial records,Cloud provider
EVID_09136,Database Dump,Encrypted smartphone,Cloud provider
EVID_09137,USB Device,Malware traces,Office search
EVID_09138,Cloud Storage,Suspect laptop,Law enforcement
EVID_09139,Mobile Phone,Encrypted smartphone,Financial institution
EVID_09140,Network Logs,Bank transaction logs,Financial institution
EVID_09141,Cloud Storage,Financial records,Personal device
EVID_09142,Account Records,External USB,Law enforcement
EVID_09143,Laptop Image,Unauthorized access logs,Law enforcement
EVID_09144,Laptop Image,Unauthorized access logs,IT department
EVID_09145,Database Dump,Malware traces,Corporate network
EVID_09146,Server Image,External USB,Financial institution
EVID_09147,Cloud Storage,Suspect laptop,Office search
EVID_09148,Hard Drive,Malware traces,Financial institution
EVID_09149,Server Image,Financial records,Cloud provider
EVID_09150,Account Records,Deleted files recovery,Financial institution
EVID_09151,Hard Drive,Suspect laptop,Corporate network
EVID_09152,Laptop Image,External USB,Corporate network
EVID_09153,Database Dump,Suspect laptop,Personal device
EVID_09154,Database Dump,Unauthorized access logs,Cloud provider
EVID_09155,Cloud Storage,Suspect laptop,Personal device
EVID_09156,Account Records,Suspicious email chain,IT department
EVID_09157,Cloud Storage,Deleted files recovery,Personal device
EVID_09158,Database Dump,Suspicious email chain,Internal audit
EVID_09159,Mobile Phone,Suspicious email chain,Personal device
EVID_09160,Account Records,Bank transaction logs,Cloud provider
EVID_09161,Mobile Phone,Deleted files recovery,Cloud provider
EVID_09162,Database Dump,Financial records,Law enforcement
EVID_09163,Email Logs,Encrypted smartphone,Financial institution
EVID_09164,Account Records,Bank transaction logs,Office search
EVID_09165,Hard Drive,Deleted files recovery,IT department
EVID_09166,USB Device,Financial records,Financial institution
EVID_09167,Database Dump,Unauthorized access logs,Internal audit
EVID_09168,USB Device,Suspect laptop,Law enforcement
EVID_09169,Account Records,Financial records,IT department
EVID_09170,Account Records,External USB,Cloud provider
EVID_09171,Email Logs,Forged documents,Financial institution
EVID_09172,Network Logs,External USB,Law enforcement
EVID_09173,Laptop Image,Malware traces,Financial institution
EVID_09174,Cloud Storage,Encrypted smartphone,Personal device
EVID_09175,Database Dump,Deleted files recovery,Financial institution
EVID_09176,Laptop Image,Deleted files recovery,Law enforcement
EVID_09177,Account Records,Encrypted smartphone,Personal device
EVID_09178,Network Logs,External USB,IT department
EVID_09179,Email Logs,Unauthorized access logs,Office search
EVID_09180,Hard Drive,Suspect laptop,Office search
EVID_09181,Network Logs,Suspicious email chain,Financial institution
EVID_09182,Hard Drive,Forged documents,IT department
EVID_09183,Server Image,Forged documents,Financial institution
EVID_09184,Cloud Storage,Financial records,Personal device
EVID_09185,Laptop Image,Malware traces,Internal audit
EVID_09186,Mobile Phone,Unauthorized access logs,Corporate network
EVID_09187,Database Dump,External USB,Financial institution
EVID_09188,Cloud Storage,Malware traces,Cloud provider
EVID_09189,Laptop Image,Suspicious email chain,Cloud provider
EVID_09190,Account Records,Forged documents,Internal audit
EVID_09191,Mobile Phone,Forged documents,Office search
EVID_09192,Cloud Storage,Unauthorized access logs,Corporate network
EVID_09193,Hard Drive,Suspect laptop,Cloud provider
EVID_09194,Mobile Phone,Unauthorized access logs,Cloud provider
EVID_09195,Laptop Image,Bank transaction logs,Cloud provider
EVID_09196,Network Logs,Financial records,Corporate network
EVID_09197,Database Dump,Encrypted smartphone,Corporate network
EVID_09198,Hard Drive,Malware traces,Corporate network
EVID_09199,Cloud Storage,External USB,IT department
EVID_09200,USB Device,Malware traces,Internal audit
EVID_09201,Laptop Image,Malware traces,Internal audit
EVID_09202,Database Dump,Financial records,Law enforcement
EVID_09203,Email Logs,Suspicious email chain,Cloud provider
EVID_09204,Account Records,Financial records,Law enforcement
EVID_09205,Mobile Phone,Financial records,IT department
EVID_09206,Hard Drive,External USB,Corporate network
EVID_09207,Email Logs,Forged documents,Office search
EVID_09208,Database Dump,Deleted files recovery,Cloud provider
EVID_09209,Mobile Phone,Bank transaction logs,Internal audit
EVID_09210,Account Records,Deleted files recovery,IT department
EVID_09211,Laptop Image,Unauthorized access logs,Cloud provider
EVID_09212,Email Logs,Financial records,Cloud provider
EVID_09213,Email Logs,Suspect laptop,Financial institution
EVID_09214,Cloud Storage,Forged documents,Office search
EVID_09215,Database Dump,Bank transaction logs,IT department
EVID_09216,Server Image,Encrypted smartphone,IT department
EVID_09217,USB Device,Deleted files recovery,IT department
EVID_09218,Laptop Image,Encrypted smartphone,IT department
EVID_09219,Server Image,Malware traces,Internal audit
EVID_09220,Email Logs,Deleted files recovery,Financial institution
EVID_09221,Laptop Image,Suspicious email chain,Financial institution
EVID_09222,Account Records,Malware traces,Financial institution
EVID_09223,Database Dump,Malware traces,Office search
EVID_09224,Account Records,Unauthorized access logs,Personal device
EVID_09225,Laptop Image,Encrypted smartphone,Corporate network
EVID_09226,USB Device,Forged documents,Law enforcement
EVID_09227,Server Image,External USB,Personal device
EVID_09228,Cloud Storage,Encrypted smartphone,Corporate network
EVID_09229,Server Image,Suspect laptop,Office search
EVID_09230,Mobile Phone,Unauthorized access logs,Law enforcement
EVID_09231,Laptop Image,Forged documents,Corporate network
EVID_09232,Cloud Storage,Forged documents,Cloud provider
EVID_09233,Network Logs,Deleted files recovery,Corporate network
EVID_09234,USB Device,Financial records,Financial institution
EVID_09235,Server Image,Encrypted smartphone,Personal device
EVID_09236,Database Dump,Financial records,Internal audit
EVID_09237,Network Logs,Financial records,Financial institution
EVID_09238,Hard Drive,Bank transaction logs,Law enforcement
EVID_09239,USB Device,Encrypted smartphone,Internal audit
EVID_09240,Server Image,Financial records,Office search
EVID_09241,Database Dump,External USB,Office search
EVID_09242,Network Logs,Bank transaction logs,Cloud provider
EVID_09243,Email Logs,Deleted files recovery,Office search
EVID_09244,USB Device,Malware traces,Law enforcement
EVID_09245,Hard Drive,Forged documents,Office search
EVID_09246,Database Dump,Financial records,Cloud provider
EVID_09247,Mobile Phone,Encrypted smartphone,Financial institution
EVID_09248,Database Dump,Forged documents,Personal device
EVID_09249,Laptop Image,Unauthorized access logs,Internal audit
EVID_09250,Email Logs,Financial records,Personal device
EVID_09251,Network Logs,Malware traces,Corporate network
EVID_09252,Mobile Phone,Encrypted smartphone,Law enforcement
EVID_09253,Account Records,Encrypted smartphone,Corporate network
EVID_09254,Email Logs,Encrypted smartphone,Internal audit
EVID_09255,USB Device,External USB,Law enforcement
EVID_09256,Server Image,Deleted files recovery,Corporate network
EVID_09257,Hard Drive,Deleted files recovery,Cloud provider
EVID_09258,USB Device,External USB,Internal audit
EVID_09259,Email Logs,Suspicious email chain,Cloud provider
EVID_09260,Network Logs,External USB,Cloud provider
EVID_09261,Mobile Phone,Malware traces,Financial institution
EVID_09262,Hard Drive,Encrypted smartphone,Internal audit
EVID_09263,Laptop Image,Deleted files recovery,Corporate network
EVID_09264,Email Logs,Suspect laptop,Personal device
EVID_09265,Server Image,Forged documents,Financial institution
EVID_09266,Account Records,Suspicious email chain,Personal device
EVID_09267,Hard Drive,Deleted files recovery,Cloud provider
EVID_09268,Network Logs,Unauthorized access logs,Financial institution
EVID_09269,Network Logs,Suspicious email chain,Internal audit
EVID_09270,Mobile Phone,Financial records,Law enforcement
EVID_09271,Laptop Image,Forged documents,Office search
EVID_09272,Email Logs,Suspect laptop,Financial institution
EVID_09273,Hard Drive,Bank transaction logs,Law enforcement
EVID_09274,Network Logs,Financial records,Cloud provider
EVID_09275,Server Image,Bank transaction logs,Internal audit
EVID_09276,Server Image,Deleted files recovery,IT department
EVID_09277,Hard Drive,Malware traces,Internal audit
EVID_09278,Database Dump,Forged documents,Financial institution
EVID_09279,Network Logs,Suspect laptop,Internal audit
EVID_09280,Hard Drive,Financial records,Office search
EVID_09281,Mobile Phone,Deleted files recovery,Internal audit
EVID_09282,Laptop Image,Forged documents,IT department
EVID_09283,Network Logs,Bank transaction logs,Personal device
EVID_09284,Network Logs,Encrypted smartphone,Law enforcement
EVID_09285,Laptop Image,Malware traces,Cloud provider
EVID_09286,Email Logs,Financial records,IT department
EVID_09287,Email Logs,Deleted files recovery,Office search
EVID_09288,Email Logs,Malware traces,Financial institution
EVID_09289,Network Logs,Financial records,Financial institution
EVID_09290,Network Logs,Deleted files recovery,IT department
EVID_09291,Cloud Storage,Malware traces,IT department
EVID_09292,Laptop Image,Forged documents,Office search
EVID_09293,Email Logs,Forged documents,Law enforcement
EVID_09294,Mobile Phone,Unauthorized access logs,Law enforcement
EVID_09295,Server Image,Encrypted smartphone,IT department
EVID_09296,Email Logs,Suspicious email chain,Cloud provider
EVID_09297,Account Records,Financial records,Corporate network
EVID_09298,Database Dump,Financial records,Corporate network
EVID_09299,Laptop Image,Malware traces,Office search
EVID_09300,USB Device,Suspect laptop,Office search
EVID_09301,Email Logs,Financial records,Cloud provider
EVID_09302,Mobile Phone,Suspicious email chain,Law enforcement
EVID_09303,USB Device,Suspicious email chain,Law enforcement
EVID_09304,Database Dump,External USB,IT department
EVID_09305,Server Image,Deleted files recovery,Financial institution
EVID_09306,USB Device,Suspicious email chain,Office search
EVID_09307,Account Records,Bank transaction logs,Financial institution
EVID_09308,USB Device,Deleted files recovery,Financial institution
EVID_09309,Account Records,Encrypted smartphone,Internal audit
EVID_09310,Hard Drive,Encrypted smartphone,Internal audit
EVID_09311,Cloud Storage,Suspicious email chain,IT department
EVID_09312,USB Device,Bank transaction logs,Office search
EVID_09313,Database Dump,Financial records,Personal device
EVID_09314,Server Image,Encrypted smartphone,Personal device
EVID_09315,Account Records,Malware traces,Personal device
EVID_09316,Cloud Storage,Deleted files recovery,IT department
EVID_09317,Laptop Image,Bank transaction logs,Personal device
EVID_09318,Email Logs,Deleted files recovery,Internal audit
EVID_09319,USB Device,Forged documents,Personal device
EVID_09320,Mobile Phone,Forged documents,Internal audit
EVID_09321,Network Logs,Bank transaction logs,Law enforcement
EVID_09322,Database Dump,Malware traces,Law enforcement
EVID_09323,Hard Drive,Forged documents,Office search
EVID_09324,Laptop Image,Encrypted smartphone,IT department
EVID_09325,Account Records,Forged documents,Corporate network
EVID_09326,USB Device,Financial records,Internal audit
EVID_09327,Cloud Storage,Suspicious email chain,Office search
EVID_09328,Database Dump,Bank transaction logs,Personal device
EVID_09329,Database Dump,External USB,IT department
EVID_09330,Email Logs,Encrypted smartphone,Corporate network
EVID_09331,Hard Drive,Suspect laptop,Law enforcement
EVID_09332,Database Dump,External USB,Personal device
EVID_09333,Account Records,Encrypted smartphone,Cloud provider
EVID_09334,Server Image,External USB,Office search
EVID_09335,Cloud Storage,Forged documents,Financial institution
EVID_09336,USB Device,External USB,Internal audit
EVID_09337,USB Device,Malware traces,Financial institution
EVID_09338,Email Logs,Bank transaction logs,Corporate network
EVID_09339,Network Logs,Encrypted smartphone,Law enforcement
EVID_09340,Account Records,External USB,Office search
EVID_09341,Database Dump,Suspect laptop,IT department
EVID_09342,Cloud Storage,Forged documents,Internal audit
EVID_09343,Email Logs,Forged documents,Internal audit
EVID_09344,Account Records,Malware traces,Law enforcement
EVID_09345,Database Dump,Deleted files recovery,Cloud provider
EVID_09346,Network Logs,Suspect laptop,Cloud provider
EVID_09347,Mobile Phone,Financial records,Cloud provider
EVID_09348,Server Image,Suspicious email chain,Internal audit
EVID_09349,Account Records,Unauthorized access logs,Law enforcement
EVID_09350,Database Dump,External USB,IT department
EVID_09351,Database Dump,Unauthorized access logs,Law enforcement
EVID_09352,USB Device,Forged documents,Corporate network
EVID_09353,Database Dump,Deleted files recovery,Personal device
EVID_09354,Cloud Storage,Encrypted smartphone,Corporate network
EVID_09355,Mobile Phone,Unauthorized access logs,Personal device
EVID_09356,Cloud Storage,External USB,Personal device
EVID_09357,Mobile Phone,Deleted files recovery,Personal device
EVID_09358,Laptop Image,Forged documents,Internal audit
EVID_09359,Mobile Phone,External USB,Office search
EVID_09360,Mobile Phone,Suspect laptop,Personal device
EVID_09361,Mobile Phone,Financial records,Personal device
EVID_09362,Mobile Phone,Deleted files recovery,Corporate network
EVID_09363,Hard Drive,Suspicious email chain,Office search
EVID_09364,Email Logs,Forged documents,Office search
EVID_09365,Cloud Storage,Encrypted smartphone,Office search
EVID_09366,Network Logs,Forged documents,Cloud provider
EVID_09367,Mobile Phone,Encrypted smartphone,Office search
EVID_09368,USB Device,Unauthorized access logs,Corporate network
EVID_09369,Cloud Storage,Deleted files recovery,Cloud provider
EVID_09370,Laptop Image,Suspicious email chain,Financial institution
EVID_09371,Email Logs,Malware traces,Financial institution
EVID_09372,Email Logs,Unauthorized access logs,Corporate network
EVID_09373,Server Image,Encrypted smartphone,Corporate network
EVID_09374,Mobile Phone,Unauthorized access logs,IT department
EVID_09375,Mobile Phone,Deleted files recovery,Cloud provider
EVID_09376,Hard Drive,External USB,Internal audit
EVID_09377,Network Logs,External USB,IT department
EVID_09378,Network Logs,Financial records,Office search
EVID_09379,USB Device,Suspicious email chain,Financial institution
EVID_09380,Hard Drive,Forged documents,Personal device
EVID_09381,Cloud Storage,Suspect laptop,Office search
EVID_09382,Email Logs,Malware traces,Cloud provider
EVID_09383,Laptop Image,Suspicious email chain,Personal device
EVID_09384,Network Logs,Suspect laptop,Office search
EVID_09385,Account Records,Bank transaction logs,Personal device
EVID_09386,Mobile Phone,Forged documents,Financial institution
EVID_09387,Mobile Phone,Malware traces,Corporate network
EVID_09388,Database Dump,Forged documents,Office search
EVID_09389,Mobile Phone,Malware traces,Financial institution
EVID_09390,Server Image,Unauthorized access logs,Cloud provider
EVID_09391,Cloud Storage,Bank transaction logs,Corporate network
EVID_09392,Cloud Storage,Forged documents,Personal device
EVID_09393,Server Image,Encrypted smartphone,Corporate network
EVID_09394,Account Records,Unauthorized access logs,IT department
EVID_09395,Mobile Phone,External USB,Office search
EVID_09396,USB Device,Unauthorized access logs,Law enforcement
EVID_09397,Hard Drive,Unauthorized access logs,Financial institution
EVID_09398,Database Dump,Suspect laptop,Office search
EVID_09399,Network Logs,Bank transaction logs,Corporate network
EVID_09400,Account Records,External USB,Law enforcement
EVID_09401,Email Logs,Encrypted smartphone,Corporate network
EVID_09402,Account Records,Suspect laptop,IT department
EVID_09403,Laptop Image,Suspicious email chain,Corporate network
EVID_09404,Mobile Phone,Deleted files recovery,IT department
EVID_09405,Hard Drive,Suspect laptop,IT department
EVID_09406,Account Records,Bank transaction logs,Personal device
EVID_09407,Laptop Image,Forged documents,Law enforcement
EVID_09408,Database Dump,Suspicious email chain,IT department
EVID_09409,Server Image,Suspicious email chain,Internal audit
EVID_09410,Account Records,Deleted files recovery,Cloud provider
EVID_09411,Account Records,External USB,Internal audit
EVID_09412,USB Device,Unauthorized access logs,Financial institution
EVID_09413,Server Image,Suspect laptop,Personal device
EVID_09414,Network Logs,External USB,Financial institution
EVID_09415,Account Records,Suspect laptop,Office search
EVID_09416,Network Logs,Bank transaction logs,Personal device
EVID_09417,Account Records,Financial records,Cloud provider
EVID_09418,Mobile Phone,Unauthorized access logs,Personal device
EVID_09419,Hard Drive,Financial records,Law enforcement
EVID_09420,Network Logs,Bank transaction logs,Internal audit
EVID_09421,Database Dump,Forged documents,IT department
EVID_09422,Laptop Image,Malware traces,Internal audit
EVID_09423,Account Records,Unauthorized access logs,Cloud provider
EVID_09424,USB Device,Forged documents,Personal device
EVID_09425,USB Device,Encrypted smartphone,Office search
EVID_09426,Laptop Image,External USB,Financial institution
EVID_09427,Hard Drive,Encrypted smartphone,Law enforcement
EVID_09428,Network Logs,Bank transaction logs,Office search
EVID_09429,Mobile Phone,Deleted files recovery,Corporate network
EVID_09430,Laptop Image,External USB,IT department
EVID_09431,Network Logs,Suspect laptop,Office search
EVID_09432,USB Device,Financial records,IT department
EVID_09433,Cloud Storage,Malware traces,IT department
EVID_09434,Hard Drive,External USB,Personal device
EVID_09435,Network Logs,Malware traces,Financial institution
EVID_09436,Cloud Storage,External USB,IT department
EVID_09437,Mobile Phone,Forged documents,Office search
EVID_09438,Laptop Image,Encrypted smartphone,IT department
EVID_09439,Laptop Image,Bank transaction logs,IT department
EVID_09440,Account Records,External USB,Financial institution
EVID_09441,Email Logs,Suspicious email chain,Cloud provider
EVID_09442,Database Dump,Financial records,Office search
EVID_09443,Laptop Image,Deleted files recovery,IT department
EVID_09444,Cloud Storage,Forged documents,IT department
EVID_09445,Email Logs,Encrypted smartphone,Corporate network
EVID_09446,Cloud Storage,Financial records,IT department
EVID_09447,Network Logs,Forged documents,Cloud provider
EVID_09448,Mobile Phone,Encrypted smartphone,Personal device
EVID_09449,Cloud Storage,External USB,Office search
EVID_09450,Database Dump,Unauthorized access logs,Office search
EVID_09451,Laptop Image,Suspicious email chain,Financial institution
EVID_09452,Account Records,Unauthorized access logs,Personal device
EVID_09453,Account Records,Bank transaction logs,IT department
EVID_09454,Network Logs,Suspicious email chain,IT department
EVID_09455,Mobile Phone,Suspect laptop,Law enforcement
EVID_09456,Account Records,Financial records,IT department
EVID_09457,Hard Drive,Suspicious email chain,Office search
EVID_09458,Email Logs,Deleted files recovery,IT department
EVID_09459,Laptop Image,Encrypted smartphone,Financial institution
EVID_09460,Laptop Image,External USB,Corporate network
EVID_09461,Network Logs,Suspect laptop,Law enforcement
EVID_09462,Laptop Image,Suspicious email chain,Office search
EVID_09463,Mobile Phone,Bank transaction logs,Internal audit
EVID_09464,Account Records,Deleted files recovery,Law enforcement
EVID_09465,Laptop Image,Bank transaction logs,Office search
EVID_09466,USB Device,Forged documents,Cloud provider
EVID_09467,Network Logs,Forged documents,Internal audit
EVID_09468,Network Logs,Suspect laptop,Financial institution
EVID_09469,Network Logs,Unauthorized access logs,Office search
EVID_09470,Hard Drive,Financial records,Corporate network
EVID_09471,Email Logs,Malware traces,Personal device
EVID_09472,USB Device,Malware traces,Office search
EVID_09473,Account Records,Financial records,IT department
EVID_09474,Cloud Storage,Malware traces,Corporate network
EVID_09475,Account Records,Financial records,Internal audit
EVID_09476,Mobile Phone,Deleted files recovery,IT department
EVID_09477,Email Logs,Forged documents,Office search
EVID_09478,Network Logs,External USB,IT department
EVID_09479,Hard Drive,Financial records,Law enforcement
EVID_09480,Account Records,Malware traces,Financial institution
EVID_09481,Hard Drive,Malware traces,IT department
EVID_09482,USB Device,Bank transaction logs,Internal audit
EVID_09483,Email Logs,Bank transaction logs,Internal audit
EVID_09484,Database Dump,Deleted files recovery,Law enforcement
EVID_09485,Mobile Phone,External USB,Financial institution
EVID_09486,Laptop Image,Unauthorized access logs,Financial institution
EVID_09487,USB Device,Encrypted smartphone,Law enforcement
EVID_09488,Server Image,Financial records,IT department
EVID_09489,Network Logs,Unauthorized access logs,IT department
EVID_09490,Network Logs,Malware traces,Internal audit
EVID_09491,USB Device,Unauthorized access logs,Internal audit
EVID_09492,USB Device,External USB,IT department
EVID_09493,Hard Drive,Forged documents,Personal device
EVID_09494,Hard Drive,Deleted files recovery,Cloud provider
EVID_09495,Cloud Storage,Deleted files recovery,Cloud provider
EVID_09496,Cloud Storage,Suspect laptop,Financial institution
EVID_09497,Database Dump,Forged documents,Office search
EVID_09498,Email Logs,Unauthorized access logs,Corporate network
EVID_09499,Email Logs,Unauthorized access logs,IT department
EVID_09500,Hard Drive,Bank transaction logs,Cloud provider
EVID_09501,Server Image,Financial records,Internal audit
EVID_09502,Cloud Storage,Suspicious email chain,Personal device
EVID_09503,Cloud Storage,Suspect laptop,Corporate network
EVID_09504,Server Image,Suspicious email chain,Corporate network
EVID_09505,Server Image,Deleted files recovery,Personal device
EVID_09506,Hard Drive,Suspicious email chain,Law enforcement
EVID_09507,Laptop Image,Malware traces,Law enforcement
EVID_09508,Laptop Image,Deleted files recovery,Internal audit
EVID_09509,USB Device,External USB,Corporate network
EVID_09510,Hard Drive,External USB,Internal audit
EVID_09511,Database Dump,Financial records,Corporate network
EVID_09512,Email Logs,Financial records,Corporate network
EVID_09513,Hard Drive,Malware traces,Law enforcement
EVID_09514,Network Logs,Suspect laptop,IT department
EVID_09515,Laptop Image,Unauthorized access logs,Corporate network
EVID_09516,USB Device,Suspect laptop,Internal audit
EVID_09517,Hard Drive,Encrypted smartphone,Office search
EVID_09518,USB Device,Forged documents,Financial institution
EVID_09519,Email Logs,Deleted files recovery,Personal device
EVID_09520,USB Device,Suspicious email chain,Corporate network
EVID_09521,Account Records,Bank transaction logs,Cloud provider
EVID_09522,Database Dump,Malware traces,Cloud provider
EVID_09523,Hard Drive,Financial records,IT department
EVID_09524,Cloud Storage,Deleted files recovery,Office search
EVID_09525,Account Records,Deleted files recovery,Personal device
EVID_09526,Account Records,External USB,Cloud provider
EVID_09527,USB Device,Malware traces,Corporate network
EVID_09528,USB Device,Bank transaction logs,Law enforcement
EVID_09529,Mobile Phone,Financial records,Cloud provider
EVID_09530,Hard Drive,Malware traces,Internal audit
EVID_09531,USB Device,Forged documents,Law enforcement
EVID_09532,Mobile Phone,External USB,Office search
EVID_09533,USB Device,Suspect laptop,Cloud provider
EVID_09534,Account Records,Encrypted smartphone,Corporate network
EVID_09535,Laptop Image,Deleted files recovery,Corporate network
EVID_09536,Account Records,Deleted files recovery,Law enforcement
EVID_09537,Hard Drive,External USB,Office search
EVID_09538,Hard Drive,Malware traces,Law enforcement
EVID_09539,Network Logs,Unauthorized access logs,IT department
EVID_09540,Database Dump,Encrypted smartphone,Corporate network
EVID_09541,Hard Drive,Suspect laptop,Personal device
EVID_09542,Mobile Phone,External USB,Office search
EVID_09543,Account Records,Encrypted smartphone,Office search
EVID_09544,Hard Drive,Deleted files recovery,IT department
EVID_09545,Database Dump,Financial records,Personal device
EVID_09546,Account Records,Bank transaction logs,Financial institution
EVID_09547,Network Logs,External USB,Corporate network
EVID_09548,Cloud Storage,Financial records,Cloud provider
EVID_09549,USB Device,Encrypted smartphone,Internal audit
EVID_09550,Laptop Image,Financial records,Cloud provider
EVID_09551,USB Device,Encrypted smartphone,Law enforcement
EVID_09552,Cloud Storage,Malware traces,Internal audit
EVID_09553,Hard Drive,Financial records,IT department
EVID_09554,Network Logs,Forged documents,IT department
EVID_09555,Server Image,Forged documents,Financial institution
EVID_09556,Mobile Phone,Suspect laptop,Law enforcement
EVID_09557,Hard Drive,Forged documents,Office search
EVID_09558,Database Dump,Malware traces,Law enforcement
EVID_09559,Hard Drive,Suspicious email chain,Personal device
EVID_09560,Server Image,Bank transaction logs,Internal audit
EVID_09561,Laptop Image,Encrypted smartphone,Corporate network
EVID_09562,Mobile Phone,Financial records,Financial institution
EVID_09563,USB Device,Malware traces,Office search
EVID_09564,Database Dump,Bank transaction logs,Cloud provider
EVID_09565,Account Records,Bank transaction logs,Financial institution
EVID_09566,Cloud Storage,External USB,Law enforcement
EVID_09567,Hard Drive,Malware traces,Office search
EVID_09568,USB Device,Deleted files recovery,Office search
EVID_09569,Account Records,Unauthorized access logs,Corporate network
EVID_09570,Laptop Image,Malware traces,IT department
EVID_09571,USB Device,Unauthorized access logs,Internal audit
EVID_09572,Hard Drive,External USB,Office search
EVID_09573,Cloud Storage,Suspicious email chain,Law enforcement
EVID_09574,Mobile Phone,Malware traces,Internal audit
EVID_09575,USB Device,Bank transaction logs,IT department
EVID_09576,Server Image,Deleted files recovery,IT department
EVID_09577,Email Logs,Unauthorized access logs,IT department
EVID_09578,Email Logs,Unauthorized access logs,Financial institution
EVID_09579,Mobile Phone,External USB,Financial institution
EVID_09580,Mobile Phone,Deleted files recovery,Internal audit
EVID_09581,Server Image,Unauthorized access logs,Financial institution
EVID_09582,Network Logs,Malware traces,Corporate network
EVID_09583,Mobile Phone,Financial records,Law enforcement
EVID_09584,Mobile Phone,Forged documents,Financial institution
EVID_09585,Database Dump,External USB,Corporate network
EVID_09586,USB Device,Unauthorized access logs,Cloud provider
EVID_09587,Hard Drive,Financial records,Corporate network
EVID_09588,Account Records,Bank transaction logs,Office search
EVID_09589,Hard Drive,Financial records,Corporate network
EVID_09590,Mobile Phone,Deleted files recovery,Cloud provider
EVID_09591,Laptop Image,Malware traces,Law enforcement
EVID_09592,Mobile Phone,Suspicious email chain,IT department
EVID_09593,Cloud Storage,Suspicious email chain,Corporate network
EVID_09594,Laptop Image,Suspicious email chain,Personal device
EVID_09595,Account Records,Suspect laptop,Corporate network
EVID_09596,Email Logs,Financial records,Corporate network
EVID_09597,USB Device,Forged documents,Law enforcement
EVID_09598,Network Logs,Deleted files recovery,Law enforcement
EVID_09599,Account Records,Unauthorized access logs,Internal audit
EVID_09600,Hard Drive,Forged documents,Law enforcement
EVID_09601,Mobile Phone,Suspect laptop,Law enforcement
EVID_09602,Laptop Image,Unauthorized access logs,Corporate network
EVID_09603,Hard Drive,Unauthorized access logs,Financial institution
EVID_09604,Network Logs,Forged documents,Internal audit
EVID_09605,Account Records,Bank transaction logs,Financial institution
EVID_09606,Network Logs,Malware traces,IT department
EVID_09607,Server Image,Unauthorized access logs,Cloud provider
EVID_09608,USB Device,Suspect laptop,Cloud provider
EVID_09609,Database Dump,Financial records,Financial institution
EVID_09610,USB Device,External USB,Internal audit
EVID_09611,USB Device,Deleted files recovery,Financial institution
EVID_09612,Email Logs,External USB,Office search
EVID_09613,Email Logs,External USB,Corporate network
EVID_09614,USB Device,Unauthorized access logs,Office search
EVID_09615,Database Dump,Suspicious email chain,Financial institution
EVID_09616,Mobile Phone,Unauthorized access logs,Corporate network
EVID_09617,USB Device,Malware traces,IT department
EVID_09618,Account Records,Suspect laptop,Internal audit
EVID_09619,USB Device,Malware traces,Office search
EVID_09620,Account Records,Malware traces,Law enforcement
EVID_09621,Hard Drive,Unauthorized access logs,Law enforcement
EVID_09622,Database Dump,Unauthorized access logs,Internal audit
EVID_09623,Server Image,Financial records,Corporate network
EVID_09624,Account Records,Unauthorized access logs,Law enforcement
EVID_09625,Cloud Storage,Deleted files recovery,Personal device
EVID_09626,Network Logs,Deleted files recovery,Internal audit
EVID_09627,Email Logs,Bank transaction logs,Corporate network
EVID_09628,Cloud Storage,External USB,Financial institution
EVID_09629,Laptop Image,Unauthorized access logs,Cloud provider
EVID_09630,Laptop Image,Malware traces,Law enforcement
EVID_09631,Server Image,Encrypted smartphone,Financial institution
EVID_09632,Cloud Storage,Malware traces,Office search
EVID_09633,Server Image,Forged documents,Internal audit
EVID_09634,Mobile Phone,Unauthorized access logs,Internal audit
EVID_09635,USB Device,Deleted files recovery,Financial institution
EVID_09636,Mobile Phone,Suspicious email chain,Financial institution
EVID_09637,Mobile Phone,Suspicious email chain,Cloud provider
EVID_09638,Hard Drive,Malware traces,Financial institution
EVID_09639,Account Records,Bank transaction logs,IT department
EVID_09640,Account Records,Financial records,Corporate network
EVID_09641,Mobile Phone,Forged documents,Cloud provider
EVID_09642,Hard Drive,Suspect laptop,IT department
EVID_09643,Hard Drive,Suspect laptop,Personal device
EVID_09644,Cloud Storage,Unauthorized access logs,Office search
EVID_09645,Mobile Phone,Unauthorized access logs,Corporate network
EVID_09646,Network Logs,Suspicious email chain,Corporate network
EVID_09647,Laptop Image,Suspect laptop,Personal device
EVID_09648,Database Dump,Financial records,IT department
EVID_09649,Server Image,Suspicious email chain,Corporate network
EVID_09650,USB Device,Forged documents,Office search
EVID_09651,Email Logs,Forged documents,Financial institution
EVID_09652,Mobile Phone,External USB,Corporate network
EVID_09653,Mobile Phone,Forged documents,IT department
EVID_09654,Email Logs,Suspicious email chain,Internal audit
EVID_09655,Database Dump,Suspect laptop,Internal audit
EVID_09656,Laptop Image,Malware traces,Office search
EVID_09657,Database Dump,Bank transaction logs,Office search
EVID_09658,Laptop Image,Malware traces,Law enforcement
EVID_09659,Mobile Phone,Malware traces,Financial institution
EVID_09660,Database Dump,Bank transaction logs,Corporate network
EVID_09661,Email Logs,External USB,Financial institution
EVID_09662,Email Logs,Encrypted smartphone,Cloud provider
EVID_09663,Database Dump,Forged documents,Internal audit
EVID_09664,Account Records,Unauthorized access logs,Financial institution
EVID_09665,Account Records,Suspect laptop,Law enforcement
EVID_09666,Network Logs,External USB,Law enforcement
EVID_09667,Network Logs,Suspect laptop,Financial institution
EVID_09668,Laptop Image,Suspect laptop,Personal device
EVID_09669,Database Dump,Suspect laptop,IT department
EVID_09670,Laptop Image,Malware traces,Corporate network
EVID_09671,USB Device,Forged documents,Law enforcement
EVID_09672,Mobile Phone,Forged documents,Office search
EVID_09673,Account Records,Unauthorized access logs,IT department
EVID_09674,Email Logs,Deleted files recovery,IT department
EVID_09675,Account Records,Unauthorized access logs,Internal audit
EVID_09676,Server Image,External USB,Personal device
EVID_09677,Server Image,Suspect laptop,Financial institution
EVID_09678,Hard Drive,External USB,Financial institution
EVID_09679,Server Image,Bank transaction logs,Financial institution
EVID_09680,Database Dump,Malware traces,Internal audit
EVID_09681,USB Device,Suspicious email chain,Financial institution
EVID_09682,Database Dump,Unauthorized access logs,Corporate network
EVID_09683,Hard Drive,Deleted files recovery,Law enforcement
EVID_09684,Hard Drive,Encrypted smartphone,Law enforcement
EVID_09685,Database Dump,Encrypted smartphone,Corporate network
EVID_09686,Laptop Image,External USB,Internal audit
EVID_09687,Laptop Image,Encrypted smartphone,Corporate network
EVID_09688,Mobile Phone,Suspicious email chain,Cloud provider
EVID_09689,Mobile Phone,Encrypted smartphone,Office search
EVID_09690,Database Dump,Malware traces,Cloud provider
EVID_09691,Database Dump,Unauthorized access logs,Office search
EVID_09692,Laptop Image,Forged documents,Corporate network
EVID_09693,Email Logs,Forged documents,Personal device
EVID_09694,Email Logs,Encrypted smartphone,Law enforcement
EVID_09695,Cloud Storage,Malware traces,Personal device
EVID_09696,Database Dump,Forged documents,Corporate network
EVID_09697,Network Logs,Suspect laptop,Corporate network
EVID_09698,Server Image,Encrypted smartphone,Office search
EVID_09699,Hard Drive,Encrypted smartphone,Financial institution
EVID_09700,Laptop Image,Forged documents,Law enforcement
EVID_09701,Server Image,Deleted files recovery,Corporate network
EVID_09702,Laptop Image,Suspicious email chain,IT department
EVID_09703,USB Device,Encrypted smartphone,Law enforcement
EVID_09704,Server Image,Deleted files recovery,Financial institution
EVID_09705,Server Image,Financial records,Cloud provider
EVID_09706,Email Logs,Forged documents,IT department
EVID_09707,Hard Drive,Encrypted smartphone,Office search
EVID_09708,Mobile Phone,Suspect laptop,Financial institution
EVID_09709,Database Dump,Deleted files recovery,Internal audit
EVID_09710,USB Device,External USB,Cloud provider
EVID_09711,Cloud Storage,Financial records,Internal audit
EVID_09712,Mobile Phone,Malware traces,Corporate network
EVID_09713,Server Image,Suspicious email chain,Corporate network
EVID_09714,Mobile Phone,Forged documents,IT department
EVID_09715,Cloud Storage,Encrypted smartphone,Personal device
EVID_09716,Cloud Storage,Deleted files recovery,Financial institution
EVID_09717,Laptop Image,Encrypted smartphone,Corporate network
EVID_09718,USB Device,Suspicious email chain,Office search
EVID_09719,Cloud Storage,Encrypted smartphone,IT department
EVID_09720,Database Dump,Deleted files recovery,Internal audit
EVID_09721,Email Logs,Bank transaction logs,Corporate network
EVID_09722,Mobile Phone,Encrypted smartphone,IT department
EVID_09723,Network Logs,Malware traces,Personal device
EVID_09724,Hard Drive,Financial records,Financial institution
EVID_09725,Mobile Phone,Suspicious email chain,Office search
EVID_09726,Account Records,Encrypted smartphone,Law enforcement
EVID_09727,Database Dump,Suspect laptop,Personal device
EVID_09728,Cloud Storage,Financial records,Internal audit
EVID_09729,Hard Drive,Encrypted smartphone,Office search
EVID_09730,Email Logs,Deleted files recovery,Financial institution
EVID_09731,Account Records,Forged documents,Internal audit
EVID_09732,Hard Drive,Encrypted smartphone,Internal audit
EVID_09733,Database Dump,Suspect laptop,Office search
EVID_09734,Email Logs,Unauthorized access logs,Law enforcement
EVID_09735,Database Dump,External USB,Law enforcement
EVID_09736,Laptop Image,Bank transaction logs,IT department
EVID_09737,Email Logs,Malware traces,IT department
EVID_09738,Cloud Storage,Bank transaction logs,Financial institution
EVID_09739,Server Image,Financial records,Office search
EVID_09740,Laptop Image,Suspicious email chain,Office search
EVID_09741,Laptop Image,Unauthorized access logs,Law enforcement
EVID_09742,USB Device,Suspicious email chain,Corporate network
EVID_09743,USB Device,Suspect laptop,Office search
EVID_09744,Laptop Image,Suspicious email chain,Cloud provider
EVID_09745,Database Dump,Financial records,Law enforcement
EVID_09746,Cloud Storage,Suspicious email chain,Financial institution
EVID_09747,Hard Drive,Bank transaction logs,Law enforcement
EVID_09748,Cloud Storage,Financial records,Office search
EVID_09749,Server Image,Forged documents,Cloud provider
EVID_09750,Account Records,Malware traces,Financial institution
EVID_09751,Database Dump,Suspicious email chain,Office search
EVID_09752,Server Image,Financial records,Cloud provider
EVID_09753,Mobile Phone,Encrypted smartphone,Cloud provider
EVID_09754,USB Device,Deleted files recovery,Financial institution
EVID_09755,Database Dump,Suspicious email chain,IT department
EVID_09756,USB Device,Malware traces,Cloud provider
EVID_09757,Laptop Image,Deleted files recovery,Cloud provider
EVID_09758,Laptop Image,Suspect laptop,Corporate network
EVID_09759,Mobile Phone,Forged documents,Internal audit
EVID_09760,Hard Drive,Unauthorized access logs,Law enforcement
EVID_09761,Database Dump,Bank transaction logs,Corporate network
EVID_09762,Cloud Storage,Malware traces,Cloud provider
EVID_09763,Server Image,Unauthorized access logs,Corporate network
EVID_09764,USB Device,Suspicious email chain,Law enforcement
EVID_09765,Cloud Storage,Suspect laptop,Office search
EVID_09766,Email Logs,Unauthorized access logs,Law enforcement
EVID_09767,Hard Drive,Deleted files recovery,Internal audit
EVID_09768,Network Logs,Deleted files recovery,Cloud provider
EVID_09769,Cloud Storage,Suspect laptop,Law enforcement
EVID_09770,Account Records,Encrypted smartphone,Law enforcement
EVID_09771,Database Dump,Unauthorized access logs,Corporate network
EVID_09772,Network Logs,Unauthorized access logs,Internal audit
EVID_09773,Mobile Phone,Bank transaction logs,IT department
EVID_09774,Cloud Storage,Financial records,Cloud provider
EVID_09775,Email Logs,External USB,Personal device
EVID_09776,Laptop Image,External USB,IT department
EVID_09777,Cloud Storage,Malware traces,Financial institution
EVID_09778,Network Logs,Financial records,Office search
EVID_09779,Laptop Image,Deleted files recovery,Office search
EVID_09780,Cloud Storage,External USB,Internal audit
EVID_09781,Server Image,Suspect laptop,Cloud provider
EVID_09782,Hard Drive,Malware traces,Office search
EVID_09783,Server Image,Suspect laptop,Corporate network
EVID_09784,Hard Drive,Encrypted smartphone,Office search
EVID_09785,Network Logs,Encrypted smartphone,IT department
EVID_09786,USB Device,Encrypted smartphone,Corporate network
EVID_09787,Account Records,External USB,Law enforcement
EVID_09788,Mobile Phone,Financial records,Financial institution
EVID_09789,Network Logs,Encrypted smartphone,Personal device
EVID_09790,Network Logs,Bank transaction logs,Law enforcement
EVID_09791,Hard Drive,Financial records,Corporate network
EVID_09792,Network Logs,Bank transaction logs,Personal device
EVID_09793,Laptop Image,Encrypted smartphone,Financial institution
EVID_09794,Server Image,Deleted files recovery,Financial institution
EVID_09795,Server Image,Malware traces,Law enforcement
EVID_09796,Cloud Storage,Financial records,Personal device
EVID_09797,Network Logs,Suspect laptop,Office search
EVID_09798,Email Logs,Financial records,Corporate network
EVID_09799,Network Logs,Forged documents,Corporate network
EVID_09800,Account Records,Unauthorized access logs,IT department
EVID_09801,Account Records,Forged documents,Corporate network
EVID_09802,Database Dump,Suspect laptop,Corporate network
EVID_09803,Hard Drive,Forged documents,Financial institution
EVID_09804,USB Device,Suspect laptop,Internal audit
EVID_09805,Cloud Storage,Financial records,Law enforcement
EVID_09806,USB Device,Encrypted smartphone,Office search
EVID_09807,Hard Drive,Unauthorized access logs,Cloud provider
EVID_09808,Network Logs,Encrypted smartphone,Personal device
EVID_09809,Network Logs,Suspicious email chain,IT department
EVID_09810,Laptop Image,Suspicious email chain,Law enforcement
EVID_09811,Server Image,External USB,Corporate network
EVID_09812,Hard Drive,External USB,Personal device
EVID_09813,Server Image,Bank transaction logs,Internal audit
EVID_09814,Network Logs,Financial records,Office search
EVID_09815,Network Logs,Encrypted smartphone,Internal audit
EVID_09816,Database Dump,Financial records,Corporate network
EVID_09817,Server Image,Deleted files recovery,IT department
EVID_09818,USB Device,Bank transaction logs,IT department
EVID_09819,Cloud Storage,Deleted files recovery,Financial institution
EVID_09820,Network Logs,Financial records,Financial institution
EVID_09821,Network Logs,Forged documents,IT department
EVID_09822,Database Dump,Financial records,IT department
EVID_09823,Database Dump,Financial records,Personal device
EVID_09824,USB Device,Forged documents,Office search
EVID_09825,Database Dump,Bank transaction logs,Office search
EVID_09826,Cloud Storage,External USB,IT department
EVID_09827,USB Device,Suspicious email chain,Internal audit
EVID_09828,Laptop Image,Malware traces,Corporate network
EVID_09829,Laptop Image,Financial records,Personal device
EVID_09830,USB Device,Forged documents,Financial institution
EVID_09831,Laptop Image,Forged documents,Personal device
EVID_09832,Network Logs,Unauthorized access logs,Internal audit
EVID_09833,Cloud Storage,Unauthorized access logs,Personal device
EVID_09834,Server Image,Malware traces,Law enforcement
EVID_09835,Mobile Phone,Encrypted smartphone,Internal audit
EVID_09836,Hard Drive,Suspicious email chain,Personal device
EVID_09837,Hard Drive,Financial records,Financial institution
EVID_09838,Mobile Phone,Forged documents,Financial institution
EVID_09839,Cloud Storage,Unauthorized access logs,Office search
EVID_09840,Email Logs,Bank transaction logs,Cloud provider
EVID_09841,Server Image,External USB,Personal device
EVID_09842,USB Device,Bank transaction logs,IT department
EVID_09843,Laptop Image,External USB,Cloud provider
EVID_09844,Mobile Phone,Bank transaction logs,Office search
EVID_09845,Cloud Storage,Bank transaction logs,Office search
EVID_09846,Network Logs,External USB,Law enforcement
EVID_09847,Laptop Image,Suspect laptop,Financial institution
EVID_09848,Cloud Storage,Suspect laptop,Cloud provider
EVID_09849,Database Dump,Encrypted smartphone,Cloud provider
EVID_09850,Database Dump,External USB,Corporate network
EVID_09851,Email Logs,Bank transaction logs,Personal device
EVID_09852,Email Logs,Bank transaction logs,Financial institution
EVID_09853,Hard Drive,External USB,Personal device
EVID_09854,USB Device,Suspicious email chain,Corporate network
EVID_09855,Hard Drive,Forged documents,Internal audit
EVID_09856,Laptop Image,Financial records,IT department
EVID_09857,Network Logs,Suspect laptop,Financial institution
EVID_09858,Cloud Storage,Encrypted smartphone,IT department
EVID_09859,Laptop Image,Bank transaction logs,Personal device
EVID_09860,Database Dump,Financial records,Financial institution
EVID_09861,Account Records,Suspicious email chain,Office search
EVID_09862,Hard Drive,Suspect laptop,Corporate network
EVID_09863,Network Logs,Suspicious email chain,Cloud provider
EVID_09864,Database Dump,Suspicious email chain,IT department
EVID_09865,Mobile Phone,Financial records,Corporate network
EVID_09866,Account Records,External USB,Law enforcement
EVID_09867,Account Records,Suspect laptop,Personal device
EVID_09868,Server Image,Suspicious email chain,Office search
EVID_09869,USB Device,Deleted files recovery,Internal audit
EVID_09870,Mobile Phone,Unauthorized access logs,Corporate network
EVID_09871,Server Image,Encrypted smartphone,Law enforcement
EVID_09872,Cloud Storage,Bank transaction logs,IT department
EVID_09873,Network Logs,Forged documents,Office search
EVID_09874,USB Device,Malware traces,Personal device
EVID_09875,Cloud Storage,Financial records,Law enforcement
EVID_09876,Cloud Storage,Deleted files recovery,IT department
EVID_09877,USB Device,Suspect laptop,Corporate network
EVID_09878,USB Device,Encrypted smartphone,Personal device
EVID_09879,Database Dump,Forged documents,Law enforcement
EVID_09880,Mobile Phone,Bank transaction logs,Corporate network
EVID_09881,Laptop Image,Financial records,Corporate network
EVID_09882,Server Image,Deleted files recovery,Financial institution
EVID_09883,Network Logs,Forged documents,IT department
EVID_09884,Laptop Image,Encrypted smartphone,Personal device
EVID_09885,Account Records,Malware traces,Internal audit
EVID_09886,Mobile Phone,External USB,Corporate network
EVID_09887,Cloud Storage,Suspicious email chain,Financial institution
EVID_09888,USB Device,External USB,Cloud provider
EVID_09889,Server Image,Deleted files recovery,Financial institution
EVID_09890,Cloud Storage,Financial records,Financial institution
EVID_09891,Email Logs,Suspect laptop,IT department
EVID_09892,USB Device,External USB,Corporate network
EVID_09893,Account Records,Encrypted smartphone,Corporate network
EVID_09894,USB Device,Encrypted smartphone,Financial institution
EVID_09895,Email Logs,Encrypted smartphone,Corporate network
EVID_09896,Email Logs,Suspicious email chain,Cloud provider
EVID_09897,Cloud Storage,Suspect laptop,Corporate network
EVID_09898,Account Records,Deleted files recovery,Law enforcement
EVID_09899,Network Logs,Encrypted smartphone,Personal device
EVID_09900,Mobile Phone,External USB,Cloud provider
EVID_09901,Database Dump,Unauthorized access logs,Personal device
EVID_09902,Cloud Storage,Encrypted smartphone,Cloud provider
EVID_09903,Laptop Image,Malware traces,Office search
EVID_09904,Email Logs,Unauthorized access logs,Financial institution
EVID_09905,Account Records,Deleted files recovery,Law enforcement
EVID_09906,Hard Drive,Financial records,IT department
EVID_09907,Laptop Image,Suspicious email chain,Cloud provider
EVID_09908,Database Dump,Deleted files recovery,Personal device
EVID_09909,Database Dump,Unauthorized access logs,Financial institution
EVID_09910,Server Image,External USB,Cloud provider
EVID_09911,Mobile Phone,External USB,Office search
EVID_09912,USB Device,Malware traces,Financial institution
EVID_09913,USB Device,Deleted files recovery,Financial institution
EVID_09914,USB Device,Suspect laptop,Corporate network
EVID_09915,Mobile Phone,Unauthorized access logs,Corporate network
EVID_09916,Laptop Image,External USB,Internal audit
EVID_09917,Database Dump,Malware traces,Cloud provider
EVID_09918,Server Image,Encrypted smartphone,Law enforcement
EVID_09919,USB Device,Forged documents,IT department
EVID_09920,Network Logs,Suspect laptop,Cloud provider
EVID_09921,USB Device,Suspicious email chain,Office search
EVID_09922,Network Logs,Bank transaction logs,Cloud provider
EVID_09923,Server Image,Deleted files recovery,Corporate network
EVID_09924,Server Image,Unauthorized access logs,Personal device
EVID_09925,Hard Drive,Bank transaction logs,Corporate network
EVID_09926,Email Logs,Suspicious email chain,Internal audit
EVID_09927,Laptop Image,Bank transaction logs,Financial institution
EVID_09928,USB Device,Financial records,Law enforcement
EVID_09929,Database Dump,Unauthorized access logs,Financial institution
EVID_09930,Mobile Phone,Unauthorized access logs,Corporate network
EVID_09931,Laptop Image,Bank transaction logs,Personal device
EVID_09932,Email Logs,Suspicious email chain,Personal device
EVID_09933,Email Logs,Encrypted smartphone,IT department
EVID_09934,Database Dump,Deleted files recovery,IT department
EVID_09935,Cloud Storage,External USB,Corporate network
EVID_09936,Account Records,Deleted files recovery,Corporate network
EVID_09937,Hard Drive,Forged documents,Internal audit
EVID_09938,Hard Drive,Bank transaction logs,Cloud provider
EVID_09939,USB Device,Financial records,Cloud provider
EVID_09940,Database Dump,External USB,Financial institution
EVID_09941,Mobile Phone,Forged documents,Office search
EVID_09942,Account Records,Encrypted smartphone,IT department
EVID_09943,Cloud Storage,Financial records,Corporate network
EVID_09944,Network Logs,Financial records,Corporate network
EVID_09945,Account Records,Encrypted smartphone,IT department
EVID_09946,Email Logs,External USB,Internal audit
EVID_09947,Database Dump,External USB,IT department
EVID_09948,USB Device,Malware traces,Financial institution
EVID_09949,Mobile Phone,Suspicious email chain,IT department
EVID_09950,Account Records,Malware traces,Corporate network
EVID_09951,Laptop Image,Forged documents,Financial institution
EVID_09952,Database Dump,External USB,IT department
EVID_09953,Cloud Storage,Financial records,Cloud provider
EVID_09954,Mobile Phone,Unauthorized access logs,Corporate network
EVID_09955,Database Dump,Forged documents,Corporate network
EVID_09956,Cloud Storage,External USB,Corporate network
EVID_09957,Mobile Phone,Malware traces,Office search
EVID_09958,Laptop Image,Malware traces,Cloud provider
EVID_09959,Database Dump,Encrypted smartphone,Cloud provider
EVID_09960,Mobile Phone,Financial records,Law enforcement
EVID_09961,Hard Drive,Bank transaction logs,Internal audit
EVID_09962,Network Logs,Forged documents,Internal audit
EVID_09963,Server Image,Deleted files recovery,Law enforcement
EVID_09964,Database Dump,Deleted files recovery,Personal device
EVID_09965,USB Device,Bank transaction logs,IT department
EVID_09966,Email Logs,Encrypted smartphone,Cloud provider
EVID_09967,Server Image,Suspect laptop,Personal device
EVID_09968,Mobile Phone,Forged documents,Internal audit
EVID_09969,Mobile Phone,Unauthorized access logs,Office search
EVID_09970,Account Records,Deleted files recovery,Office search
EVID_09971,Laptop Image,Encrypted smartphone,IT department
EVID_09972,Server Image,Suspicious email chain,Financial institution
EVID_09973,Hard Drive,Deleted files recovery,Office search
EVID_09974,Cloud Storage,Unauthorized access logs,Cloud provider
EVID_09975,USB Device,Suspicious email chain,Law enforcement
EVID_09976,Account Records,Malware traces,Financial institution
EVID_09977,Database Dump,Unauthorized access logs,Cloud provider
EVID_09978,Server Image,Forged documents,Law enforcement
EVID_09979,Network Logs,Suspect laptop,Personal device
EVID_09980,USB Device,Suspicious email chain,Internal audit
EVID_09981,Cloud Storage,Bank transaction logs,Office search
EVID_09982,Email Logs,Encrypted smartphone,Personal device
EVID_09983,Hard Drive,External USB,Law enforcement
EVID_09984,Cloud Storage,Encrypted smartphone,Corporate network
EVID_09985,USB Device,Suspicious email chain,Personal device
EVID_09986,Cloud Storage,External USB,Cloud provider
EVID_09987,Account Records,Suspicious email chain,Corporate network
EVID_09988,Email Logs,Suspicious email chain,Cloud provider
EVID_09989,Network Logs,Financial records,Cloud provider
EVID_09990,Account Records,Suspect laptop,Personal device
EVID_09991,Database Dump,Deleted files recovery,Cloud provider
EVID_09992,Network Logs,Suspect laptop,Personal device
EVID_09993,Email Logs,Deleted files recovery,Internal audit
EVID_09994,Mobile Phone,External USB,Law enforcement
EVID_09995,Email Logs,Bank transaction logs,Law enforcement
EVID_09996,Cloud Storage,Deleted files recovery,Cloud provider
EVID_09997,USB Device,Encrypted smartphone,IT department
EVID_09998,Laptop Image,Suspicious email chain,IT department
EVID_09999,Laptop Image,Unauthorized access logs,Law enforcement
EVID_10000,USB Device,Suspect laptop,Law enforcement
EVID_10001,Laptop Image,Financial records,Internal audit
EVID_10002,Network Logs,External USB,Internal audit
EVID_10003,Account Records,Forged documents,IT department
EVID_10004,Email Logs,Encrypted smartphone,IT department
EVID_10005,Network Logs,External USB,Internal audit
EVID_10006,Laptop Image,Financial records,Office search
EVID_10007,USB Device,Bank transaction logs,Corporate network
EVID_10008,Server Image,Unauthorized access logs,Corporate network
EVID_10009,Cloud Storage,Bank transaction logs,Office search
EVID_10010,Email Logs,Suspicious email chain,Office search
EVID_10011,Email Logs,Unauthorized access logs,Office search
EVID_10012,Database Dump,Unauthorized access logs,Internal audit
EVID_10013,USB Device,External USB,IT department
EVID_10014,Server Image,Suspicious email chain,Corporate network
EVID_10015,Network Logs,Encrypted smartphone,IT department
EVID_10016,Database Dump,Financial records,Office search
EVID_10017,Hard Drive,External USB,Cloud provider
EVID_10018,Account Records,Bank transaction logs,Cloud provider
EVID_10019,Network Logs,Deleted files recovery,IT department
EVID_10020,Network Logs,Deleted files recovery,Office search
EVID_10021,Laptop Image,External USB,Corporate network
EVID_10022,Mobile Phone,Forged documents,Financial institution
EVID_10023,Email Logs,External USB,Personal device
EVID_10024,Network Logs,Bank transaction logs,Internal audit
EVID_10025,Network Logs,Bank transaction logs,IT department
EVID_10026,Network Logs,Bank transaction logs,Law enforcement
EVID_10027,Laptop Image,Forged documents,Office search
EVID_10028,Hard Drive,Bank transaction logs,Personal device
EVID_10029,Email Logs,Unauthorized access logs,IT department
EVID_10030,Cloud Storage,Bank transaction logs,IT department
EVID_10031,Cloud Storage,Suspicious email chain,Financial institution
EVID_10032,Email Logs,Deleted files recovery,IT department
EVID_10033,USB Device,Financial records,Law enforcement
EVID_10034,Database Dump,Financial records,IT department
EVID_10035,USB Device,Financial records,IT department
EVID_10036,Database Dump,Suspect laptop,Cloud provider
EVID_10037,Email Logs,Unauthorized access logs,Financial institution
EVID_10038,Hard Drive,Suspicious email chain,Cloud provider
EVID_10039,Server Image,Deleted files recovery,Corporate network
EVID_10040,Mobile Phone,Suspicious email chain,Personal device
EVID_10041,Hard Drive,Encrypted smartphone,Financial institution
EVID_10042,Email Logs,Bank transaction logs,IT department
EVID_10043,Hard Drive,Forged documents,Office search
EVID_10044,Laptop Image,External USB,Internal audit
EVID_10045,Hard Drive,Deleted files recovery,Internal audit
EVID_10046,Email Logs,Unauthorized access logs,Internal audit
EVID_10047,Laptop Image,Suspicious email chain,Office search
EVID_10048,Laptop Image,Deleted files recovery,Cloud provider
EVID_10049,Mobile Phone,Financial records,Personal device
EVID_10050,Hard Drive,External USB,Personal device
EVID_10051,Email Logs,Deleted files recovery,Financial institution
EVID_10052,USB Device,Suspect laptop,IT department
EVID_10053,Email Logs,Forged documents,Office search
EVID_10054,Database Dump,Forged documents,Financial institution
EVID_10055,Server Image,Forged documents,Law enforcement
EVID_10056,Network Logs,Suspect laptop,Corporate network
EVID_10057,Mobile Phone,Suspicious email chain,IT department
EVID_10058,Database Dump,Suspicious email chain,Corporate network
EVID_10059,Cloud Storage,Encrypted smartphone,Office search
EVID_10060,Hard Drive,Suspect laptop,Cloud provider
EVID_10061,Email Logs,Financial records,Cloud provider
EVID_10062,Cloud Storage,Deleted files recovery,IT department
EVID_10063,Mobile Phone,Suspect laptop,Corporate network
EVID_10064,Network Logs,External USB,Law enforcement
EVID_10065,Mobile Phone,Deleted files recovery,Office search
EVID_10066,Database Dump,Suspect laptop,Corporate network
EVID_10067,Email Logs,Suspicious email chain,Office search
EVID_10068,Hard Drive,Financial records,Law enforcement
EVID_10069,Database Dump,Suspect laptop,Corporate network
EVID_10070,Cloud Storage,Suspect laptop,Corporate network
EVID_10071,Email Logs,Suspect laptop,IT department
EVID_10072,Laptop Image,Malware traces,Personal device
EVID_10073,Database Dump,Forged documents,IT department
EVID_10074,Hard Drive,Suspicious email chain,Internal audit
EVID_10075,USB Device,Encrypted smartphone,Corporate network
EVID_10076,Database Dump,Bank transaction logs,Office search
EVID_10077,Account Records,Malware traces,Financial institution
EVID_10078,Network Logs,External USB,Cloud provider
EVID_10079,Database Dump,Encrypted smartphone,IT department
EVID_10080,Mobile Phone,Suspicious email chain,Financial institution
EVID_10081,USB Device,Financial records,Corporate network
EVID_10082,Server Image,External USB,Personal device
EVID_10083,Server Image,Deleted files recovery,Law enforcement
EVID_10084,Laptop Image,Deleted files recovery,Internal audit
EVID_10085,Database Dump,Deleted files recovery,Law enforcement
EVID_10086,Hard Drive,Malware traces,Financial institution
EVID_10087,Hard Drive,Malware traces,Internal audit
EVID_10088,Account Records,Unauthorized access logs,Personal device
EVID_10089,Account Records,Deleted files recovery,Law enforcement
EVID_10090,Mobile Phone,Malware traces,Cloud provider
EVID_10091,Cloud Storage,Forged documents,Corporate network
EVID_10092,Database Dump,Suspicious email chain,Office search
EVID_10093,Hard Drive,Unauthorized access logs,Financial institution
EVID_10094,Hard Drive,Encrypted smartphone,Corporate network
EVID_10095,Email Logs,Suspect laptop,Law enforcement
EVID_10096,Laptop Image,Suspect laptop,Cloud provider
EVID_10097,Account Records,Unauthorized access logs,Financial institution
EVID_10098,Network Logs,Malware traces,Financial institution
EVID_10099,Laptop Image,Deleted files recovery,Financial institution
EVID_10100,Email Logs,Unauthorized access logs,Financial institution
EVID_10101,Account Records,Suspicious email chain,Law enforcement
EVID_10102,Network Logs,Unauthorized access logs,Cloud provider
EVID_10103,Hard Drive,Deleted files recovery,Office search
EVID_10104,Server Image,Deleted files recovery,Law enforcement
EVID_10105,Account Records,Malware traces,Office search
EVID_10106,Server Image,Deleted files recovery,Cloud provider
EVID_10107,Hard Drive,Unauthorized access logs,Financial institution
EVID_10108,Cloud Storage,Suspect laptop,Office search
EVID_10109,Network Logs,Bank transaction logs,Financial institution
EVID_10110,Database Dump,Malware traces,IT department
EVID_10111,Server Image,Bank transaction logs,Office search
EVID_10112,Server Image,External USB,Internal audit
EVID_10113,Network Logs,Deleted files recovery,Cloud provider
EVID_10114,Laptop Image,Financial records,IT department
EVID_10115,Account Records,External USB,Cloud provider
EVID_10116,Network Logs,Malware traces,Internal audit
EVID_10117,USB Device,Suspicious email chain,Personal device
EVID_10118,Laptop Image,Suspicious email chain,IT department
EVID_10119,Laptop Image,Suspect laptop,Cloud provider
EVID_10120,Hard Drive,Forged documents,Office search
EVID_10121,Network Logs,Malware traces,Office search
EVID_10122,Hard Drive,Suspect laptop,IT department
EVID_10123,Network Logs,Malware traces,Corporate network
EVID_10124,Network Logs,Financial records,Internal audit
EVID_10125,USB Device,Malware traces,IT department
EVID_10126,Account Records,Suspicious email chain,Cloud provider
EVID_10127,Server Image,Malware traces,Financial institution
EVID_10128,Network Logs,Unauthorized access logs,Corporate network
EVID_10129,Laptop Image,Bank transaction logs,Cloud provider
EVID_10130,Laptop Image,Forged documents,Personal device
EVID_10131,Server Image,Suspicious email chain,IT department
EVID_10132,Laptop Image,Encrypted smartphone,Law enforcement
EVID_10133,Network Logs,External USB,Personal device
EVID_10134,Mobile Phone,Malware traces,Personal device
EVID_10135,Hard Drive,Deleted files recovery,Cloud provider
EVID_10136,Network Logs,Malware traces,Corporate network
EVID_10137,Account Records,Suspicious email chain,Financial institution
EVID_10138,Email Logs,Financial records,Personal device
EVID_10139,Laptop Image,Suspect laptop,Corporate network
EVID_10140,Laptop Image,Encrypted smartphone,Internal audit
EVID_10141,Account Records,Suspect laptop,Corporate network
EVID_10142,Email Logs,Suspicious email chain,Law enforcement
EVID_10143,Hard Drive,Bank transaction logs,IT department
EVID_10144,Mobile Phone,Financial records,IT department
EVID_10145,Laptop Image,Forged documents,Law enforcement
EVID_10146,Network Logs,Suspect laptop,Internal audit
EVID_10147,USB Device,Malware traces,Cloud provider
EVID_10148,Database Dump,Malware traces,Corporate network
EVID_10149,USB Device,Suspect laptop,Internal audit
EVID_10150,Email Logs,External USB,Financial institution
EVID_10151,Network Logs,Bank transaction logs,Financial institution
EVID_10152,Email Logs,Malware traces,Corporate network
EVID_10153,USB Device,Suspicious email chain,Financial institution
EVID_10154,Laptop Image,Suspicious email chain,Law enforcement
EVID_10155,Network Logs,Suspicious email chain,Law enforcement
EVID_10156,Network Logs,Unauthorized access logs,Office search
EVID_10157,Mobile Phone,Malware traces,Internal audit
EVID_10158,Mobile Phone,Deleted files recovery,Office search
EVID_10159,Laptop Image,Malware traces,Corporate network
EVID_10160,Mobile Phone,Bank transaction logs,Office search
EVID_10161,Database Dump,External USB,Cloud provider
EVID_10162,Network Logs,Suspect laptop,IT department
EVID_10163,Hard Drive,Financial records,Internal audit
EVID_10164,Server Image,Forged documents,Financial institution
EVID_10165,Database Dump,Encrypted smartphone,Personal device
EVID_10166,Mobile Phone,Forged documents,Office search
EVID_10167,Database Dump,Encrypted smartphone,Personal device
EVID_10168,Hard Drive,Malware traces,Law enforcement
EVID_10169,USB Device,Unauthorized access logs,IT department
EVID_10170,Cloud Storage,Encrypted smartphone,Corporate network
EVID_10171,Account Records,Suspect laptop,Cloud provider
EVID_10172,USB Device,External USB,Office search
EVID_10173,Mobile Phone,Unauthorized access logs,Office search
EVID_10174,Mobile Phone,Financial records,Financial institution
EVID_10175,Cloud Storage,External USB,Cloud provider
EVID_10176,Hard Drive,Malware traces,Corporate network
EVID_10177,Mobile Phone,Malware traces,IT department
EVID_10178,Server Image,Financial records,IT department
EVID_10179,Network Logs,Bank transaction logs,Office search
EVID_10180,Server Image,Encrypted smartphone,IT department
EVID_10181,Network Logs,Encrypted smartphone,Financial institution
EVID_10182,Server Image,External USB,Financial institution
EVID_10183,Cloud Storage,Suspect laptop,Financial institution
EVID_10184,Hard Drive,Suspicious email chain,Financial institution
EVID_10185,Network Logs,Unauthorized access logs,Cloud provider
EVID_10186,Database Dump,Financial records,Personal device
EVID_10187,Hard Drive,Encrypted smartphone,Law enforcement
EVID_10188,Server Image,Malware traces,Internal audit
EVID_10189,Cloud Storage,Deleted files recovery,Financial institution
EVID_10190,Mobile Phone,Unauthorized access logs,Internal audit
EVID_10191,Database Dump,Forged documents,Internal audit
EVID_10192,Laptop Image,Financial records,Law enforcement
EVID_10193,Email Logs,Financial records,Office search
EVID_10194,Database Dump,External USB,Cloud provider
EVID_10195,Hard Drive,Unauthorized access logs,Law enforcement
EVID_10196,Network Logs,Financial records,Personal device
EVID_10197,Account Records,External USB,Cloud provider
EVID_10198,Mobile Phone,Unauthorized access logs,IT department
EVID_10199,Hard Drive,Encrypted smartphone,Law enforcement
EVID_10200,Laptop Image,Forged documents,Internal audit
EVID_10201,Server Image,Suspicious email chain,Law enforcement
EVID_10202,Laptop Image,Bank transaction logs,IT department
EVID_10203,Server Image,Suspicious email chain,Internal audit
EVID_10204,Mobile Phone,Unauthorized access logs,Personal device
EVID_10205,Laptop Image,Encrypted smartphone,Law enforcement
EVID_10206,Email Logs,Forged documents,Office search
EVID_10207,Network Logs,Suspicious email chain,Cloud provider
EVID_10208,Account Records,External USB,Personal device
EVID_10209,Account Records,External USB,IT department
EVID_10210,Email Logs,Deleted files recovery,Office search
EVID_10211,Email Logs,Malware traces,Corporate network
EVID_10212,Mobile Phone,Suspect laptop,Financial institution
EVID_10213,Cloud Storage,Encrypted smartphone,IT department
EVID_10214,Hard Drive,Unauthorized access logs,Law enforcement
EVID_10215,Database Dump,Encrypted smartphone,Internal audit
EVID_10216,Cloud Storage,Forged documents,Office search
EVID_10217,Database Dump,Encrypted smartphone,Office search
EVID_10218,Account Records,Malware traces,Financial institution
EVID_10219,Cloud Storage,Bank transaction logs,IT department
EVID_10220,Server Image,External USB,Corporate network
EVID_10221,Cloud Storage,Suspect laptop,Internal audit
EVID_10222,Account Records,Deleted files recovery,Law enforcement
EVID_10223,Cloud Storage,Suspicious email chain,Law enforcement
EVID_10224,USB Device,Forged documents,Financial institution
EVID_10225,Network Logs,Malware traces,Personal device
EVID_10226,Server Image,Financial records,Office search
EVID_10227,Email Logs,Forged documents,Personal device
EVID_10228,Laptop Image,Financial records,Internal audit
EVID_10229,Hard Drive,Unauthorized access logs,Cloud provider
EVID_10230,Mobile Phone,Bank transaction logs,Office search
EVID_10231,Hard Drive,Suspect laptop,Financial institution
EVID_10232,Cloud Storage,Suspect laptop,IT department
EVID_10233,Account Records,Malware traces,Law enforcement
EVID_10234,Email Logs,Forged documents,Office search
EVID_10235,Network Logs,Deleted files recovery,IT department
EVID_10236,Hard Drive,Encrypted smartphone,IT department
EVID_10237,Server Image,Suspect laptop,Financial institution
EVID_10238,Email Logs,Deleted files recovery,Internal audit
EVID_10239,Network Logs,Malware traces,Personal device
EVID_10240,Account Records,Financial records,IT department
EVID_10241,Server Image,Suspect laptop,IT department
EVID_10242,Laptop Image,Forged documents,Internal audit
EVID_10243,Laptop Image,Unauthorized access logs,Internal audit
EVID_10244,Laptop Image,Financial records,IT department
EVID_10245,Email Logs,Financial records,Law enforcement
EVID_10246,USB Device,Encrypted smartphone,Law enforcement
EVID_10247,Cloud Storage,Suspicious email chain,Cloud provider
EVID_10248,Email Logs,Bank transaction logs,Internal audit
EVID_10249,Account Records,External USB,Cloud provider
EVID_10250,Network Logs,Bank transaction logs,Law enforcement
EVID_10251,Laptop Image,Suspect laptop,Personal device
EVID_10252,Database Dump,Encrypted smartphone,Law enforcement
EVID_10253,Cloud Storage,Encrypted smartphone,Personal device
EVID_10254,Network Logs,Financial records,Office search
EVID_10255,Hard Drive,Malware traces,Personal device
EVID_10256,Cloud Storage,Suspicious email chain,Corporate network
EVID_10257,Hard Drive,Bank transaction logs,Financial institution
EVID_10258,Hard Drive,Suspect laptop,Financial institution
EVID_10259,Cloud Storage,Unauthorized access logs,Office search
EVID_10260,Mobile Phone,Encrypted smartphone,Internal audit
EVID_10261,Account Records,Forged documents,Financial institution
EVID_10262,USB Device,External USB,Office search
EVID_10263,Email Logs,Bank transaction logs,Internal audit
EVID_10264,Mobile Phone,Suspect laptop,Cloud provider
EVID_10265,Cloud Storage,Suspicious email chain,Law enforcement
EVID_10266,Cloud Storage,Suspect laptop,Corporate network
EVID_10267,Hard Drive,External USB,Office search
EVID_10268,Laptop Image,External USB,Corporate network
EVID_10269,Hard Drive,Deleted files recovery,Cloud provider
EVID_10270,Cloud Storage,Suspect laptop,Cloud provider
EVID_10271,Server Image,Unauthorized access logs,Internal audit
EVID_10272,Email Logs,Bank transaction logs,Personal device
EVID_10273,Mobile Phone,Suspect laptop,IT department
EVID_10274,Account Records,Malware traces,Personal device
EVID_10275,USB Device,Bank transaction logs,Law enforcement
EVID_10276,Mobile Phone,External USB,IT department
EVID_10277,USB Device,Encrypted smartphone,Cloud provider
EVID_10278,Cloud Storage,Malware traces,Law enforcement
EVID_10279,Email Logs,Financial records,Financial institution
EVID_10280,Database Dump,Financial records,Corporate network
EVID_10281,Database Dump,Encrypted smartphone,Corporate network
EVID_10282,Hard Drive,Deleted files recovery,Law enforcement
EVID_10283,Mobile Phone,Deleted files recovery,Corporate network
EVID_10284,Laptop Image,Bank transaction logs,Personal device
EVID_10285,Email Logs,External USB,IT department
EVID_10286,Laptop Image,Unauthorized access logs,Internal audit
EVID_10287,Cloud Storage,Unauthorized access logs,Personal device
EVID_10288,Cloud Storage,Malware traces,Office search
EVID_10289,Email Logs,Suspect laptop,Law enforcement
EVID_10290,Email Logs,External USB,Office search
EVID_10291,Server Image,Encrypted smartphone,Financial institution
EVID_10292,Network Logs,Encrypted smartphone,IT department
EVID_10293,Email Logs,Forged documents,Office search
EVID_10294,Hard Drive,Malware traces,Financial institution
EVID_10295,Server Image,Malware traces,Office search
EVID_10296,Server Image,Unauthorized access logs,Corporate network
EVID_10297,Account Records,Deleted files recovery,Cloud provider
EVID_10298,Server Image,Forged documents,Financial institution
EVID_10299,Network Logs,Financial records,Corporate network
EVID_10300,Mobile Phone,Forged documents,Internal audit
EVID_10301,Email Logs,Forged documents,IT department
EVID_10302,Server Image,Encrypted smartphone,IT department
EVID_10303,Email Logs,Forged documents,Cloud provider
EVID_10304,Network Logs,Unauthorized access logs,Personal device
EVID_10305,Cloud Storage,Malware traces,Personal device
EVID_10306,Account Records,Suspicious email chain,Law enforcement
EVID_10307,Database Dump,External USB,Financial institution
EVID_10308,USB Device,Unauthorized access logs,Law enforcement
EVID_10309,USB Device,Deleted files recovery,Law enforcement
EVID_10310,Hard Drive,Suspect laptop,Law enforcement
EVID_10311,Hard Drive,Financial records,Cloud provider
EVID_10312,Database Dump,Forged documents,Law enforcement
EVID_10313,Account Records,External USB,Law enforcement
EVID_10314,Cloud Storage,Unauthorized access logs,IT department
EVID_10315,Cloud Storage,Malware traces,Financial institution
EVID_10316,Email Logs,Suspicious email chain,Internal audit
EVID_10317,Hard Drive,Forged documents,IT department
EVID_10318,Database Dump,Malware traces,Cloud provider
EVID_10319,Mobile Phone,Bank transaction logs,Law enforcement
EVID_10320,Database Dump,Deleted files recovery,IT department
EVID_10321,Laptop Image,Financial records,Law enforcement
EVID_10322,Database Dump,Suspect laptop,Personal device
EVID_10323,Network Logs,Malware traces,Personal device
EVID_10324,Hard Drive,Unauthorized access logs,IT department
EVID_10325,Laptop Image,Financial records,Corporate network
EVID_10326,Network Logs,Financial records,Personal device
EVID_10327,Laptop Image,Unauthorized access logs,Law enforcement
EVID_10328,Server Image,Malware traces,Personal device
EVID_10329,USB Device,Unauthorized access logs,Financial institution
EVID_10330,Cloud Storage,Encrypted smartphone,Financial institution
EVID_10331,Network Logs,Bank transaction logs,Internal audit
EVID_10332,Hard Drive,Financial records,Cloud provider
EVID_10333,Cloud Storage,Unauthorized access logs,Internal audit
EVID_10334,Mobile Phone,Deleted files recovery,IT department
EVID_10335,USB Device,Suspect laptop,Corporate network
EVID_10336,Cloud Storage,Financial records,Internal audit
EVID_10337,Hard Drive,Deleted files recovery,Internal audit
EVID_10338,Account Records,External USB,Financial institution
EVID_10339,Server Image,Suspicious email chain,Law enforcement
EVID_10340,Email Logs,Financial records,Corporate network
EVID_10341,Account Records,Encrypted smartphone,IT department
EVID_10342,Email Logs,External USB,IT department
EVID_10343,Database Dump,Deleted files recovery,Corporate network
EVID_10344,Account Records,Financial records,Internal audit
EVID_10345,Cloud Storage,Encrypted smartphone,IT department
EVID_10346,Mobile Phone,Suspicious email chain,Cloud provider
EVID_10347,Laptop Image,Unauthorized access logs,IT department
EVID_10348,Laptop Image,Suspect laptop,Law enforcement
EVID_10349,Laptop Image,Deleted files recovery,Corporate network
EVID_10350,Laptop Image,Suspect laptop,Financial institution
EVID_10351,Account Records,Unauthorized access logs,Office search
EVID_10352,Hard Drive,Deleted files recovery,Corporate network
EVID_10353,Laptop Image,Financial records,Personal device
EVID_10354,Email Logs,Suspect laptop,IT department
EVID_10355,USB Device,Bank transaction logs,Financial institution
EVID_10356,Laptop Image,Deleted files recovery,IT department
EVID_10357,USB Device,Forged documents,Office search
EVID_10358,Server Image,Suspect laptop,Cloud provider
EVID_10359,Network Logs,Forged documents,Cloud provider
EVID_10360,Network Logs,Malware traces,Cloud provider
EVID_10361,Email Logs,Malware traces,Law enforcement
EVID_10362,Mobile Phone,Financial records,Corporate network
EVID_10363,Database Dump,Deleted files recovery,Financial institution
EVID_10364,Mobile Phone,Suspicious email chain,Personal device
EVID_10365,Database Dump,Forged documents,Internal audit
EVID_10366,Email Logs,Suspect laptop,Financial institution
EVID_10367,Mobile Phone,External USB,Office search
EVID_10368,Cloud Storage,Suspicious email chain,Law enforcement
EVID_10369,Network Logs,Encrypted smartphone,Corporate network
EVID_10370,Mobile Phone,Unauthorized access logs,Office search
EVID_10371,Database Dump,External USB,Law enforcement
EVID_10372,Server Image,Financial records,Internal audit
EVID_10373,Database Dump,Deleted files recovery,Cloud provider
EVID_10374,Network Logs,Encrypted smartphone,Financial institution
EVID_10375,Mobile Phone,Deleted files recovery,Internal audit
EVID_10376,Account Records,External USB,Internal audit
EVID_10377,USB Device,External USB,Personal device
EVID_10378,Cloud Storage,Encrypted smartphone,Internal audit
EVID_10379,Laptop Image,Bank transaction logs,Law enforcement
EVID_10380,Laptop Image,Unauthorized access logs,Office search
EVID_10381,Server Image,Unauthorized access logs,Corporate network
EVID_10382,Email Logs,Suspicious email chain,Cloud provider
EVID_10383,Laptop Image,Encrypted smartphone,Personal device
EVID_10384,USB Device,Malware traces,Corporate network
EVID_10385,Email Logs,Deleted files recovery,Law enforcement
EVID_10386,Account Records,Deleted files recovery,Internal audit
EVID_10387,USB Device,Deleted files recovery,Corporate network
EVID_10388,Mobile Phone,Bank transaction logs,Personal device
EVID_10389,Email Logs,External USB,Office search
EVID_10390,Mobile Phone,Unauthorized access logs,Corporate network
EVID_10391,Mobile Phone,Deleted files recovery,Law enforcement
EVID_10392,Hard Drive,Bank transaction logs,Cloud provider
EVID_10393,Mobile Phone,Unauthorized access logs,Office search
EVID_10394,Network Logs,Encrypted smartphone,Personal device
EVID_10395,Database Dump,External USB,Corporate network
EVID_10396,Mobile Phone,Deleted files recovery,Office search
EVID_10397,Network Logs,Bank transaction logs,Financial institution
EVID_10398,Network Logs,External USB,Financial institution
EVID_10399,Email Logs,Encrypted smartphone,Corporate network
EVID_10400,Laptop Image,Suspicious email chain,Law enforcement
EVID_10401,Hard Drive,Forged documents,Corporate network
EVID_10402,USB Device,Suspect laptop,Law enforcement
EVID_10403,Database Dump,Forged documents,Personal device
EVID_10404,Database Dump,Unauthorized access logs,Corporate network
EVID_10405,Database Dump,Unauthorized access logs,Financial institution
EVID_10406,Cloud Storage,Financial records,Personal device
EVID_10407,Account Records,Deleted files recovery,IT department
EVID_10408,Database Dump,Forged documents,Corporate network
EVID_10409,Mobile Phone,Forged documents,Corporate network
EVID_10410,Email Logs,External USB,Financial institution
EVID_10411,Hard Drive,Forged documents,Law enforcement
EVID_10412,Email Logs,External USB,Financial institution
EVID_10413,Email Logs,Suspect laptop,Office search
EVID_10414,Hard Drive,Unauthorized access logs,Office search
EVID_10415,Email Logs,Unauthorized access logs,Personal device
EVID_10416,USB Device,Malware traces,Internal audit
EVID_10417,USB Device,Deleted files recovery,Law enforcement
EVID_10418,Server Image,Malware traces,Personal device
EVID_10419,Server Image,Bank transaction logs,IT department
EVID_10420,Cloud Storage,Malware traces,Cloud provider
EVID_10421,Server Image,Encrypted smartphone,Personal device
EVID_10422,Database Dump,Encrypted smartphone,IT department
EVID_10423,Database Dump,Suspect laptop,Corporate network
EVID_10424,Account Records,Forged documents,Internal audit
EVID_10425,Laptop Image,Suspect laptop,Office search
EVID_10426,Mobile Phone,Suspicious email chain,Corporate network
EVID_10427,Hard Drive,Forged documents,Internal audit
EVID_10428,Mobile Phone,Unauthorized access logs,IT department
EVID_10429,USB Device,External USB,Law enforcement
EVID_10430,Account Records,Financial records,Internal audit
EVID_10431,Database Dump,Financial records,Law enforcement
EVID_10432,Laptop Image,Malware traces,Financial institution
EVID_10433,Mobile Phone,Unauthorized access logs,Financial institution
EVID_10434,Mobile Phone,Financial records,Corporate network
EVID_10435,USB Device,Unauthorized access logs,Office search
EVID_10436,Network Logs,Suspicious email chain,Office search
EVID_10437,Mobile Phone,Forged documents,Internal audit
EVID_10438,Account Records,External USB,Financial institution
EVID_10439,Email Logs,External USB,IT department
EVID_10440,Network Logs,Encrypted smartphone,Corporate network
EVID_10441,USB Device,Unauthorized access logs,IT department
EVID_10442,Laptop Image,Encrypted smartphone,Internal audit
EVID_10443,Account Records,Deleted files recovery,Financial institution
EVID_10444,Laptop Image,Financial records,Cloud provider
EVID_10445,Network Logs,Suspicious email chain,IT department
EVID_10446,Laptop Image,Suspicious email chain,IT department
EVID_10447,Hard Drive,Financial records,Corporate network
EVID_10448,Account Records,Encrypted smartphone,Financial institution
EVID_10449,Hard Drive,Malware traces,Corporate network
EVID_10450,Email Logs,Encrypted smartphone,Law enforcement
EVID_10451,Cloud Storage,Suspect laptop,IT department
EVID_10452,Cloud Storage,Forged documents,Corporate network
EVID_10453,Server Image,Bank transaction logs,Office search
EVID_10454,USB Device,Deleted files recovery,Law enforcement
EVID_10455,USB Device,Suspect laptop,IT department
EVID_10456,Laptop Image,Malware traces,Corporate network
EVID_10457,Hard Drive,Suspicious email chain,Law enforcement
EVID_10458,Email Logs,Forged documents,Office search
EVID_10459,Cloud Storage,Financial records,Office search
EVID_10460,Mobile Phone,Bank transaction logs,Law enforcement
EVID_10461,Database Dump,Deleted files recovery,IT department
EVID_10462,Email Logs,Bank transaction logs,Financial institution
EVID_10463,Database Dump,External USB,Personal device
EVID_10464,Laptop Image,Suspect laptop,Internal audit
EVID_10465,Hard Drive,External USB,IT department
EVID_10466,Cloud Storage,Financial records,Cloud provider
EVID_10467,Cloud Storage,Encrypted smartphone,Personal device
EVID_10468,Hard Drive,Bank transaction logs,Internal audit
EVID_10469,Network Logs,Suspect laptop,Law enforcement
EVID_10470,Database Dump,Unauthorized access logs,Law enforcement
EVID_10471,Mobile Phone,Malware traces,Corporate network
EVID_10472,Network Logs,Suspect laptop,Law enforcement
EVID_10473,Email Logs,Deleted files recovery,Cloud provider
EVID_10474,USB Device,Financial records,Cloud provider
EVID_10475,Hard Drive,Forged documents,Law enforcement
EVID_10476,Server Image,Encrypted smartphone,Law enforcement
EVID_10477,Network Logs,Encrypted smartphone,Cloud provider
EVID_10478,USB Device,Suspect laptop,Law enforcement
EVID_10479,USB Device,External USB,Cloud provider
EVID_10480,Laptop Image,External USB,Corporate network
EVID_10481,Server Image,Malware traces,Office search
EVID_10482,Email Logs,Deleted files recovery,IT department
EVID_10483,USB Device,Encrypted smartphone,IT department
EVID_10484,Mobile Phone,Suspect laptop,Personal device
EVID_10485,Mobile Phone,Malware traces,Personal device
EVID_10486,Database Dump,External USB,Personal device
EVID_10487,USB Device,Financial records,Cloud provider
EVID_10488,Hard Drive,Suspicious email chain,Internal audit
EVID_10489,Laptop Image,Forged documents,Financial institution
EVID_10490,Server Image,Suspect laptop,Law enforcement
EVID_10491,Mobile Phone,Malware traces,Internal audit
EVID_10492,Mobile Phone,Suspect laptop,IT department
EVID_10493,Server Image,Suspect laptop,Financial institution
EVID_10494,Email Logs,Suspicious email chain,Office search
EVID_10495,Laptop Image,External USB,Cloud provider
EVID_10496,Cloud Storage,Financial records,Cloud provider
EVID_10497,Mobile Phone,External USB,Internal audit
EVID_10498,Mobile Phone,Financial records,Financial institution
EVID_10499,Cloud Storage,External USB,Cloud provider
EVID_10500,Server Image,Deleted files recovery,IT department
EVID_10501,Network Logs,Forged documents,IT department
EVID_10502,Laptop Image,Suspicious email chain,Law enforcement
EVID_10503,Database Dump,External USB,Financial institution
EVID_10504,Server Image,Unauthorized access logs,IT department
EVID_10505,Mobile Phone,Suspicious email chain,IT department
EVID_10506,Laptop Image,Malware traces,Law enforcement
EVID_10507,Account Records,Forged documents,Law enforcement
EVID_10508,Mobile Phone,Encrypted smartphone,Corporate network
EVID_10509,Database Dump,Suspicious email chain,Law enforcement
EVID_10510,Cloud Storage,Suspect laptop,Internal audit
EVID_10511,Account Records,Suspicious email chain,Internal audit
EVID_10512,Database Dump,Suspicious email chain,Internal audit
EVID_10513,Account Records,External USB,IT department
EVID_10514,Account Records,Deleted files recovery,Financial institution
EVID_10515,Account Records,Encrypted smartphone,Cloud provider
EVID_10516,Laptop Image,Financial records,IT department
EVID_10517,Email Logs,Malware traces,IT department
EVID_10518,Hard Drive,Bank transaction logs,Personal device
EVID_10519,Hard Drive,Suspicious email chain,Corporate network
EVID_10520,Database Dump,Financial records,Financial institution
EVID_10521,Account Records,Malware traces,Cloud provider
EVID_10522,Server Image,Financial records,Cloud provider
EVID_10523,Email Logs,Suspect laptop,Cloud provider
EVID_10524,Account Records,Deleted files recovery,Personal device
EVID_10525,Mobile Phone,Deleted files recovery,IT department
EVID_10526,Email Logs,Forged documents,Corporate network
EVID_10527,Laptop Image,Bank transaction logs,Law enforcement
EVID_10528,Server Image,Suspicious email chain,Corporate network
EVID_10529,Mobile Phone,Suspicious email chain,IT department
EVID_10530,Server Image,Deleted files recovery,Personal device
EVID_10531,USB Device,Forged documents,Personal device
EVID_10532,Mobile Phone,Unauthorized access logs,Cloud provider
EVID_10533,Laptop Image,Encrypted smartphone,Cloud provider
EVID_10534,Mobile Phone,Malware traces,Corporate network
EVID_10535,Email Logs,Encrypted smartphone,Personal device
EVID_10536,Mobile Phone,Financial records,Internal audit
EVID_10537,Hard Drive,External USB,Internal audit
EVID_10538,Server Image,Unauthorized access logs,Office search
EVID_10539,Hard Drive,Suspicious email chain,Office search
EVID_10540,Database Dump,Bank transaction logs,Internal audit
EVID_10541,Database Dump,Encrypted smartphone,IT department
EVID_10542,Mobile Phone,Unauthorized access logs,Cloud provider
EVID_10543,Account Records,Forged documents,Law enforcement
EVID_10544,USB Device,Bank transaction logs,Office search
EVID_10545,Mobile Phone,Financial records,Office search
EVID_10546,Email Logs,Bank transaction logs,Internal audit
EVID_10547,Mobile Phone,Suspicious email chain,Office search
EVID_10548,Account Records,Forged documents,Cloud provider
EVID_10549,USB Device,Unauthorized access logs,Law enforcement
EVID_10550,Network Logs,Forged documents,Internal audit
EVID_10551,USB Device,Deleted files recovery,IT department
EVID_10552,Laptop Image,Deleted files recovery,IT department
EVID_10553,Account Records,Encrypted smartphone,Internal audit
EVID_10554,Account Records,Deleted files recovery,IT department
EVID_10555,Mobile Phone,Forged documents,Financial institution
EVID_10556,Laptop Image,Encrypted smartphone,IT department
EVID_10557,Cloud Storage,Financial records,Office search
EVID_10558,Email Logs,Financial records,Corporate network
EVID_10559,Server Image,Malware traces,Personal device
EVID_10560,Server Image,Unauthorized access logs,Personal device
EVID_10561,USB Device,Forged documents,Corporate network
EVID_10562,Network Logs,Deleted files recovery,Law enforcement
EVID_10563,Network Logs,External USB,Law enforcement
EVID_10564,Network Logs,Bank transaction logs,Office search
EVID_10565,Laptop Image,Encrypted smartphone,Office search
EVID_10566,Server Image,Financial records,Law enforcement
EVID_10567,Email Logs,Encrypted smartphone,Law enforcement
EVID_10568,Server Image,Financial records,Internal audit
EVID_10569,Laptop Image,Suspect laptop,Cloud provider
EVID_10570,USB Device,Encrypted smartphone,IT department
EVID_10571,Email Logs,Unauthorized access logs,IT department
EVID_10572,Database Dump,Suspicious email chain,Office search
EVID_10573,Email Logs,Encrypted smartphone,Financial institution
EVID_10574,Hard Drive,Encrypted smartphone,Law enforcement
EVID_10575,Email Logs,Encrypted smartphone,Office search
EVID_10576,Server Image,Unauthorized access logs,Law enforcement
EVID_10577,Mobile Phone,Suspect laptop,Personal device
EVID_10578,Cloud Storage,Unauthorized access logs,Cloud provider
EVID_10579,Account Records,Suspicious email chain,Office search
EVID_10580,Network Logs,Deleted files recovery,Financial institution
EVID_10581,Email Logs,Suspicious email chain,Cloud provider
EVID_10582,Cloud Storage,Unauthorized access logs,Office search
EVID_10583,Server Image,Suspicious email chain,Internal audit
EVID_10584,Email Logs,Bank transaction logs,Office search
EVID_10585,Server Image,Unauthorized access logs,Internal audit
EVID_10586,Network Logs,Deleted files recovery,Corporate network
EVID_10587,Cloud Storage,Encrypted smartphone,Office search
EVID_10588,Database Dump,Encrypted smartphone,Corporate network
EVID_10589,Account Records,Suspicious email chain,Law enforcement
EVID_10590,Hard Drive,Forged documents,Personal device
EVID_10591,Laptop Image,Suspicious email chain,Cloud provider
EVID_10592,Hard Drive,Financial records,Internal audit
EVID_10593,USB Device,Suspect laptop,Cloud provider
EVID_10594,Server Image,Encrypted smartphone,Personal device
EVID_10595,Server Image,Unauthorized access logs,Office search
EVID_10596,Account Records,Unauthorized access logs,Internal audit
EVID_10597,Email Logs,Financial records,Internal audit
EVID_10598,Network Logs,Unauthorized access logs,Law enforcement
EVID_10599,Database Dump,Forged documents,Internal audit
EVID_10600,Cloud Storage,Forged documents,Cloud provider
EVID_10601,Network Logs,External USB,IT department
EVID_10602,Server Image,External USB,Internal audit
EVID_10603,Mobile Phone,Financial records,Office search
EVID_10604,Laptop Image,Suspect laptop,Office search
EVID_10605,Server Image,External USB,IT department
EVID_10606,Database Dump,External USB,Internal audit
EVID_10607,Hard Drive,Unauthorized access logs,Law enforcement
EVID_10608,Account Records,Financial records,Office search
EVID_10609,Server Image,Unauthorized access logs,Law enforcement
EVID_10610,Email Logs,Malware traces,Internal audit
EVID_10611,Cloud Storage,Suspicious email chain,Law enforcement
EVID_10612,Account Records,Bank transaction logs,Cloud provider
EVID_10613,Laptop Image,Encrypted smartphone,Corporate network
EVID_10614,Cloud Storage,External USB,Corporate network
EVID_10615,Server Image,Deleted files recovery,Financial institution
EVID_10616,Cloud Storage,Forged documents,Law enforcement
EVID_10617,Laptop Image,Encrypted smartphone,Personal device
EVID_10618,Mobile Phone,Suspicious email chain,Internal audit
EVID_10619,Database Dump,Bank transaction logs,Office search
EVID_10620,Database Dump,Malware traces,IT department
EVID_10621,Cloud Storage,Deleted files recovery,Financial institution
EVID_10622,Hard Drive,Suspicious email chain,Financial institution
EVID_10623,Mobile Phone,Unauthorized access logs,Corporate network
EVID_10624,Database Dump,Suspicious email chain,Corporate network
EVID_10625,Database Dump,Deleted files recovery,Personal device
EVID_10626,Mobile Phone,Suspicious email chain,Corporate network
EVID_10627,Server Image,Financial records,IT department
EVID_10628,Cloud Storage,Suspicious email chain,Personal device
EVID_10629,Account Records,Suspicious email chain,Cloud provider
EVID_10630,Account Records,Deleted files recovery,Corporate network
EVID_10631,Mobile Phone,Suspect laptop,Cloud provider
EVID_10632,Email Logs,Forged documents,Personal device
EVID_10633,Database Dump,External USB,Financial institution
EVID_10634,Cloud Storage,Malware traces,Internal audit
EVID_10635,Mobile Phone,Financial records,Personal device
EVID_10636,Laptop Image,Malware traces,Office search
EVID_10637,Email Logs,Bank transaction logs,Personal device
EVID_10638,Hard Drive,Unauthorized access logs,Personal device
EVID_10639,Laptop Image,Malware traces,Law enforcement
EVID_10640,Hard Drive,Deleted files recovery,Corporate network
EVID_10641,Mobile Phone,Unauthorized access logs,Cloud provider
EVID_10642,Cloud Storage,Encrypted smartphone,Law enforcement
EVID_10643,Email Logs,External USB,Internal audit
EVID_10644,USB Device,External USB,Office search
EVID_10645,Cloud Storage,Forged documents,Corporate network
EVID_10646,Hard Drive,External USB,Internal audit
EVID_10647,Network Logs,Suspect laptop,Internal audit
EVID_10648,USB Device,Suspicious email chain,Cloud provider
EVID_10649,Account Records,Bank transaction logs,Cloud provider
EVID_10650,Cloud Storage,Financial records,Internal audit
EVID_10651,Hard Drive,Suspect laptop,Cloud provider
EVID_10652,Cloud Storage,Malware traces,Law enforcement
EVID_10653,Database Dump,Financial records,Financial institution
EVID_10654,Account Records,Malware traces,Personal device
EVID_10655,Email Logs,Bank transaction logs,Cloud provider
EVID_10656,Cloud Storage,Suspicious email chain,Corporate network
EVID_10657,Database Dump,Malware traces,Office search
EVID_10658,Server Image,Suspect laptop,Internal audit
EVID_10659,Mobile Phone,Deleted files recovery,IT department
EVID_10660,Laptop Image,Financial records,Corporate network
EVID_10661,Cloud Storage,Bank transaction logs,Internal audit
EVID_10662,Email Logs,External USB,Office search
EVID_10663,USB Device,Suspect laptop,Office search
EVID_10664,Email Logs,Malware traces,Personal device
EVID_10665,Cloud Storage,Deleted files recovery,Internal audit
EVID_10666,Network Logs,Bank transaction logs,Financial institution
EVID_10667,Account Records,External USB,Personal device
EVID_10668,Mobile Phone,Malware traces,IT department
EVID_10669,Server Image,Unauthorized access logs,IT department
EVID_10670,Server Image,Forged documents,Corporate network
EVID_10671,Network Logs,Deleted files recovery,Financial institution
EVID_10672,Mobile Phone,Financial records,Office search
EVID_10673,Email Logs,Deleted files recovery,Internal audit
EVID_10674,Email Logs,Bank transaction logs,IT department
EVID_10675,USB Device,Unauthorized access logs,Personal device
EVID_10676,Account Records,Suspect laptop,IT department
EVID_10677,Database Dump,Unauthorized access logs,Law enforcement
EVID_10678,Database Dump,Malware traces,IT department
EVID_10679,Hard Drive,Unauthorized access logs,IT department
EVID_10680,Cloud Storage,Financial records,Internal audit
EVID_10681,Cloud Storage,Deleted files recovery,Internal audit
EVID_10682,Email Logs,Forged documents,Law enforcement
EVID_10683,Laptop Image,Suspicious email chain,Personal device
EVID_10684,USB Device,Financial records,Internal audit
EVID_10685,Email Logs,Forged documents,Law enforcement
EVID_10686,Email Logs,Unauthorized access logs,Financial institution
EVID_10687,Laptop Image,Suspect laptop,IT department
EVID_10688,Database Dump,Encrypted smartphone,Cloud provider
EVID_10689,Email Logs,Unauthorized access logs,Law enforcement
EVID_10690,Server Image,Financial records,Law enforcement
EVID_10691,Database Dump,External USB,Office search
EVID_10692,Account Records,External USB,Cloud provider
EVID_10693,Network Logs,External USB,Corporate network
EVID_10694,Laptop Image,Deleted files recovery,Personal device
EVID_10695,Laptop Image,Financial records,Law enforcement
EVID_10696,Laptop Image,Encrypted smartphone,Personal device
EVID_10697,Database Dump,Forged documents,Corporate network
EVID_10698,Server Image,Bank transaction logs,Corporate network
EVID_10699,Server Image,Deleted files recovery,Cloud provider
EVID_10700,Server Image,Encrypted smartphone,IT department
EVID_10701,Laptop Image,External USB,Law enforcement
EVID_10702,Database Dump,Bank transaction logs,Corporate network
EVID_10703,Cloud Storage,Deleted files recovery,Internal audit
EVID_10704,Email Logs,Unauthorized access logs,Corporate network
EVID_10705,Laptop Image,External USB,Law enforcement
EVID_10706,Email Logs,Suspect laptop,Corporate network
EVID_10707,Laptop Image,Deleted files recovery,Internal audit
EVID_10708,Database Dump,Encrypted smartphone,Law enforcement
EVID_10709,Email Logs,Encrypted smartphone,Financial institution
EVID_10710,Account Records,Encrypted smartphone,Cloud provider
EVID_10711,USB Device,Bank transaction logs,Internal audit
EVID_10712,Mobile Phone,Financial records,IT department
EVID_10713,Network Logs,Malware traces,Office search
EVID_10714,Account Records,Financial records,Office search
EVID_10715,Email Logs,Unauthorized access logs,Personal device
EVID_10716,Cloud Storage,Bank transaction logs,Corporate network
EVID_10717,Email Logs,Financial records,Cloud provider
EVID_10718,Email Logs,External USB,Personal device
EVID_10719,Mobile Phone,Suspicious email chain,Internal audit
EVID_10720,Database Dump,Deleted files recovery,Internal audit
EVID_10721,Server Image,Forged documents,IT department
EVID_10722,USB Device,External USB,Cloud provider
EVID_10723,Hard Drive,Encrypted smartphone,Internal audit
EVID_10724,USB Device,Unauthorized access logs,Law enforcement
EVID_10725,Laptop Image,Forged documents,Office search
EVID_10726,USB Device,Suspect laptop,Law enforcement
EVID_10727,Server Image,Suspect laptop,Cloud provider
EVID_10728,Account Records,Suspect laptop,Office search
EVID_10729,Database Dump,Financial records,Office search
EVID_10730,Email Logs,Suspicious email chain,IT department
EVID_10731,Email Logs,Financial records,Internal audit
EVID_10732,Network Logs,Suspect laptop,Cloud provider
EVID_10733,Hard Drive,External USB,Internal audit
EVID_10734,Mobile Phone,Suspect laptop,Internal audit
EVID_10735,USB Device,Malware traces,Internal audit
EVID_10736,Database Dump,Deleted files recovery,Office search
EVID_10737,Laptop Image,Bank transaction logs,IT department
EVID_10738,Server Image,Malware traces,IT department
EVID_10739,Email Logs,Forged documents,IT department
EVID_10740,Laptop Image,Bank transaction logs,Law enforcement
EVID_10741,Hard Drive,Suspicious email chain,Corporate network
EVID_10742,Network Logs,Deleted files recovery,Corporate network
EVID_10743,USB Device,Bank transaction logs,Cloud provider
EVID_10744,Hard Drive,Encrypted smartphone,IT department
EVID_10745,Email Logs,Suspect laptop,IT department
EVID_10746,Server Image,External USB,Personal device
EVID_10747,Network Logs,Deleted files recovery,Cloud provider
EVID_10748,USB Device,Suspect laptop,Corporate network
EVID_10749,USB Device,Deleted files recovery,Personal device
EVID_10750,Network Logs,Encrypted smartphone,Corporate network
EVID_10751,Laptop Image,Encrypted smartphone,Corporate network
EVID_10752,Account Records,Suspect laptop,Corporate network
EVID_10753,Server Image,Bank transaction logs,Law enforcement
EVID_10754,Email Logs,Suspect laptop,Office search
EVID_10755,Mobile Phone,Suspicious email chain,IT department
EVID_10756,Email Logs,Suspect laptop,Financial institution
EVID_10757,Email Logs,Financial records,Personal device
EVID_10758,Laptop Image,Financial records,Law enforcement
EVID_10759,Account Records,Bank transaction logs,Office search
EVID_10760,Account Records,Suspect laptop,Corporate network
EVID_10761,Cloud Storage,Suspect laptop,IT department
EVID_10762,Database Dump,Bank transaction logs,Law enforcement
EVID_10763,Hard Drive,Suspicious email chain,Law enforcement
EVID_10764,Mobile Phone,External USB,Personal device
EVID_10765,Cloud Storage,Financial records,Personal device
EVID_10766,Mobile Phone,Deleted files recovery,Cloud provider
EVID_10767,Server Image,Suspect laptop,IT department
EVID_10768,Server Image,Malware traces,Financial institution
EVID_10769,Database Dump,Deleted files recovery,Internal audit
EVID_10770,USB Device,Malware traces,Law enforcement
EVID_10771,Network Logs,Deleted files recovery,IT department
EVID_10772,Cloud Storage,Unauthorized access logs,Financial institution
EVID_10773,Database Dump,External USB,Internal audit
EVID_10774,USB Device,Malware traces,Cloud provider
EVID_10775,Cloud Storage,Forged documents,Law enforcement
EVID_10776,USB Device,Unauthorized access logs,Internal audit
EVID_10777,Network Logs,Deleted files recovery,IT department
EVID_10778,USB Device,Forged documents,Cloud provider
EVID_10779,Hard Drive,Forged documents,Office search
EVID_10780,Account Records,Bank transaction logs,Personal device
EVID_10781,Network Logs,Suspicious email chain,Internal audit
EVID_10782,Database Dump,Suspicious email chain,Financial institution
EVID_10783,Server Image,Encrypted smartphone,Personal device
EVID_10784,Cloud Storage,Unauthorized access logs,Personal device
EVID_10785,USB Device,Unauthorized access logs,Internal audit
EVID_10786,Email Logs,Deleted files recovery,Personal device
EVID_10787,Mobile Phone,Malware traces,IT department
EVID_10788,Laptop Image,Unauthorized access logs,Office search
EVID_10789,Mobile Phone,Suspicious email chain,Office search
EVID_10790,Cloud Storage,Suspicious email chain,Corporate network
EVID_10791,Network Logs,Forged documents,Financial institution
EVID_10792,Database Dump,Malware traces,IT department
EVID_10793,Network Logs,Suspicious email chain,IT department
EVID_10794,Cloud Storage,Unauthorized access logs,Internal audit
EVID_10795,Email Logs,Deleted files recovery,Office search
EVID_10796,USB Device,Bank transaction logs,IT department
EVID_10797,Network Logs,Bank transaction logs,Personal device
EVID_10798,Account Records,Suspicious email chain,Financial institution
EVID_10799,Network Logs,Forged documents,Cloud provider
EVID_10800,Network Logs,Financial records,Cloud provider
EVID_10801,USB Device,External USB,Internal audit
EVID_10802,Hard Drive,Malware traces,Financial institution
EVID_10803,Mobile Phone,Suspicious email chain,Financial institution
EVID_10804,Server Image,Encrypted smartphone,Financial institution
EVID_10805,Server Image,External USB,Internal audit
EVID_10806,USB Device,Unauthorized access logs,Cloud provider
EVID_10807,Hard Drive,External USB,Internal audit
EVID_10808,Account Records,Deleted files recovery,Corporate network
EVID_10809,Network Logs,Financial records,Personal device
EVID_10810,Email Logs,Bank transaction logs,Cloud provider
EVID_10811,Cloud Storage,Bank transaction logs,Law enforcement
EVID_10812,USB Device,Encrypted smartphone,Financial institution
EVID_10813,Email Logs,Forged documents,Office search
EVID_10814,Server Image,Encrypted smartphone,Law enforcement
EVID_10815,Mobile Phone,Suspicious email chain,IT department
EVID_10816,Network Logs,Suspicious email chain,Corporate network
EVID_10817,Server Image,Suspicious email chain,Personal device
EVID_10818,Hard Drive,External USB,Internal audit
EVID_10819,Hard Drive,Suspicious email chain,Internal audit
EVID_10820,Account Records,Deleted files recovery,Law enforcement
EVID_10821,Laptop Image,Suspect laptop,Corporate network
EVID_10822,Hard Drive,Unauthorized access logs,Corporate network
EVID_10823,Account Records,Suspect laptop,Personal device
EVID_10824,Cloud Storage,Financial records,Internal audit
EVID_10825,Network Logs,External USB,Internal audit
EVID_10826,Cloud Storage,Financial records,Internal audit
EVID_10827,Network Logs,External USB,Corporate network
EVID_10828,Laptop Image,Forged documents,Law enforcement
EVID_10829,Email Logs,Unauthorized access logs,Office search
EVID_10830,Cloud Storage,Unauthorized access logs,Law enforcement
EVID_10831,Server Image,Forged documents,Cloud provider
EVID_10832,Network Logs,Suspicious email chain,Law enforcement
EVID_10833,Cloud Storage,Unauthorized access logs,Financial institution
EVID_10834,Laptop Image,Bank transaction logs,Corporate network
EVID_10835,Server Image,Forged documents,Cloud provider
EVID_10836,Email Logs,Financial records,Personal device
EVID_10837,Database Dump,Encrypted smartphone,IT department
EVID_10838,Database Dump,Unauthorized access logs,Cloud provider
EVID_10839,Server Image,Unauthorized access logs,IT department
EVID_10840,Hard Drive,Malware traces,Internal audit
EVID_10841,Hard Drive,Financial records,Financial institution
EVID_10842,Mobile Phone,Bank transaction logs,Financial institution
EVID_10843,Mobile Phone,Forged documents,Personal device
EVID_10844,Hard Drive,External USB,Law enforcement
EVID_10845,Server Image,Bank transaction logs,Office search
EVID_10846,Server Image,Unauthorized access logs,IT department
EVID_10847,Database Dump,Suspect laptop,Personal device
EVID_10848,Network Logs,Forged documents,Cloud provider
EVID_10849,Server Image,Bank transaction logs,Financial institution
EVID_10850,Database Dump,Financial records,Office search
EVID_10851,Network Logs,Deleted files recovery,Office search
EVID_10852,Mobile Phone,Deleted files recovery,Financial institution
EVID_10853,Cloud Storage,Bank transaction logs,Office search
EVID_10854,Server Image,Financial records,Corporate network
EVID_10855,USB Device,External USB,Financial institution
EVID_10856,Database Dump,Financial records,Office search
EVID_10857,Email Logs,Encrypted smartphone,Financial institution
EVID_10858,Network Logs,External USB,Cloud provider
EVID_10859,Hard Drive,Unauthorized access logs,Cloud provider
EVID_10860,Email Logs,External USB,Internal audit
EVID_10861,Database Dump,Suspicious email chain,Cloud provider
EVID_10862,USB Device,External USB,Cloud provider
EVID_10863,Network Logs,Bank transaction logs,Law enforcement
EVID_10864,Account Records,Financial records,Financial institution
EVID_10865,Server Image,Bank transaction logs,Corporate network
EVID_10866,USB Device,Suspect laptop,Cloud provider
EVID_10867,Mobile Phone,Suspicious email chain,Internal audit
EVID_10868,Account Records,Unauthorized access logs,Office search
EVID_10869,Account Records,Unauthorized access logs,Law enforcement
EVID_10870,Network Logs,Suspect laptop,IT department
EVID_10871,Account Records,Suspicious email chain,Corporate network
EVID_10872,Hard Drive,Suspicious email chain,Internal audit
EVID_10873,Database Dump,Unauthorized access logs,Financial institution
EVID_10874,Cloud Storage,Suspicious email chain,Cloud provider
EVID_10875,Account Records,Unauthorized access logs,Financial institution
EVID_10876,Cloud Storage,External USB,Personal device
EVID_10877,Server Image,Unauthorized access logs,IT department
EVID_10878,Email Logs,Forged documents,Corporate network
EVID_10879,Laptop Image,Deleted files recovery,IT department
EVID_10880,Network Logs,Malware traces,IT department
EVID_10881,Server Image,Suspect laptop,Law enforcement
EVID_10882,Account Records,Deleted files recovery,IT department
EVID_10883,Hard Drive,Deleted files recovery,Law enforcement
EVID_10884,Laptop Image,Suspicious email chain,Corporate network
EVID_10885,Cloud Storage,Malware traces,Cloud provider
EVID_10886,Database Dump,Malware traces,IT department
EVID_10887,Account Records,Encrypted smartphone,Personal device
EVID_10888,Account Records,Suspect laptop,Corporate network
EVID_10889,Laptop Image,Financial records,Corporate network
EVID_10890,Email Logs,External USB,Personal device
EVID_10891,Database Dump,Unauthorized access logs,Personal device
EVID_10892,Database Dump,Financial records,Personal device
EVID_10893,Network Logs,Deleted files recovery,Law enforcement
EVID_10894,Laptop Image,External USB,Financial institution
EVID_10895,Email Logs,Suspicious email chain,Cloud provider
EVID_10896,Mobile Phone,Malware traces,Cloud provider
EVID_10897,Email Logs,Forged documents,Corporate network
EVID_10898,Hard Drive,Suspect laptop,IT department
EVID_10899,Network Logs,Encrypted smartphone,Office search
EVID_10900,Laptop Image,Financial records,Financial institution
EVID_10901,Network Logs,Malware traces,Internal audit
EVID_10902,Laptop Image,Suspect laptop,Cloud provider
EVID_10903,Mobile Phone,Financial records,Law enforcement
EVID_10904,Server Image,Unauthorized access logs,Law enforcement
EVID_10905,Mobile Phone,Bank transaction logs,Office search
EVID_10906,Account Records,Financial records,IT department
EVID_10907,Cloud Storage,Deleted files recovery,Internal audit
EVID_10908,Server Image,Financial records,Cloud provider
EVID_10909,Cloud Storage,Suspicious email chain,Office search
EVID_10910,Database Dump,External USB,Office search
EVID_10911,Network Logs,Malware traces,Personal device
EVID_10912,Email Logs,Suspicious email chain,Law enforcement
EVID_10913,Mobile Phone,Deleted files recovery,Corporate network
EVID_10914,Hard Drive,Bank transaction logs,Financial institution
EVID_10915,Cloud Storage,External USB,Internal audit
EVID_10916,Server Image,Forged documents,IT department
EVID_10917,Hard Drive,Malware traces,IT department
EVID_10918,Mobile Phone,Malware traces,Law enforcement
EVID_10919,Account Records,Encrypted smartphone,Cloud provider
EVID_10920,Account Records,Suspicious email chain,Cloud provider
EVID_10921,Database Dump,Bank transaction logs,Personal device
EVID_10922,Mobile Phone,Suspicious email chain,Corporate network
EVID_10923,Network Logs,Suspect laptop,Internal audit
EVID_10924,Database Dump,Malware traces,Cloud provider
EVID_10925,Server Image,Encrypted smartphone,IT department
EVID_10926,Cloud Storage,Encrypted smartphone,IT department
EVID_10927,Cloud Storage,Financial records,Corporate network
EVID_10928,Laptop Image,Forged documents,Corporate network
EVID_10929,Cloud Storage,Deleted files recovery,Office search
EVID_10930,USB Device,Deleted files recovery,Law enforcement
EVID_10931,Database Dump,Bank transaction logs,Personal device
EVID_10932,Network Logs,Bank transaction logs,Internal audit
EVID_10933,Hard Drive,Suspicious email chain,IT department
EVID_10934,Database Dump,Encrypted smartphone,Financial institution
EVID_10935,Server Image,Forged documents,Corporate network
EVID_10936,Hard Drive,Deleted files recovery,Cloud provider
EVID_10937,Database Dump,Financial records,Cloud provider
EVID_10938,Account Records,Malware traces,Cloud provider
EVID_10939,Database Dump,Suspect laptop,Financial institution
EVID_10940,Mobile Phone,External USB,Personal device
EVID_10941,USB Device,Encrypted smartphone,Personal device
EVID_10942,Email Logs,Bank transaction logs,Cloud provider
EVID_10943,Email Logs,Bank transaction logs,Financial institution
EVID_10944,Cloud Storage,Deleted files recovery,Corporate network
EVID_10945,Account Records,Financial records,Internal audit
EVID_10946,Laptop Image,Financial records,Corporate network
EVID_10947,Cloud Storage,Suspicious email chain,Corporate network
EVID_10948,Database Dump,External USB,Financial institution
EVID_10949,Hard Drive,Suspect laptop,Office search
EVID_10950,Hard Drive,Suspicious email chain,Corporate network
EVID_10951,Laptop Image,Suspicious email chain,Corporate network
EVID_10952,Account Records,Forged documents,Corporate network
EVID_10953,Laptop Image,External USB,Office search
EVID_10954,Network Logs,Suspicious email chain,IT department
EVID_10955,USB Device,Bank transaction logs,Internal audit
EVID_10956,USB Device,External USB,Cloud provider
EVID_10957,Network Logs,Forged documents,Corporate network
EVID_10958,Network Logs,Unauthorized access logs,Internal audit
EVID_10959,Database Dump,Deleted files recovery,Internal audit
EVID_10960,Database Dump,Bank transaction logs,Personal device
EVID_10961,Server Image,Forged documents,Cloud provider
EVID_10962,Email Logs,External USB,Internal audit
EVID_10963,Email Logs,External USB,Personal device
EVID_10964,Account Records,Encrypted smartphone,Personal device
EVID_10965,USB Device,Unauthorized access logs,Internal audit
EVID_10966,Email Logs,External USB,Corporate network
EVID_10967,Email Logs,Malware traces,Cloud provider
EVID_10968,Network Logs,Suspicious email chain,Financial institution
EVID_10969,Database Dump,Encrypted smartphone,Financial institution
EVID_10970,Server Image,Bank transaction logs,Corporate network
EVID_10971,Laptop Image,External USB,Internal audit
EVID_10972,Hard Drive,Deleted files recovery,IT department
EVID_10973,Hard Drive,Unauthorized access logs,Law enforcement
EVID_10974,Account Records,Deleted files recovery,IT department
EVID_10975,Account Records,Suspect laptop,Personal device
EVID_10976,Mobile Phone,Forged documents,IT department
EVID_10977,Laptop Image,External USB,Law enforcement
EVID_10978,Account Records,Malware traces,Financial institution
EVID_10979,Database Dump,Suspicious email chain,IT department
EVID_10980,Cloud Storage,External USB,Corporate network
EVID_10981,Email Logs,External USB,Financial institution
EVID_10982,Hard Drive,Malware traces,Corporate network
EVID_10983,Server Image,Forged documents,Internal audit
EVID_10984,Database Dump,Deleted files recovery,Financial institution
EVID_10985,Account Records,Malware traces,Financial institution
EVID_10986,Server Image,External USB,Internal audit
EVID_10987,Mobile Phone,External USB,Corporate network
EVID_10988,Server Image,Deleted files recovery,IT department
EVID_10989,Mobile Phone,Unauthorized access logs,Law enforcement
EVID_10990,Cloud Storage,Deleted files recovery,Law enforcement
EVID_10991,Laptop Image,Encrypted smartphone,IT department
EVID_10992,Mobile Phone,External USB,Internal audit
EVID_10993,Hard Drive,Bank transaction logs,IT department
EVID_10994,USB Device,Encrypted smartphone,Law enforcement
EVID_10995,Cloud Storage,Encrypted smartphone,Corporate network
EVID_10996,Laptop Image,Financial records,Cloud provider
EVID_10997,USB Device,Encrypted smartphone,Cloud provider
EVID_10998,USB Device,Suspect laptop,Personal device
EVID_10999,Laptop Image,Forged documents,Office search
EVID_11000,Server Image,Suspect laptop,Cloud provider
EVID_11001,Cloud Storage,Forged documents,Cloud provider
EVID_11002,Database Dump,Suspect laptop,Financial institution
EVID_11003,USB Device,Malware traces,Financial institution
EVID_11004,USB Device,Unauthorized access logs,Office search
EVID_11005,Cloud Storage,Deleted files recovery,Office search
EVID_11006,Account Records,Unauthorized access logs,Law enforcement
EVID_11007,Account Records,Financial records,Law enforcement
EVID_11008,USB Device,Unauthorized access logs,Financial institution
EVID_11009,Database Dump,Forged documents,Financial institution
EVID_11010,Network Logs,Suspicious email chain,Personal device
EVID_11011,USB Device,Deleted files recovery,Internal audit
EVID_11012,Laptop Image,Unauthorized access logs,IT department
EVID_11013,Mobile Phone,Suspect laptop,Corporate network
EVID_11014,Hard Drive,Encrypted smartphone,Law enforcement
EVID_11015,Mobile Phone,Malware traces,Internal audit
EVID_11016,USB Device,Financial records,Corporate network
EVID_11017,Server Image,Deleted files recovery,Law enforcement
EVID_11018,Database Dump,External USB,Office search
EVID_11019,Account Records,Suspicious email chain,Personal device
EVID_11020,Cloud Storage,Suspicious email chain,Corporate network
EVID_11021,Email Logs,Forged documents,Financial institution
EVID_11022,Laptop Image,Forged documents,Financial institution
EVID_11023,Account Records,External USB,Personal device
EVID_11024,Cloud Storage,Malware traces,Law enforcement
EVID_11025,Hard Drive,Forged documents,Corporate network
EVID_11026,Account Records,Bank transaction logs,Corporate network
EVID_11027,Network Logs,Financial records,IT department
EVID_11028,Email Logs,Forged documents,Personal device
EVID_11029,Mobile Phone,Unauthorized access logs,Cloud provider
EVID_11030,Cloud Storage,Malware traces,Cloud provider
EVID_11031,Server Image,Malware traces,Financial institution
EVID_11032,Account Records,Encrypted smartphone,IT department
EVID_11033,USB Device,Suspicious email chain,Cloud provider
EVID_11034,Email Logs,Suspicious email chain,Financial institution
EVID_11035,Mobile Phone,Suspect laptop,Financial institution
EVID_11036,Laptop Image,Suspect laptop,Corporate network
EVID_11037,Hard Drive,Bank transaction logs,Office search
EVID_11038,Hard Drive,Suspect laptop,Office search
EVID_11039,Network Logs,Suspect laptop,Financial institution
EVID_11040,Email Logs,Bank transaction logs,Corporate network
EVID_11041,Laptop Image,Encrypted smartphone,Corporate network
EVID_11042,Network Logs,Bank transaction logs,Financial institution
EVID_11043,Account Records,Unauthorized access logs,Financial institution
EVID_11044,Server Image,Bank transaction logs,Internal audit
EVID_11045,Laptop Image,Deleted files recovery,Cloud provider
EVID_11046,Laptop Image,Bank transaction logs,Cloud provider
EVID_11047,Mobile Phone,External USB,Personal device
EVID_11048,Mobile Phone,Suspicious email chain,Financial institution
EVID_11049,Database Dump,Suspect laptop,Financial institution
EVID_11050,Server Image,Suspect laptop,Internal audit
EVID_11051,Account Records,Bank transaction logs,Law enforcement
EVID_11052,Hard Drive,Financial records,Office search
EVID_11053,Laptop Image,Unauthorized access logs,Corporate network
EVID_11054,Email Logs,External USB,Law enforcement
EVID_11055,Hard Drive,Malware traces,Office search
EVID_11056,Account Records,External USB,Cloud provider
EVID_11057,Mobile Phone,Suspicious email chain,Personal device
EVID_11058,USB Device,Suspicious email chain,Internal audit
EVID_11059,Mobile Phone,Forged documents,IT department
EVID_11060,Network Logs,External USB,Law enforcement
EVID_11061,Mobile Phone,Bank transaction logs,Corporate network
EVID_11062,Cloud Storage,Forged documents,IT department
EVID_11063,Cloud Storage,Financial records,IT department
EVID_11064,Cloud Storage,External USB,Personal device
EVID_11065,Hard Drive,Bank transaction logs,Personal device
EVID_11066,USB Device,Bank transaction logs,Cloud provider
EVID_11067,Hard Drive,Suspect laptop,Office search
EVID_11068,Server Image,Suspect laptop,IT department
EVID_11069,Email Logs,Forged documents,Office search
EVID_11070,Cloud Storage,Deleted files recovery,Law enforcement
EVID_11071,Network Logs,Forged documents,Internal audit
EVID_11072,Cloud Storage,Financial records,Cloud provider
EVID_11073,Laptop Image,Encrypted smartphone,Financial institution
EVID_11074,Laptop Image,External USB,Law enforcement
EVID_11075,Laptop Image,Forged documents,Office search
EVID_11076,Database Dump,Forged documents,Law enforcement
EVID_11077,Database Dump,Financial records,IT department
EVID_11078,Mobile Phone,Deleted files recovery,Office search
EVID_11079,Database Dump,Deleted files recovery,Financial institution
EVID_11080,Server Image,Bank transaction logs,Internal audit
EVID_11081,Mobile Phone,Malware traces,Internal audit
EVID_11082,Database Dump,Deleted files recovery,IT department
EVID_11083,Database Dump,Financial records,Financial institution
EVID_11084,Network Logs,Suspicious email chain,IT department
EVID_11085,Mobile Phone,Encrypted smartphone,Personal device
EVID_11086,Mobile Phone,Deleted files recovery,Internal audit
EVID_11087,Database Dump,Financial records,Corporate network
EVID_11088,USB Device,Deleted files recovery,Office search
EVID_11089,Cloud Storage,Deleted files recovery,Financial institution
EVID_11090,Server Image,Bank transaction logs,IT department
EVID_11091,Email Logs,Suspect laptop,Corporate network
EVID_11092,Laptop Image,Unauthorized access logs,Personal device
EVID_11093,Cloud Storage,Malware traces,Law enforcement
EVID_11094,Database Dump,Unauthorized access logs,Corporate network
EVID_11095,Account Records,External USB,Financial institution
EVID_11096,Account Records,Deleted files recovery,Personal device
EVID_11097,Laptop Image,Financial records,Financial institution
EVID_11098,Email Logs,Deleted files recovery,Personal device
EVID_11099,Cloud Storage,Unauthorized access logs,Internal audit
EVID_11100,Mobile Phone,External USB,IT department
EVID_11101,Server Image,Bank transaction logs,Corporate network
EVID_11102,Account Records,Bank transaction logs,IT department
EVID_11103,Account Records,Encrypted smartphone,Personal device
EVID_11104,Cloud Storage,Deleted files recovery,Personal device
EVID_11105,Hard Drive,Suspect laptop,Internal audit
EVID_11106,Server Image,Financial records,Personal device
EVID_11107,Account Records,Malware traces,Internal audit
EVID_11108,USB Device,Bank transaction logs,Corporate network
EVID_11109,Server Image,Deleted files recovery,Internal audit
EVID_11110,Server Image,Financial records,IT department
EVID_11111,Cloud Storage,Suspect laptop,Cloud provider
EVID_11112,Email Logs,Unauthorized access logs,Cloud provider
EVID_11113,Server Image,External USB,IT department
EVID_11114,Server Image,External USB,Personal device
EVID_11115,Database Dump,Deleted files recovery,Corporate network
EVID_11116,USB Device,Bank transaction logs,Office search
EVID_11117,USB Device,Forged documents,Office search
EVID_11118,Network Logs,Unauthorized access logs,Internal audit
EVID_11119,Hard Drive,Financial records,Personal device
EVID_11120,Laptop Image,Malware traces,IT department
EVID_11121,Hard Drive,Unauthorized access logs,Financial institution
EVID_11122,Account Records,External USB,Financial institution
EVID_11123,Mobile Phone,Encrypted smartphone,Corporate network
EVID_11124,Network Logs,Bank transaction logs,Personal device
EVID_11125,Account Records,External USB,Corporate network
EVID_11126,USB Device,Suspect laptop,Personal device
EVID_11127,Email Logs,Suspicious email chain,Office search
EVID_11128,Server Image,Financial records,Law enforcement
EVID_11129,Hard Drive,Deleted files recovery,Office search
EVID_11130,Mobile Phone,Bank transaction logs,Law enforcement
EVID_11131,Network Logs,Deleted files recovery,Financial institution
EVID_11132,Server Image,Bank transaction logs,Financial institution
EVID_11133,Email Logs,Financial records,Financial institution
EVID_11134,Cloud Storage,Forged documents,Cloud provider
EVID_11135,USB Device,Forged documents,Office search
EVID_11136,Email Logs,Deleted files recovery,Financial institution
EVID_11137,USB Device,Encrypted smartphone,Cloud provider
EVID_11138,Cloud Storage,Financial records,Corporate network
EVID_11139,USB Device,Suspicious email chain,Office search
EVID_11140,USB Device,Financial records,Financial institution
EVID_11141,Hard Drive,Forged documents,Personal device
EVID_11142,Network Logs,Financial records,Cloud provider
EVID_11143,Mobile Phone,Deleted files recovery,Personal device
EVID_11144,Database Dump,Deleted files recovery,Corporate network
EVID_11145,Hard Drive,External USB,Cloud provider
EVID_11146,Cloud Storage,Suspect laptop,Internal audit
EVID_11147,Cloud Storage,Unauthorized access logs,Cloud provider
EVID_11148,Laptop Image,Encrypted smartphone,Office search
EVID_11149,Account Records,Deleted files recovery,IT department
EVID_11150,Email Logs,Unauthorized access logs,Personal device
EVID_11151,Network Logs,Suspicious email chain,Personal device
EVID_11152,Database Dump,External USB,Internal audit
EVID_11153,Database Dump,Suspicious email chain,Law enforcement
EVID_11154,Cloud Storage,External USB,Office search
EVID_11155,Database Dump,Encrypted smartphone,Office search
EVID_11156,Server Image,Unauthorized access logs,Personal device
EVID_11157,Mobile Phone,Financial records,Law enforcement
EVID_11158,Mobile Phone,Unauthorized access logs,Law enforcement
EVID_11159,Cloud Storage,Financial records,Office search
EVID_11160,Account Records,Encrypted smartphone,IT department
EVID_11161,Cloud Storage,Financial records,IT department
EVID_11162,Hard Drive,Deleted files recovery,Financial institution
EVID_11163,Cloud Storage,Forged documents,Cloud provider
EVID_11164,Account Records,Bank transaction logs,Office search
EVID_11165,Mobile Phone,Unauthorized access logs,Financial institution
EVID_11166,Email Logs,Financial records,Cloud provider
EVID_11167,Cloud Storage,Forged documents,Internal audit
EVID_11168,Email Logs,Malware traces,Corporate network
EVID_11169,Network Logs,Financial records,IT department
EVID_11170,Network Logs,Forged documents,Internal audit
EVID_11171,Server Image,Financial records,IT department
EVID_11172,Cloud Storage,Encrypted smartphone,Financial institution
EVID_11173,Database Dump,Encrypted smartphone,Law enforcement
EVID_11174,USB Device,Malware traces,IT department
EVID_11175,Mobile Phone,Suspicious email chain,Personal device
EVID_11176,Mobile Phone,Deleted files recovery,Office search
EVID_11177,Database Dump,Suspect laptop,Internal audit
EVID_11178,Cloud Storage,External USB,Personal device
EVID_11179,Network Logs,Encrypted smartphone,Internal audit
EVID_11180,Mobile Phone,Malware traces,Financial institution
EVID_11181,Server Image,Forged documents,Corporate network
EVID_11182,Account Records,Encrypted smartphone,Internal audit
EVID_11183,Account Records,External USB,IT department
EVID_11184,Email Logs,Malware traces,Law enforcement
EVID_11185,Hard Drive,Bank transaction logs,Law enforcement
EVID_11186,Network Logs,Unauthorized access logs,Office search
EVID_11187,Laptop Image,Deleted files recovery,Financial institution
EVID_11188,Account Records,Suspicious email chain,Internal audit
EVID_11189,Cloud Storage,Malware traces,Financial institution
EVID_11190,Laptop Image,Suspicious email chain,Personal device
EVID_11191,Cloud Storage,Suspect laptop,Office search
EVID_11192,Cloud Storage,Malware traces,Personal device
EVID_11193,Hard Drive,Encrypted smartphone,Financial institution
EVID_11194,Laptop Image,Deleted files recovery,Financial institution
EVID_11195,Server Image,Malware traces,Personal device
EVID_11196,Email Logs,Deleted files recovery,Cloud provider
EVID_11197,Email Logs,Unauthorized access logs,Office search
EVID_11198,Network Logs,Financial records,IT department
EVID_11199,Server Image,Deleted files recovery,IT department
EVID_11200,Laptop Image,External USB,Cloud provider
EVID_11201,Database Dump,Suspect laptop,Financial institution
EVID_11202,Cloud Storage,Encrypted smartphone,IT department
EVID_11203,Laptop Image,Unauthorized access logs,Cloud provider
EVID_11204,Account Records,Financial records,Corporate network
EVID_11205,USB Device,Encrypted smartphone,Cloud provider
EVID_11206,Network Logs,Deleted files recovery,Corporate network
EVID_11207,Account Records,Forged documents,Cloud provider
EVID_11208,Network Logs,Forged documents,Corporate network
EVID_11209,Server Image,External USB,Financial institution
EVID_11210,Cloud Storage,Suspect laptop,Personal device
EVID_11211,Account Records,External USB,Personal device
EVID_11212,Hard Drive,External USB,Personal device
EVID_11213,USB Device,External USB,Cloud provider
EVID_11214,Database Dump,Suspicious email chain,Personal device
EVID_11215,Mobile Phone,Financial records,Corporate network
EVID_11216,Database Dump,Suspicious email chain,Office search
EVID_11217,Network Logs,Suspect laptop,Law enforcement
EVID_11218,USB Device,Financial records,Corporate network
EVID_11219,Laptop Image,Bank transaction logs,IT department
EVID_11220,Hard Drive,Unauthorized access logs,Financial institution
EVID_11221,Network Logs,Financial records,Law enforcement
EVID_11222,Laptop Image,Unauthorized access logs,IT department
EVID_11223,Server Image,Bank transaction logs,Personal device
EVID_11224,Server Image,Malware traces,Personal device
EVID_11225,Network Logs,Financial records,Office search
EVID_11226,Network Logs,Unauthorized access logs,Law enforcement
EVID_11227,Laptop Image,Financial records,Internal audit
EVID_11228,Hard Drive,Malware traces,Personal device
EVID_11229,USB Device,Financial records,Cloud provider
EVID_11230,Hard Drive,Suspect laptop,IT department
EVID_11231,Mobile Phone,Suspect laptop,Internal audit
EVID_11232,Laptop Image,Financial records,Internal audit
EVID_11233,Server Image,Unauthorized access logs,IT department
EVID_11234,Account Records,Suspect laptop,IT department
EVID_11235,Hard Drive,Deleted files recovery,IT department
EVID_11236,Email Logs,Encrypted smartphone,Corporate network
EVID_11237,Hard Drive,Suspect laptop,Personal device
EVID_11238,Server Image,Bank transaction logs,Internal audit
EVID_11239,Database Dump,Suspicious email chain,Law enforcement
EVID_11240,Mobile Phone,Unauthorized access logs,Internal audit
EVID_11241,Hard Drive,Financial records,Personal device
EVID_11242,USB Device,Malware traces,Office search
EVID_11243,Database Dump,Malware traces,Internal audit
EVID_11244,Email Logs,Forged documents,Office search
EVID_11245,Account Records,Encrypted smartphone,Personal device
EVID_11246,Hard Drive,Unauthorized access logs,Personal device
EVID_11247,Server Image,Bank transaction logs,Personal device
EVID_11248,Laptop Image,Malware traces,Financial institution
EVID_11249,Email Logs,Unauthorized access logs,Law enforcement
EVID_11250,USB Device,Financial records,Law enforcement
EVID_11251,Email Logs,Suspicious email chain,Law enforcement
EVID_11252,Cloud Storage,Suspect laptop,Internal audit
EVID_11253,Server Image,Unauthorized access logs,IT department
EVID_11254,Mobile Phone,Financial records,Corporate network
EVID_11255,Account Records,Forged documents,IT department
EVID_11256,Hard Drive,Encrypted smartphone,Financial institution
EVID_11257,Account Records,Deleted files recovery,Law enforcement
EVID_11258,Account Records,Forged documents,Office search
EVID_11259,Database Dump,External USB,Internal audit
EVID_11260,Mobile Phone,Suspicious email chain,Office search
EVID_11261,Cloud Storage,Malware traces,Internal audit
EVID_11262,Network Logs,Unauthorized access logs,Office search
EVID_11263,Account Records,Forged documents,Law enforcement
EVID_11264,Hard Drive,Financial records,Internal audit
EVID_11265,USB Device,External USB,Cloud provider
EVID_11266,Network Logs,Suspicious email chain,Cloud provider
EVID_11267,USB Device,Bank transaction logs,Corporate network
EVID_11268,Account Records,Financial records,Cloud provider
EVID_11269,Cloud Storage,Encrypted smartphone,Personal device
EVID_11270,Cloud Storage,Encrypted smartphone,Internal audit
EVID_11271,Cloud Storage,Forged documents,Corporate network
EVID_11272,Hard Drive,Suspect laptop,IT department
EVID_11273,Laptop Image,Unauthorized access logs,IT department
EVID_11274,Account Records,External USB,Personal device
EVID_11275,Account Records,External USB,Personal device
EVID_11276,Account Records,Bank transaction logs,Law enforcement
EVID_11277,Server Image,External USB,Office search
EVID_11278,USB Device,Unauthorized access logs,IT department
EVID_11279,Laptop Image,Bank transaction logs,IT department
EVID_11280,Laptop Image,Malware traces,Cloud provider
EVID_11281,Account Records,Suspect laptop,Financial institution
EVID_11282,Cloud Storage,External USB,Financial institution
EVID_11283,Hard Drive,Forged documents,IT department
EVID_11284,Network Logs,Bank transaction logs,Law enforcement
EVID_11285,Database Dump,Financial records,Office search
EVID_11286,Hard Drive,Encrypted smartphone,Law enforcement
EVID_11287,Hard Drive,Malware traces,Corporate network
EVID_11288,Account Records,Forged documents,Corporate network
EVID_11289,Database Dump,Malware traces,Office search
EVID_11290,Mobile Phone,Suspicious email chain,Office search
EVID_11291,Email Logs,Encrypted smartphone,Corporate network
EVID_11292,Hard Drive,Suspect laptop,Office search
EVID_11293,Laptop Image,Bank transaction logs,Cloud provider
EVID_11294,Laptop Image,Unauthorized access logs,Corporate network
EVID_11295,USB Device,Encrypted smartphone,Internal audit
EVID_11296,Cloud Storage,Bank transaction logs,Financial institution
EVID_11297,Cloud Storage,Forged documents,Corporate network
EVID_11298,Network Logs,External USB,Internal audit
EVID_11299,Cloud Storage,Malware traces,Cloud provider
EVID_11300,Database Dump,Forged documents,IT department
EVID_11301,Cloud Storage,Suspect laptop,Financial institution
EVID_11302,Cloud Storage,Suspicious email chain,Office search
EVID_11303,Email Logs,Unauthorized access logs,IT department
EVID_11304,USB Device,Unauthorized access logs,Corporate network
EVID_11305,Cloud Storage,Financial records,Financial institution
EVID_11306,USB Device,Unauthorized access logs,IT department
EVID_11307,Account Records,Financial records,Office search
EVID_11308,Cloud Storage,Deleted files recovery,Financial institution
EVID_11309,Cloud Storage,Malware traces,Office search
EVID_11310,Laptop Image,Suspicious email chain,Cloud provider
EVID_11311,Mobile Phone,Bank transaction logs,Cloud provider
EVID_11312,Hard Drive,Financial records,Corporate network
EVID_11313,Account Records,Suspicious email chain,Corporate network
EVID_11314,Cloud Storage,Deleted files recovery,Corporate network
EVID_11315,Laptop Image,Deleted files recovery,Office search
EVID_11316,Server Image,Encrypted smartphone,Corporate network
EVID_11317,Network Logs,External USB,Financial institution
EVID_11318,Email Logs,Bank transaction logs,Cloud provider
EVID_11319,Hard Drive,Unauthorized access logs,Internal audit
EVID_11320,Server Image,Suspect laptop,Corporate network
EVID_11321,USB Device,Financial records,Law enforcement
EVID_11322,Server Image,Forged documents,IT department
EVID_11323,Email Logs,Financial records,Law enforcement
EVID_11324,Email Logs,External USB,Corporate network
EVID_11325,Database Dump,Suspicious email chain,Financial institution
EVID_11326,Server Image,Deleted files recovery,Cloud provider
EVID_11327,Hard Drive,Unauthorized access logs,Internal audit
EVID_11328,Laptop Image,Suspicious email chain,Law enforcement
EVID_11329,Server Image,Suspicious email chain,Cloud provider
EVID_11330,Cloud Storage,Bank transaction logs,IT department
EVID_11331,Network Logs,Deleted files recovery,IT department
EVID_11332,Laptop Image,Malware traces,Law enforcement
EVID_11333,USB Device,Forged documents,Office search
EVID_11334,Email Logs,Suspect laptop,Cloud provider
EVID_11335,USB Device,Unauthorized access logs,Law enforcement
EVID_11336,Email Logs,Unauthorized access logs,Personal device
EVID_11337,Network Logs,Forged documents,IT department
EVID_11338,Database Dump,External USB,Personal device
EVID_11339,Hard Drive,External USB,Personal device
EVID_11340,Network Logs,Forged documents,Law enforcement
EVID_11341,Server Image,Malware traces,Corporate network
EVID_11342,Mobile Phone,Encrypted smartphone,Law enforcement
EVID_11343,Account Records,Forged documents,Cloud provider
EVID_11344,Network Logs,Encrypted smartphone,Internal audit
EVID_11345,Email Logs,Suspect laptop,Internal audit
EVID_11346,USB Device,Encrypted smartphone,Law enforcement
EVID_11347,USB Device,Forged documents,Corporate network
EVID_11348,Database Dump,Unauthorized access logs,Financial institution
EVID_11349,Hard Drive,Deleted files recovery,Internal audit
EVID_11350,Laptop Image,External USB,Office search
EVID_11351,Email Logs,Deleted files recovery,Law enforcement
EVID_11352,Mobile Phone,External USB,IT department
EVID_11353,Network Logs,Forged documents,Internal audit
EVID_11354,Account Records,Bank transaction logs,IT department
EVID_11355,Account Records,Forged documents,Internal audit
EVID_11356,Laptop Image,Bank transaction logs,Internal audit
EVID_11357,Database Dump,Suspect laptop,Internal audit
EVID_11358,Network Logs,Bank transaction logs,Personal device
EVID_11359,Laptop Image,Forged documents,Financial institution
EVID_11360,Hard Drive,Suspect laptop,IT department
EVID_11361,Server Image,Forged documents,Internal audit
EVID_11362,Mobile Phone,Financial records,Internal audit
EVID_11363,Mobile Phone,Unauthorized access logs,Law enforcement
EVID_11364,Database Dump,Unauthorized access logs,Cloud provider
EVID_11365,Email Logs,Suspect laptop,Cloud provider
EVID_11366,Database Dump,Bank transaction logs,IT department
EVID_11367,Mobile Phone,Encrypted smartphone,Personal device
EVID_11368,USB Device,Bank transaction logs,Financial institution
EVID_11369,Server Image,Suspect laptop,Corporate network
EVID_11370,Cloud Storage,Deleted files recovery,IT department
EVID_11371,Cloud Storage,Malware traces,Internal audit
EVID_11372,Network Logs,Encrypted smartphone,Internal audit
EVID_11373,Database Dump,Suspect laptop,Office search
EVID_11374,Database Dump,Encrypted smartphone,Internal audit
EVID_11375,Database Dump,Deleted files recovery,Internal audit
EVID_11376,Laptop Image,Forged documents,Cloud provider
EVID_11377,Email Logs,Unauthorized access logs,Cloud provider
EVID_11378,Server Image,Suspect laptop,Financial institution
EVID_11379,Laptop Image,Malware traces,Cloud provider
EVID_11380,Mobile Phone,External USB,Law enforcement
EVID_11381,Email Logs,Forged documents,Corporate network
EVID_11382,Cloud Storage,Encrypted smartphone,Personal device
EVID_11383,Server Image,Financial records,IT department
EVID_11384,Laptop Image,Encrypted smartphone,IT department
EVID_11385,Email Logs,Suspicious email chain,Cloud provider
EVID_11386,Network Logs,Suspicious email chain,Corporate network
EVID_11387,Cloud Storage,Suspect laptop,Corporate network
EVID_11388,Account Records,Suspect laptop,Office search
EVID_11389,Cloud Storage,Forged documents,Law enforcement
EVID_11390,Hard Drive,Unauthorized access logs,Financial institution
EVID_11391,Network Logs,Suspicious email chain,Corporate network
EVID_11392,Server Image,Malware traces,Financial institution
EVID_11393,Cloud Storage,External USB,Internal audit
EVID_11394,Server Image,Suspicious email chain,IT department
EVID_11395,USB Device,Deleted files recovery,IT department
EVID_11396,Hard Drive,Forged documents,Personal device
EVID_11397,Database Dump,Financial records,Law enforcement
EVID_11398,Network Logs,External USB,Personal device
EVID_11399,Database Dump,Malware traces,IT department
EVID_11400,Account Records,Financial records,Internal audit
EVID_11401,Database Dump,Suspicious email chain,Law enforcement
EVID_11402,Cloud Storage,Malware traces,Office search
EVID_11403,Laptop Image,External USB,Office search
EVID_11404,Database Dump,Bank transaction logs,Corporate network
EVID_11405,Account Records,Bank transaction logs,Financial institution
EVID_11406,Database Dump,Encrypted smartphone,IT department
EVID_11407,USB Device,External USB,Financial institution
EVID_11408,Hard Drive,Malware traces,IT department
EVID_11409,Database Dump,Malware traces,Internal audit
EVID_11410,USB Device,Suspicious email chain,Personal device
EVID_11411,Laptop Image,Encrypted smartphone,Internal audit
EVID_11412,Hard Drive,Forged documents,Law enforcement
EVID_11413,Mobile Phone,Suspect laptop,IT department
EVID_11414,Hard Drive,Suspect laptop,Corporate network
EVID_11415,Laptop Image,Bank transaction logs,Financial institution
EVID_11416,Laptop Image,Malware traces,IT department
EVID_11417,Cloud Storage,Deleted files recovery,Personal device
EVID_11418,Database Dump,Deleted files recovery,Cloud provider
EVID_11419,Cloud Storage,Forged documents,IT department
EVID_11420,Email Logs,External USB,Law enforcement
EVID_11421,Database Dump,External USB,Office search
EVID_11422,Email Logs,Bank transaction logs,Corporate network
EVID_11423,Database Dump,Suspicious email chain,IT department
EVID_11424,Hard Drive,Malware traces,Personal device
EVID_11425,Server Image,Encrypted smartphone,IT department
EVID_11426,Hard Drive,Suspicious email chain,Corporate network
EVID_11427,Network Logs,Malware traces,Cloud provider
EVID_11428,USB Device,Unauthorized access logs,Cloud provider
EVID_11429,Hard Drive,Deleted files recovery,Law enforcement
EVID_11430,Cloud Storage,Bank transaction logs,Personal device
EVID_11431,Mobile Phone,Malware traces,Office search
EVID_11432,Cloud Storage,Suspect laptop,Office search
EVID_11433,Network Logs,Bank transaction logs,Office search
EVID_11434,USB Device,Suspicious email chain,Law enforcement
EVID_11435,Email Logs,Forged documents,Cloud provider
EVID_11436,Account Records,Financial records,Corporate network
EVID_11437,Email Logs,Malware traces,Law enforcement
EVID_11438,Network Logs,Unauthorized access logs,Office search
EVID_11439,USB Device,Financial records,Internal audit
EVID_11440,Account Records,External USB,Personal device
EVID_11441,USB Device,Encrypted smartphone,Personal device
EVID_11442,Hard Drive,Bank transaction logs,Internal audit
EVID_11443,Cloud Storage,External USB,Internal audit
EVID_11444,Database Dump,Suspect laptop,Corporate network
EVID_11445,Cloud Storage,Bank transaction logs,Cloud provider
EVID_11446,Network Logs,Bank transaction logs,Corporate network
EVID_11447,Hard Drive,Forged documents,Cloud provider
EVID_11448,Network Logs,Encrypted smartphone,Personal device
EVID_11449,Server Image,Suspicious email chain,Internal audit
EVID_11450,USB Device,Malware traces,Cloud provider
EVID_11451,Hard Drive,Suspect laptop,Cloud provider
EVID_11452,Cloud Storage,External USB,Financial institution
EVID_11453,Email Logs,Suspicious email chain,Cloud provider
EVID_11454,Laptop Image,Financial records,Internal audit
EVID_11455,Account Records,Malware traces,Financial institution
EVID_11456,Hard Drive,Unauthorized access logs,Cloud provider
EVID_11457,Cloud Storage,Suspicious email chain,IT department
EVID_11458,Network Logs,Financial records,Personal device
EVID_11459,Laptop Image,Financial records,Law enforcement
EVID_11460,Hard Drive,Suspect laptop,Personal device
EVID_11461,Cloud Storage,Unauthorized access logs,Law enforcement
EVID_11462,Server Image,Suspect laptop,Office search
EVID_11463,Account Records,Suspect laptop,Cloud provider
EVID_11464,Server Image,Bank transaction logs,Internal audit
EVID_11465,Laptop Image,External USB,Corporate network
EVID_11466,Email Logs,Malware traces,Office search
EVID_11467,Hard Drive,Unauthorized access logs,Financial institution
EVID_11468,Network Logs,Bank transaction logs,Financial institution
EVID_11469,USB Device,Suspicious email chain,Corporate network
EVID_11470,Database Dump,Deleted files recovery,Corporate network
EVID_11471,Hard Drive,Deleted files recovery,Cloud provider
EVID_11472,USB Device,External USB,Financial institution
EVID_11473,Database Dump,Deleted files recovery,Law enforcement
EVID_11474,Mobile Phone,Deleted files recovery,Cloud provider
EVID_11475,USB Device,Unauthorized access logs,Personal device
EVID_11476,Mobile Phone,Deleted files recovery,Office search
EVID_11477,Email Logs,Unauthorized access logs,IT department
EVID_11478,Laptop Image,Suspicious email chain,Cloud provider
EVID_11479,Email Logs,Suspicious email chain,Office search
EVID_11480,Account Records,Malware traces,Financial institution
EVID_11481,Laptop Image,Deleted files recovery,Corporate network
EVID_11482,Hard Drive,Financial records,Office search
EVID_11483,Network Logs,Bank transaction logs,Cloud provider
EVID_11484,Email Logs,External USB,Cloud provider
EVID_11485,Laptop Image,Encrypted smartphone,Cloud provider
EVID_11486,Cloud Storage,Unauthorized access logs,Internal audit
EVID_11487,Cloud Storage,External USB,Corporate network
EVID_11488,Cloud Storage,Suspect laptop,Corporate network
EVID_11489,Network Logs,Financial records,Corporate network
EVID_11490,Account Records,Financial records,Financial institution
EVID_11491,Database Dump,Suspect laptop,Internal audit
EVID_11492,USB Device,Deleted files recovery,Internal audit
EVID_11493,Server Image,Malware traces,Corporate network
EVID_11494,Database Dump,Financial records,Internal audit
EVID_11495,Account Records,Bank transaction logs,Office search
EVID_11496,Server Image,Forged documents,Office search
EVID_11497,Mobile Phone,Bank transaction logs,Internal audit
EVID_11498,Account Records,Financial records,Personal device
EVID_11499,Server Image,Unauthorized access logs,Office search
EVID_11500,Network Logs,External USB,Corporate network
EVID_11501,Account Records,Malware traces,Personal device
EVID_11502,Email Logs,External USB,Corporate network
EVID_11503,Hard Drive,Deleted files recovery,Law enforcement
EVID_11504,Laptop Image,External USB,Corporate network
EVID_11505,Database Dump,External USB,Personal device
EVID_11506,Database Dump,Encrypted smartphone,Law enforcement
EVID_11507,Cloud Storage,Suspect laptop,Financial institution
EVID_11508,Hard Drive,Malware traces,Personal device
EVID_11509,Account Records,Suspicious email chain,Financial institution
EVID_11510,Laptop Image,Financial records,Law enforcement
EVID_11511,Database Dump,Encrypted smartphone,Internal audit
EVID_11512,Network Logs,Suspect laptop,Financial institution
EVID_11513,Network Logs,Encrypted smartphone,Corporate network
EVID_11514,Network Logs,Deleted files recovery,Personal device
EVID_11515,Laptop Image,Financial records,Corporate network
EVID_11516,Hard Drive,Unauthorized access logs,Law enforcement
EVID_11517,Hard Drive,Forged documents,Internal audit
EVID_11518,Laptop Image,Malware traces,Cloud provider
EVID_11519,Server Image,Forged documents,IT department
EVID_11520,Hard Drive,Bank transaction logs,Financial institution
EVID_11521,Network Logs,Malware traces,IT department
EVID_11522,Hard Drive,Financial records,Corporate network
EVID_11523,Mobile Phone,Suspect laptop,Financial institution
EVID_11524,Laptop Image,Encrypted smartphone,IT department
EVID_11525,Database Dump,Encrypted smartphone,Internal audit
EVID_11526,USB Device,Encrypted smartphone,Personal device
EVID_11527,Hard Drive,Bank transaction logs,Internal audit
EVID_11528,Mobile Phone,Financial records,Internal audit
EVID_11529,Database Dump,Malware traces,Internal audit
EVID_11530,Network Logs,Unauthorized access logs,Personal device
EVID_11531,Server Image,Encrypted smartphone,IT department
EVID_11532,Laptop Image,Deleted files recovery,Office search
EVID_11533,Network Logs,Unauthorized access logs,Corporate network
EVID_11534,Mobile Phone,Deleted files recovery,Internal audit
EVID_11535,Server Image,Bank transaction logs,Law enforcement
EVID_11536,Network Logs,Deleted files recovery,Office search
EVID_11537,USB Device,Forged documents,Office search
EVID_11538,Mobile Phone,Financial records,Personal device
EVID_11539,Account Records,Financial records,Cloud provider
EVID_11540,Cloud Storage,Forged documents,Law enforcement
EVID_11541,USB Device,Financial records,Internal audit
EVID_11542,Laptop Image,External USB,IT department
EVID_11543,Server Image,Forged documents,Internal audit
EVID_11544,Account Records,Unauthorized access logs,Internal audit
EVID_11545,Server Image,Suspect laptop,Internal audit
EVID_11546,Mobile Phone,Deleted files recovery,Financial institution
EVID_11547,Network Logs,Unauthorized access logs,Personal device
EVID_11548,USB Device,Forged documents,Law enforcement
EVID_11549,USB Device,Financial records,Cloud provider
EVID_11550,Server Image,Deleted files recovery,Corporate network
EVID_11551,Email Logs,Suspect laptop,Office search
EVID_11552,Account Records,Deleted files recovery,Corporate network
EVID_11553,Laptop Image,Encrypted smartphone,Law enforcement
EVID_11554,USB Device,Suspicious email chain,Financial institution
EVID_11555,Account Records,Bank transaction logs,Law enforcement
EVID_11556,Server Image,Forged documents,Law enforcement
EVID_11557,Server Image,Suspect laptop,Office search
EVID_11558,Account Records,Forged documents,Personal device
EVID_11559,Laptop Image,Financial records,Financial institution
EVID_11560,USB Device,Financial records,Law enforcement
EVID_11561,Account Records,Unauthorized access logs,Office search
EVID_11562,Network Logs,Financial records,Corporate network
EVID_11563,Network Logs,Financial records,Office search
EVID_11564,Account Records,External USB,Office search
EVID_11565,Account Records,Deleted files recovery,Cloud provider
EVID_11566,USB Device,Financial records,Personal device
EVID_11567,USB Device,Encrypted smartphone,Cloud provider
EVID_11568,Server Image,Bank transaction logs,Financial institution
EVID_11569,Hard Drive,Malware traces,IT department
EVID_11570,Server Image,Malware traces,Cloud provider
EVID_11571,Mobile Phone,Bank transaction logs,Office search
EVID_11572,Account Records,Unauthorized access logs,Financial institution
EVID_11573,Laptop Image,Deleted files recovery,Corporate network
EVID_11574,Cloud Storage,Forged documents,Office search
EVID_11575,USB Device,Suspect laptop,Corporate network
EVID_11576,Server Image,Suspect laptop,Financial institution
EVID_11577,Account Records,Deleted files recovery,IT department
EVID_11578,Cloud Storage,Deleted files recovery,Internal audit
EVID_11579,Cloud Storage,Suspect laptop,Financial institution
EVID_11580,Cloud Storage,Suspect laptop,Personal device
EVID_11581,Account Records,Forged documents,Corporate network
EVID_11582,Mobile Phone,Unauthorized access logs,Internal audit
EVID_11583,Laptop Image,Unauthorized access logs,Corporate network
EVID_11584,Email Logs,Suspicious email chain,Office search
EVID_11585,Hard Drive,Bank transaction logs,Corporate network
EVID_11586,Account Records,External USB,IT department
EVID_11587,Mobile Phone,Financial records,Financial institution
EVID_11588,Server Image,Suspicious email chain,Personal device
EVID_11589,Network Logs,Financial records,Corporate network
EVID_11590,Email Logs,Financial records,Cloud provider
EVID_11591,Database Dump,Forged documents,Office search
EVID_11592,Mobile Phone,Forged documents,Financial institution
EVID_11593,Hard Drive,Bank transaction logs,Corporate network
EVID_11594,Laptop Image,Unauthorized access logs,Corporate network
EVID_11595,Server Image,Forged documents,Law enforcement
EVID_11596,Mobile Phone,Suspicious email chain,Financial institution
EVID_11597,Database Dump,Malware traces,Internal audit
EVID_11598,USB Device,Unauthorized access logs,Financial institution
EVID_11599,Hard Drive,Malware traces,Law enforcement
EVID_11600,Hard Drive,External USB,Cloud provider
EVID_11601,Laptop Image,Bank transaction logs,Office search
EVID_11602,Laptop Image,Bank transaction logs,Office search
EVID_11603,Account Records,Encrypted smartphone,Law enforcement
EVID_11604,Account Records,Malware traces,IT department
EVID_11605,Database Dump,Suspicious email chain,Cloud provider
EVID_11606,Cloud Storage,Forged documents,Internal audit
EVID_11607,Account Records,Deleted files recovery,Office search
EVID_11608,Cloud Storage,Malware traces,Law enforcement
EVID_11609,Account Records,Financial records,IT department
EVID_11610,Network Logs,Suspicious email chain,Office search
EVID_11611,Mobile Phone,Encrypted smartphone,IT department
EVID_11612,Network Logs,Financial records,Law enforcement
EVID_11613,Mobile Phone,Suspicious email chain,Cloud provider
EVID_11614,Server Image,Malware traces,Financial institution
EVID_11615,Hard Drive,External USB,Financial institution
EVID_11616,Email Logs,Forged documents,Financial institution
EVID_11617,Database Dump,Bank transaction logs,Personal device
EVID_11618,Laptop Image,Suspicious email chain,Law enforcement
EVID_11619,Hard Drive,Malware traces,Cloud provider
EVID_11620,Email Logs,Suspect laptop,Corporate network
EVID_11621,USB Device,Unauthorized access logs,Cloud provider
EVID_11622,Network Logs,Financial records,Office search
EVID_11623,Network Logs,Financial records,Law enforcement
EVID_11624,Laptop Image,Encrypted smartphone,Office search
EVID_11625,Email Logs,Suspect laptop,Internal audit
EVID_11626,Account Records,Bank transaction logs,Internal audit
EVID_11627,Hard Drive,Bank transaction logs,Law enforcement
EVID_11628,Email Logs,Unauthorized access logs,IT department
EVID_11629,Account Records,Unauthorized access logs,Financial institution
EVID_11630,Hard Drive,Financial records,Cloud provider
EVID_11631,Mobile Phone,Encrypted smartphone,Cloud provider
EVID_11632,Email Logs,Suspect laptop,Office search
EVID_11633,Network Logs,Malware traces,IT department
EVID_11634,Network Logs,Deleted files recovery,Internal audit
EVID_11635,Email Logs,Forged documents,Cloud provider
EVID_11636,Database Dump,Financial records,Law enforcement
EVID_11637,Hard Drive,Malware traces,Office search
EVID_11638,Cloud Storage,Forged documents,Financial institution
EVID_11639,Hard Drive,Suspect laptop,Law enforcement
EVID_11640,Mobile Phone,Encrypted smartphone,Internal audit
EVID_11641,Network Logs,External USB,Personal device
EVID_11642,Network Logs,Bank transaction logs,Financial institution
EVID_11643,Mobile Phone,Suspect laptop,Cloud provider
EVID_11644,Email Logs,Suspect laptop,Law enforcement
EVID_11645,USB Device,Bank transaction logs,IT department
EVID_11646,Mobile Phone,Encrypted smartphone,Corporate network
EVID_11647,Email Logs,Deleted files recovery,IT department
EVID_11648,Mobile Phone,External USB,Internal audit
EVID_11649,Database Dump,Forged documents,Corporate network
EVID_11650,Hard Drive,Bank transaction logs,Financial institution
EVID_11651,Server Image,Deleted files recovery,Cloud provider
EVID_11652,Mobile Phone,Malware traces,Office search
EVID_11653,Database Dump,Deleted files recovery,Office search
EVID_11654,Account Records,Forged documents,Office search
EVID_11655,Laptop Image,Unauthorized access logs,Office search
EVID_11656,Database Dump,Forged documents,Personal device
EVID_11657,Account Records,Suspicious email chain,Law enforcement
EVID_11658,Cloud Storage,Suspect laptop,Corporate network
EVID_11659,Network Logs,Deleted files recovery,Personal device
EVID_11660,Email Logs,External USB,Personal device
EVID_11661,Account Records,Unauthorized access logs,Personal device
EVID_11662,Mobile Phone,External USB,Cloud provider
EVID_11663,Email Logs,Suspect laptop,IT department
EVID_11664,Cloud Storage,Encrypted smartphone,Office search
EVID_11665,Hard Drive,Suspicious email chain,Personal device
EVID_11666,Server Image,External USB,Internal audit
EVID_11667,Account Records,Suspect laptop,Corporate network
EVID_11668,Account Records,Suspect laptop,Personal device
EVID_11669,Database Dump,Suspect laptop,Financial institution
EVID_11670,Account Records,Malware traces,IT department
EVID_11671,Mobile Phone,Unauthorized access logs,Law enforcement
EVID_11672,Server Image,Suspect laptop,Corporate network
EVID_11673,Account Records,Unauthorized access logs,Financial institution
EVID_11674,Hard Drive,Deleted files recovery,Office search
EVID_11675,Mobile Phone,Bank transaction logs,IT department
EVID_11676,Account Records,Encrypted smartphone,Internal audit
EVID_11677,Account Records,Encrypted smartphone,Corporate network
EVID_11678,Mobile Phone,Bank transaction logs,Law enforcement
EVID_11679,Network Logs,Malware traces,Office search
EVID_11680,Mobile Phone,Bank transaction logs,Cloud provider
EVID_11681,Email Logs,Encrypted smartphone,Corporate network
EVID_11682,Network Logs,Malware traces,Personal device
EVID_11683,Cloud Storage,Forged documents,Cloud provider
EVID_11684,Cloud Storage,Malware traces,Corporate network
EVID_11685,Laptop Image,Forged documents,Cloud provider
EVID_11686,Mobile Phone,Suspect laptop,Law enforcement
EVID_11687,Database Dump,Deleted files recovery,Financial institution
EVID_11688,Server Image,External USB,Law enforcement
EVID_11689,Account Records,Unauthorized access logs,Corporate network
EVID_11690,Laptop Image,Encrypted smartphone,Financial institution
EVID_11691,Email Logs,Deleted files recovery,Cloud provider
EVID_11692,Mobile Phone,Encrypted smartphone,Cloud provider
EVID_11693,Server Image,Bank transaction logs,Financial institution
EVID_11694,Server Image,Unauthorized access logs,Office search
EVID_11695,Mobile Phone,Forged documents,Internal audit
EVID_11696,USB Device,Suspicious email chain,Law enforcement
EVID_11697,Network Logs,Suspicious email chain,IT department
EVID_11698,Account Records,Financial records,IT department
EVID_11699,Laptop Image,Financial records,Office search
EVID_11700,Network Logs,Encrypted smartphone,Cloud provider
EVID_11701,Email Logs,Suspicious email chain,Financial institution
EVID_11702,Email Logs,Encrypted smartphone,Law enforcement
EVID_11703,Hard Drive,Suspect laptop,Cloud provider
EVID_11704,Account Records,Suspicious email chain,Financial institution
EVID_11705,Mobile Phone,External USB,Office search
EVID_11706,Email Logs,Forged documents,Corporate network
EVID_11707,Network Logs,Bank transaction logs,IT department
EVID_11708,Mobile Phone,Malware traces,Financial institution
EVID_11709,Cloud Storage,Financial records,Corporate network
EVID_11710,Account Records,Financial records,IT department
EVID_11711,Hard Drive,Malware traces,IT department
EVID_11712,Email Logs,Deleted files recovery,Office search
EVID_11713,Hard Drive,Forged documents,Financial institution
EVID_11714,USB Device,Malware traces,Financial institution
EVID_11715,Cloud Storage,External USB,Cloud provider
EVID_11716,Server Image,Unauthorized access logs,Law enforcement
EVID_11717,Laptop Image,Financial records,Internal audit
EVID_11718,Database Dump,Suspicious email chain,IT department
EVID_11719,Database Dump,Deleted files recovery,Financial institution
EVID_11720,Email Logs,Suspect laptop,Internal audit
EVID_11721,Network Logs,Unauthorized access logs,Cloud provider
EVID_11722,Email Logs,Suspect laptop,Financial institution
EVID_11723,USB Device,Unauthorized access logs,Internal audit
EVID_11724,Network Logs,Encrypted smartphone,Financial institution
EVID_11725,USB Device,Suspicious email chain,Internal audit
EVID_11726,Database Dump,Malware traces,Corporate network
EVID_11727,Email Logs,Financial records,Personal device
EVID_11728,Cloud Storage,Unauthorized access logs,Personal device
EVID_11729,Laptop Image,External USB,Personal device
EVID_11730,Account Records,Suspect laptop,Corporate network
EVID_11731,Laptop Image,Deleted files recovery,Corporate network
EVID_11732,Email Logs,Deleted files recovery,Law enforcement
EVID_11733,Mobile Phone,Unauthorized access logs,Personal device
EVID_11734,Server Image,Forged documents,Law enforcement
EVID_11735,Cloud Storage,Encrypted smartphone,Cloud provider
EVID_11736,Hard Drive,Encrypted smartphone,IT department
EVID_11737,USB Device,Deleted files recovery,Internal audit
EVID_11738,Laptop Image,Suspect laptop,Personal device
EVID_11739,Laptop Image,Encrypted smartphone,Office search
EVID_11740,Email Logs,Suspect laptop,Internal audit
EVID_11741,Email Logs,Forged documents,Law enforcement
EVID_11742,USB Device,External USB,Corporate network
EVID_11743,Cloud Storage,Encrypted smartphone,Corporate network
EVID_11744,USB Device,Bank transaction logs,Personal device
EVID_11745,Hard Drive,Deleted files recovery,Personal device
EVID_11746,Account Records,External USB,Law enforcement
EVID_11747,Email Logs,Suspect laptop,Corporate network
EVID_11748,Laptop Image,Malware traces,Financial institution
EVID_11749,Laptop Image,Suspect laptop,IT department
EVID_11750,Network Logs,External USB,Internal audit
EVID_11751,Email Logs,External USB,Cloud provider
EVID_11752,Network Logs,Encrypted smartphone,Personal device
EVID_11753,Network Logs,Suspect laptop,Financial institution
EVID_11754,Database Dump,Bank transaction logs,Personal device
EVID_11755,Hard Drive,Suspect laptop,Internal audit
EVID_11756,Cloud Storage,Encrypted smartphone,IT department
EVID_11757,Account Records,Encrypted smartphone,Office search
EVID_11758,Account Records,Suspect laptop,Internal audit
EVID_11759,Server Image,Financial records,Internal audit
EVID_11760,Hard Drive,Deleted files recovery,Cloud provider
EVID_11761,Network Logs,Bank transaction logs,Financial institution
EVID_11762,Cloud Storage,Suspect laptop,Cloud provider
EVID_11763,Hard Drive,Forged documents,Office search
EVID_11764,Account Records,Unauthorized access logs,Office search
EVID_11765,Email Logs,Suspicious email chain,Internal audit
EVID_11766,Hard Drive,Malware traces,Corporate network
EVID_11767,Laptop Image,Forged documents,IT department
EVID_11768,USB Device,Malware traces,IT department
EVID_11769,Account Records,Malware traces,IT department
EVID_11770,Email Logs,Suspect laptop,Financial institution
EVID_11771,Network Logs,Deleted files recovery,Financial institution
EVID_11772,Server Image,Financial records,Office search
EVID_11773,Server Image,Forged documents,Internal audit
EVID_11774,Server Image,Forged documents,Cloud provider
EVID_11775,USB Device,Encrypted smartphone,Corporate network
EVID_11776,Network Logs,Forged documents,IT department
EVID_11777,Account Records,Financial records,Cloud provider
EVID_11778,Account Records,Suspicious email chain,Financial institution
EVID_11779,Laptop Image,Encrypted smartphone,Law enforcement
EVID_11780,Hard Drive,External USB,Personal device
EVID_11781,Cloud Storage,Suspicious email chain,Cloud provider
EVID_11782,Mobile Phone,Deleted files recovery,Law enforcement
EVID_11783,Database Dump,Bank transaction logs,IT department
EVID_11784,USB Device,Suspect laptop,Personal device
EVID_11785,Server Image,Forged documents,Law enforcement
EVID_11786,Hard Drive,Deleted files recovery,Personal device
EVID_11787,Server Image,External USB,Cloud provider
EVID_11788,Mobile Phone,Forged documents,Financial institution
EVID_11789,Cloud Storage,Deleted files recovery,Office search
EVID_11790,Database Dump,External USB,Personal device
EVID_11791,Network Logs,Deleted files recovery,Internal audit
EVID_11792,Email Logs,Encrypted smartphone,Corporate network
EVID_11793,Database Dump,External USB,Cloud provider
EVID_11794,USB Device,Unauthorized access logs,Financial institution
EVID_11795,Email Logs,External USB,IT department
EVID_11796,Mobile Phone,Bank transaction logs,Office search
EVID_11797,Mobile Phone,Suspicious email chain,IT department
EVID_11798,Account Records,Forged documents,Personal device
EVID_11799,Server Image,Forged documents,Law enforcement
EVID_11800,Server Image,Suspect laptop,Law enforcement
EVID_11801,Laptop Image,Unauthorized access logs,Financial institution
EVID_11802,Email Logs,Encrypted smartphone,Office search
EVID_11803,Server Image,Bank transaction logs,Corporate network
EVID_11804,Mobile Phone,Bank transaction logs,Financial institution
EVID_11805,Network Logs,Deleted files recovery,Personal device
EVID_11806,Database Dump,Financial records,Office search
EVID_11807,Database Dump,Unauthorized access logs,IT department
EVID_11808,Laptop Image,Bank transaction logs,Law enforcement
EVID_11809,Cloud Storage,Unauthorized access logs,Internal audit
EVID_11810,USB Device,Suspicious email chain,Financial institution
EVID_11811,Database Dump,Financial records,Office search
EVID_11812,Network Logs,Unauthorized access logs,Internal audit
EVID_11813,Account Records,Malware traces,Corporate network
EVID_11814,Email Logs,Encrypted smartphone,IT department
EVID_11815,Account Records,Deleted files recovery,Personal device
EVID_11816,Cloud Storage,Suspicious email chain,Internal audit
EVID_11817,Server Image,Suspect laptop,Office search
EVID_11818,Email Logs,Deleted files recovery,Law enforcement
EVID_11819,Database Dump,Financial records,Internal audit
EVID_11820,Cloud Storage,Encrypted smartphone,Personal device
EVID_11821,Network Logs,Unauthorized access logs,IT department
EVID_11822,Laptop Image,Malware traces,Cloud provider
EVID_11823,Hard Drive,Malware traces,Office search
EVID_11824,Mobile Phone,External USB,Personal device
EVID_11825,Account Records,External USB,Cloud provider
EVID_11826,Laptop Image,Unauthorized access logs,Law enforcement
EVID_11827,Account Records,Deleted files recovery,Office search
EVID_11828,Email Logs,Deleted files recovery,Financial institution
EVID_11829,Database Dump,Suspect laptop,Financial institution
EVID_11830,Network Logs,Encrypted smartphone,Office search
EVID_11831,Email Logs,External USB,Law enforcement
EVID_11832,Network Logs,Unauthorized access logs,Internal audit
EVID_11833,Email Logs,Malware traces,Office search
EVID_11834,Server Image,Suspicious email chain,Corporate network
EVID_11835,Mobile Phone,Deleted files recovery,Internal audit
EVID_11836,Mobile Phone,Deleted files recovery,Cloud provider
EVID_11837,Account Records,Deleted files recovery,IT department
EVID_11838,Email Logs,Encrypted smartphone,Financial institution
EVID_11839,Mobile Phone,Bank transaction logs,Personal device
EVID_11840,Mobile Phone,Encrypted smartphone,Office search
EVID_11841,Email Logs,Suspect laptop,Internal audit
EVID_11842,Email Logs,External USB,Personal device
EVID_11843,Hard Drive,Forged documents,Internal audit
EVID_11844,Network Logs,Malware traces,Financial institution
EVID_11845,Network Logs,Suspicious email chain,Law enforcement
EVID_11846,Account Records,Unauthorized access logs,Office search
EVID_11847,USB Device,Deleted files recovery,Internal audit
EVID_11848,Hard Drive,Deleted files recovery,Office search
EVID_11849,USB Device,Unauthorized access logs,Corporate network
EVID_11850,Laptop Image,Malware traces,Internal audit
EVID_11851,Network Logs,Forged documents,Corporate network
EVID_11852,Cloud Storage,Suspicious email chain,Cloud provider
EVID_11853,Server Image,Encrypted smartphone,Financial institution
EVID_11854,USB Device,Financial records,IT department
EVID_11855,Cloud Storage,Unauthorized access logs,Office search
EVID_11856,Network Logs,External USB,IT department
EVID_11857,Email Logs,Malware traces,Office search
EVID_11858,Laptop Image,Deleted files recovery,Corporate network
EVID_11859,Email Logs,Unauthorized access logs,Cloud provider
EVID_11860,Cloud Storage,Forged documents,Internal audit
EVID_11861,Cloud Storage,Malware traces,Financial institution
EVID_11862,Hard Drive,Encrypted smartphone,Financial institution
EVID_11863,Email Logs,Bank transaction logs,Office search
EVID_11864,Cloud Storage,Forged documents,Personal device
EVID_11865,Email Logs,Bank transaction logs,Financial institution
EVID_11866,Laptop Image,Suspicious email chain,IT department
EVID_11867,Email Logs,Financial records,Office search
EVID_11868,Laptop Image,Suspect laptop,Corporate network
EVID_11869,Database Dump,Unauthorized access logs,Cloud provider
EVID_11870,Mobile Phone,Deleted files recovery,Cloud provider
EVID_11871,Server Image,Malware traces,Cloud provider
EVID_11872,Cloud Storage,Unauthorized access logs,Personal device
EVID_11873,Database Dump,Malware traces,Office search
EVID_11874,Email Logs,Encrypted smartphone,Personal device
EVID_11875,Cloud Storage,Malware traces,Law enforcement
EVID_11876,USB Device,External USB,Internal audit
EVID_11877,Database Dump,Deleted files recovery,Cloud provider
EVID_11878,Laptop Image,Encrypted smartphone,Personal device
EVID_11879,Laptop Image,Deleted files recovery,Office search
EVID_11880,Database Dump,Suspect laptop,IT department
EVID_11881,Server Image,Bank transaction logs,Financial institution
EVID_11882,Email Logs,Suspect laptop,Financial institution
EVID_11883,USB Device,Unauthorized access logs,Cloud provider
EVID_11884,USB Device,Deleted files recovery,Law enforcement
EVID_11885,Cloud Storage,Deleted files recovery,Internal audit
EVID_11886,Hard Drive,External USB,Cloud provider
EVID_11887,Mobile Phone,Unauthorized access logs,Law enforcement
EVID_11888,USB Device,Suspicious email chain,Corporate network
EVID_11889,Cloud Storage,Forged documents,IT department
EVID_11890,Hard Drive,Bank transaction logs,Office search
EVID_11891,USB Device,Financial records,Law enforcement
EVID_11892,Hard Drive,Unauthorized access logs,Personal device
EVID_11893,Cloud Storage,Financial records,Financial institution
EVID_11894,USB Device,External USB,Cloud provider
EVID_11895,Mobile Phone,Bank transaction logs,Financial institution
EVID_11896,Cloud Storage,Suspicious email chain,Personal device
EVID_11897,Network Logs,Malware traces,Financial institution
EVID_11898,Server Image,Suspect laptop,Office search
EVID_11899,Database Dump,Unauthorized access logs,Internal audit
EVID_11900,Mobile Phone,Malware traces,IT department
EVID_11901,Server Image,Unauthorized access logs,Cloud provider
EVID_11902,Database Dump,Unauthorized access logs,IT department
EVID_11903,USB Device,Bank transaction logs,Internal audit
EVID_11904,Server Image,Malware traces,Personal device
EVID_11905,Hard Drive,Unauthorized access logs,IT department
EVID_11906,Server Image,Forged documents,Law enforcement
EVID_11907,Account Records,Bank transaction logs,Office search
EVID_11908,Laptop Image,Suspicious email chain,IT department
EVID_11909,Cloud Storage,Financial records,Law enforcement
EVID_11910,Laptop Image,Suspicious email chain,Corporate network
EVID_11911,Email Logs,Suspicious email chain,Cloud provider
EVID_11912,Cloud Storage,Financial records,Internal audit
EVID_11913,Network Logs,Encrypted smartphone,IT department
EVID_11914,Mobile Phone,Bank transaction logs,IT department
EVID_11915,Laptop Image,External USB,Office search
EVID_11916,Hard Drive,Malware traces,Personal device
EVID_11917,USB Device,Encrypted smartphone,Internal audit
EVID_11918,Email Logs,Suspect laptop,Cloud provider
EVID_11919,Mobile Phone,External USB,Financial institution
EVID_11920,Laptop Image,External USB,Office search
EVID_11921,Email Logs,Deleted files recovery,Personal device
EVID_11922,Hard Drive,Financial records,Corporate network
EVID_11923,Cloud Storage,Deleted files recovery,Internal audit
EVID_11924,Server Image,Malware traces,IT department
EVID_11925,Mobile Phone,External USB,Personal device
EVID_11926,Cloud Storage,Malware traces,Financial institution
EVID_11927,Server Image,Forged documents,Personal device
EVID_11928,Server Image,Financial records,Corporate network
EVID_11929,Laptop Image,Suspicious email chain,Financial institution
EVID_11930,Server Image,Bank transaction logs,IT department
EVID_11931,Account Records,Suspect laptop,Personal device
EVID_11932,USB Device,Bank transaction logs,Office search
EVID_11933,Account Records,Forged documents,Cloud provider
EVID_11934,USB Device,Suspicious email chain,Internal audit
EVID_11935,Mobile Phone,Bank transaction logs,Cloud provider
EVID_11936,Hard Drive,Deleted files recovery,Office search
EVID_11937,Hard Drive,External USB,Internal audit
EVID_11938,Mobile Phone,Financial records,Personal device
EVID_11939,Database Dump,Malware traces,Cloud provider
EVID_11940,Mobile Phone,Suspicious email chain,Financial institution
EVID_11941,Cloud Storage,Financial records,Office search
EVID_11942,Mobile Phone,Deleted files recovery,Office search
EVID_11943,Hard Drive,Bank transaction logs,Personal device
EVID_11944,Account Records,Suspicious email chain,Law enforcement
EVID_11945,Database Dump,External USB,IT department
EVID_11946,Server Image,Unauthorized access logs,Internal audit
EVID_11947,Cloud Storage,Forged documents,IT department
EVID_11948,Cloud Storage,Bank transaction logs,IT department
EVID_11949,Cloud Storage,Encrypted smartphone,Law enforcement
EVID_11950,Hard Drive,Suspicious email chain,Law enforcement
EVID_11951,Mobile Phone,Unauthorized access logs,Office search
EVID_11952,Hard Drive,Malware traces,Financial institution
EVID_11953,Database Dump,Financial records,Corporate network
EVID_11954,Database Dump,Forged documents,Office search
EVID_11955,Laptop Image,Forged documents,Office search
EVID_11956,Mobile Phone,Deleted files recovery,Personal device
EVID_11957,Database Dump,Suspicious email chain,Personal device
EVID_11958,Hard Drive,Bank transaction logs,Financial institution
EVID_11959,Network Logs,Unauthorized access logs,Cloud provider
EVID_11960,Mobile Phone,Deleted files recovery,Financial institution
EVID_11961,Database Dump,Bank transaction logs,Financial institution
EVID_11962,USB Device,Malware traces,Law enforcement
EVID_11963,Cloud Storage,Bank transaction logs,Cloud provider
EVID_11964,Email Logs,Bank transaction logs,Personal device
EVID_11965,Cloud Storage,Suspect laptop,Cloud provider
EVID_11966,Hard Drive,Bank transaction logs,Law enforcement
EVID_11967,Account Records,Forged documents,Law enforcement
EVID_11968,USB Device,External USB,IT department
EVID_11969,Laptop Image,Malware traces,IT department
EVID_11970,Mobile Phone,Encrypted smartphone,Personal device
EVID_11971,Email Logs,Bank transaction logs,IT department
EVID_11972,Hard Drive,Deleted files recovery,Corporate network
EVID_11973,Network Logs,Malware traces,Office search
EVID_11974,USB Device,Encrypted smartphone,Office search
EVID_11975,Hard Drive,Financial records,Cloud provider
EVID_11976,USB Device,Financial records,Financial institution
EVID_11977,Laptop Image,Deleted files recovery,Personal device
EVID_11978,Email Logs,Malware traces,Office search
EVID_11979,Database Dump,Suspect laptop,IT department
EVID_11980,Network Logs,Suspect laptop,Financial institution
EVID_11981,Hard Drive,Forged documents,Office search
EVID_11982,Hard Drive,Suspect laptop,Law enforcement
EVID_11983,Laptop Image,Malware traces,Internal audit
EVID_11984,Hard Drive,Suspicious email chain,Corporate network
EVID_11985,Database Dump,Bank transaction logs,Personal device
EVID_11986,Email Logs,Forged documents,Personal device
EVID_11987,Database Dump,Forged documents,Cloud provider
EVID_11988,Database Dump,Financial records,Law enforcement
EVID_11989,Laptop Image,Malware traces,Office search
EVID_11990,Server Image,Deleted files recovery,Office search
EVID_11991,Network Logs,Financial records,Corporate network
EVID_11992,Database Dump,Malware traces,Corporate network
EVID_11993,USB Device,Suspicious email chain,Financial institution
EVID_11994,Hard Drive,Financial records,Cloud provider
EVID_11995,Server Image,External USB,Cloud provider
EVID_11996,Server Image,Forged documents,Law enforcement
EVID_11997,Mobile Phone,Unauthorized access logs,Cloud provider
EVID_11998,Cloud Storage,Suspect laptop,Internal audit
EVID_11999,Database Dump,Forged documents,Office search
EVID_12000,Mobile Phone,Deleted files recovery,Office search
